时间s,最坏视线距离m,是否被遮
5.100,22.7658,0
5.101,22.7615,0
5.102,22.7572,0
5.103,22.7530,0
5.104,22.7487,0
5.105,22.7444,0
5.106,22.7401,0
5.107,22.7358,0
5.108,22.7316,0
5.109,22.7273,0
5.110,22.7230,0
5.111,22.7187,0
5.112,22.7144,0
5.113,22.7102,0
5.114,22.7059,0
5.115,22.7016,0
5.116,22.6973,0
5.117,22.6930,0
5.118,22.6888,0
5.119,22.6845,0
5.120,22.6802,0
5.121,22.6759,0
5.122,22.6716,0
5.123,22.6674,0
5.124,22.6631,0
5.125,22.6588,0
5.126,22.6545,0
5.127,22.6502,0
5.128,22.6460,0
5.129,22.6417,0
5.130,22.6374,0
5.131,22.6331,0
5.132,22.6288,0
5.133,22.6246,0
5.134,22.6203,0
5.135,22.6160,0
5.136,22.6117,0
5.137,22.6074,0
5.138,22.6032,0
5.139,22.5989,0
5.140,22.5946,0
5.141,22.5903,0
5.142,22.5860,0
5.143,22.5818,0
5.144,22.5775,0
5.145,22.5732,0
5.146,22.5689,0
5.147,22.5646,0
5.148,22.5604,0
5.149,22.5561,0
5.150,22.5518,0
5.151,22.5475,0
5.152,22.5432,0
5.153,22.5389,0
5.154,22.5347,0
5.155,22.5304,0
5.156,22.5261,0
5.157,22.5218,0
5.158,22.5175,0
5.159,22.5133,0
5.160,22.5090,0
5.161,22.5047,0
5.162,22.5004,0
5.163,22.4961,0
5.164,22.4918,0
5.165,22.4876,0
5.166,22.4833,0
5.167,22.4790,0
5.168,22.4747,0
5.169,22.4704,0
5.170,22.4661,0
5.171,22.4619,0
5.172,22.4576,0
5.173,22.4533,0
5.174,22.4490,0
5.175,22.4447,0
5.176,22.4405,0
5.177,22.4362,0
5.178,22.4319,0
5.179,22.4276,0
5.180,22.4233,0
5.181,22.4190,0
5.182,22.4148,0
5.183,22.4105,0
5.184,22.4062,0
5.185,22.4019,0
5.186,22.3976,0
5.187,22.3933,0
5.188,22.3891,0
5.189,22.3848,0
5.190,22.3805,0
5.191,22.3762,0
5.192,22.3719,0
5.193,22.3676,0
5.194,22.3634,0
5.195,22.3591,0
5.196,22.3548,0
5.197,22.3505,0
5.198,22.3462,0
5.199,22.3419,0
5.200,22.3377,0
5.201,22.3334,0
5.202,22.3291,0
5.203,22.3248,0
5.204,22.3205,0
5.205,22.3162,0
5.206,22.3119,0
5.207,22.3077,0
5.208,22.3034,0
5.209,22.2991,0
5.210,22.2948,0
5.211,22.2905,0
5.212,22.2862,0
5.213,22.2820,0
5.214,22.2777,0
5.215,22.2734,0
5.216,22.2691,0
5.217,22.2648,0
5.218,22.2605,0
5.219,22.2562,0
5.220,22.2520,0
5.221,22.2477,0
5.222,22.2434,0
5.223,22.2391,0
5.224,22.2348,0
5.225,22.2305,0
5.226,22.2263,0
5.227,22.2220,0
5.228,22.2177,0
5.229,22.2134,0
5.230,22.2091,0
5.231,22.2048,0
5.232,22.2005,0
5.233,22.1963,0
5.234,22.1920,0
5.235,22.1877,0
5.236,22.1834,0
5.237,22.1791,0
5.238,22.1748,0
5.239,22.1705,0
5.240,22.1663,0
5.241,22.1620,0
5.242,22.1577,0
5.243,22.1534,0
5.244,22.1491,0
5.245,22.1448,0
5.246,22.1405,0
5.247,22.1363,0
5.248,22.1320,0
5.249,22.1277,0
5.250,22.1234,0
5.251,22.1191,0
5.252,22.1148,0
5.253,22.1105,0
5.254,22.1062,0
5.255,22.1020,0
5.256,22.0977,0
5.257,22.0934,0
5.258,22.0891,0
5.259,22.0848,0
5.260,22.0805,0
5.261,22.0762,0
5.262,22.0719,0
5.263,22.0677,0
5.264,22.0634,0
5.265,22.0591,0
5.266,22.0548,0
5.267,22.0505,0
5.268,22.0462,0
5.269,22.0419,0
5.270,22.0377,0
5.271,22.0334,0
5.272,22.0291,0
5.273,22.0248,0
5.274,22.0205,0
5.275,22.0162,0
5.276,22.0119,0
5.277,22.0076,0
5.278,22.0033,0
5.279,21.9991,0
5.280,21.9948,0
5.281,21.9905,0
5.282,21.9862,0
5.283,21.9819,0
5.284,21.9776,0
5.285,21.9733,0
5.286,21.9690,0
5.287,21.9648,0
5.288,21.9605,0
5.289,21.9562,0
5.290,21.9519,0
5.291,21.9476,0
5.292,21.9433,0
5.293,21.9390,0
5.294,21.9347,0
5.295,21.9304,0
5.296,21.9262,0
5.297,21.9219,0
5.298,21.9176,0
5.299,21.9133,0
5.300,21.9090,0
5.301,21.9047,0
5.302,21.9004,0
5.303,21.8961,0
5.304,21.8918,0
5.305,21.8876,0
5.306,21.8833,0
5.307,21.8790,0
5.308,21.8747,0
5.309,21.8704,0
5.310,21.8661,0
5.311,21.8618,0
5.312,21.8575,0
5.313,21.8532,0
5.314,21.8490,0
5.315,21.8447,0
5.316,21.8404,0
5.317,21.8361,0
5.318,21.8318,0
5.319,21.8275,0
5.320,21.8232,0
5.321,21.8189,0
5.322,21.8146,0
5.323,21.8103,0
5.324,21.8061,0
5.325,21.8018,0
5.326,21.7975,0
5.327,21.7932,0
5.328,21.7889,0
5.329,21.7846,0
5.330,21.7803,0
5.331,21.7760,0
5.332,21.7717,0
5.333,21.7674,0
5.334,21.7631,0
5.335,21.7589,0
5.336,21.7546,0
5.337,21.7503,0
5.338,21.7460,0
5.339,21.7417,0
5.340,21.7374,0
5.341,21.7331,0
5.342,21.7288,0
5.343,21.7245,0
5.344,21.7202,0
5.345,21.7159,0
5.346,21.7117,0
5.347,21.7074,0
5.348,21.7031,0
5.349,21.6988,0
5.350,21.6945,0
5.351,21.6902,0
5.352,21.6859,0
5.353,21.6816,0
5.354,21.6773,0
5.355,21.6730,0
5.356,21.6687,0
5.357,21.6644,0
5.358,21.6602,0
5.359,21.6559,0
5.360,21.6516,0
5.361,21.6473,0
5.362,21.6430,0
5.363,21.6387,0
5.364,21.6344,0
5.365,21.6301,0
5.366,21.6258,0
5.367,21.6215,0
5.368,21.6172,0
5.369,21.6129,0
5.370,21.6086,0
5.371,21.6044,0
5.372,21.6001,0
5.373,21.5958,0
5.374,21.5915,0
5.375,21.5872,0
5.376,21.5829,0
5.377,21.5786,0
5.378,21.5743,0
5.379,21.5700,0
5.380,21.5657,0
5.381,21.5614,0
5.382,21.5571,0
5.383,21.5528,0
5.384,21.5485,0
5.385,21.5443,0
5.386,21.5400,0
5.387,21.5357,0
5.388,21.5314,0
5.389,21.5271,0
5.390,21.5228,0
5.391,21.5185,0
5.392,21.5142,0
5.393,21.5099,0
5.394,21.5056,0
5.395,21.5013,0
5.396,21.4970,0
5.397,21.4927,0
5.398,21.4884,0
5.399,21.4841,0
5.400,21.4798,0
5.401,21.4756,0
5.402,21.4713,0
5.403,21.4670,0
5.404,21.4627,0
5.405,21.4584,0
5.406,21.4541,0
5.407,21.4498,0
5.408,21.4455,0
5.409,21.4412,0
5.410,21.4369,0
5.411,21.4326,0
5.412,21.4283,0
5.413,21.4240,0
5.414,21.4197,0
5.415,21.4154,0
5.416,21.4111,0
5.417,21.4068,0
5.418,21.4025,0
5.419,21.3983,0
5.420,21.3940,0
5.421,21.3897,0
5.422,21.3854,0
5.423,21.3811,0
5.424,21.3768,0
5.425,21.3725,0
5.426,21.3682,0
5.427,21.3639,0
5.428,21.3596,0
5.429,21.3553,0
5.430,21.3510,0
5.431,21.3467,0
5.432,21.3424,0
5.433,21.3381,0
5.434,21.3338,0
5.435,21.3295,0
5.436,21.3252,0
5.437,21.3209,0
5.438,21.3166,0
5.439,21.3123,0
5.440,21.3080,0
5.441,21.3038,0
5.442,21.2995,0
5.443,21.2952,0
5.444,21.2909,0
5.445,21.2866,0
5.446,21.2823,0
5.447,21.2780,0
5.448,21.2737,0
5.449,21.2694,0
5.450,21.2651,0
5.451,21.2608,0
5.452,21.2565,0
5.453,21.2522,0
5.454,21.2479,0
5.455,21.2436,0
5.456,21.2393,0
5.457,21.2350,0
5.458,21.2307,0
5.459,21.2264,0
5.460,21.2221,0
5.461,21.2178,0
5.462,21.2135,0
5.463,21.2092,0
5.464,21.2049,0
5.465,21.2006,0
5.466,21.1963,0
5.467,21.1920,0
5.468,21.1877,0
5.469,21.1834,0
5.470,21.1791,0
5.471,21.1749,0
5.472,21.1706,0
5.473,21.1663,0
5.474,21.1620,0
5.475,21.1577,0
5.476,21.1534,0
5.477,21.1491,0
5.478,21.1448,0
5.479,21.1405,0
5.480,21.1362,0
5.481,21.1319,0
5.482,21.1276,0
5.483,21.1233,0
5.484,21.1190,0
5.485,21.1147,0
5.486,21.1104,0
5.487,21.1061,0
5.488,21.1018,0
5.489,21.0975,0
5.490,21.0932,0
5.491,21.0889,0
5.492,21.0846,0
5.493,21.0803,0
5.494,21.0760,0
5.495,21.0717,0
5.496,21.0674,0
5.497,21.0631,0
5.498,21.0588,0
5.499,21.0545,0
5.500,21.0502,0
5.501,21.0459,0
5.502,21.0416,0
5.503,21.0373,0
5.504,21.0330,0
5.505,21.0287,0
5.506,21.0244,0
5.507,21.0201,0
5.508,21.0158,0
5.509,21.0115,0
5.510,21.0072,0
5.511,21.0029,0
5.512,20.9986,0
5.513,20.9943,0
5.514,20.9900,0
5.515,20.9857,0
5.516,20.9814,0
5.517,20.9771,0
5.518,20.9728,0
5.519,20.9685,0
5.520,20.9642,0
5.521,20.9599,0
5.522,20.9556,0
5.523,20.9513,0
5.524,20.9470,0
5.525,20.9427,0
5.526,20.9384,0
5.527,20.9341,0
5.528,20.9298,0
5.529,20.9255,0
5.530,20.9212,0
5.531,20.9169,0
5.532,20.9126,0
5.533,20.9083,0
5.534,20.9040,0
5.535,20.8997,0
5.536,20.8954,0
5.537,20.8911,0
5.538,20.8868,0
5.539,20.8825,0
5.540,20.8782,0
5.541,20.8739,0
5.542,20.8696,0
5.543,20.8653,0
5.544,20.8610,0
5.545,20.8567,0
5.546,20.8524,0
5.547,20.8481,0
5.548,20.8438,0
5.549,20.8395,0
5.550,20.8352,0
5.551,20.8309,0
5.552,20.8266,0
5.553,20.8223,0
5.554,20.8180,0
5.555,20.8137,0
5.556,20.8094,0
5.557,20.8051,0
5.558,20.8008,0
5.559,20.7965,0
5.560,20.7922,0
5.561,20.7879,0
5.562,20.7836,0
5.563,20.7793,0
5.564,20.7750,0
5.565,20.7707,0
5.566,20.7664,0
5.567,20.7621,0
5.568,20.7578,0
5.569,20.7535,0
5.570,20.7492,0
5.571,20.7449,0
5.572,20.7406,0
5.573,20.7363,0
5.574,20.7320,0
5.575,20.7277,0
5.576,20.7234,0
5.577,20.7191,0
5.578,20.7148,0
5.579,20.7104,0
5.580,20.7061,0
5.581,20.7018,0
5.582,20.6975,0
5.583,20.6932,0
5.584,20.6889,0
5.585,20.6846,0
5.586,20.6803,0
5.587,20.6760,0
5.588,20.6717,0
5.589,20.6674,0
5.590,20.6631,0
5.591,20.6588,0
5.592,20.6545,0
5.593,20.6502,0
5.594,20.6459,0
5.595,20.6416,0
5.596,20.6373,0
5.597,20.6330,0
5.598,20.6287,0
5.599,20.6244,0
5.600,20.6201,0
5.601,20.6158,0
5.602,20.6115,0
5.603,20.6072,0
5.604,20.6029,0
5.605,20.5986,0
5.606,20.5943,0
5.607,20.5900,0
5.608,20.5857,0
5.609,20.5813,0
5.610,20.5770,0
5.611,20.5727,0
5.612,20.5684,0
5.613,20.5641,0
5.614,20.5598,0
5.615,20.5555,0
5.616,20.5512,0
5.617,20.5469,0
5.618,20.5426,0
5.619,20.5383,0
5.620,20.5340,0
5.621,20.5297,0
5.622,20.5254,0
5.623,20.5211,0
5.624,20.5168,0
5.625,20.5125,0
5.626,20.5082,0
5.627,20.5039,0
5.628,20.4996,0
5.629,20.4953,0
5.630,20.4910,0
5.631,20.4867,0
5.632,20.4823,0
5.633,20.4780,0
5.634,20.4737,0
5.635,20.4694,0
5.636,20.4651,0
5.637,20.4608,0
5.638,20.4565,0
5.639,20.4522,0
5.640,20.4479,0
5.641,20.4436,0
5.642,20.4393,0
5.643,20.4350,0
5.644,20.4307,0
5.645,20.4264,0
5.646,20.4221,0
5.647,20.4178,0
5.648,20.4135,0
5.649,20.4092,0
5.650,20.4048,0
5.651,20.4005,0
5.652,20.3962,0
5.653,20.3919,0
5.654,20.3876,0
5.655,20.3833,0
5.656,20.3790,0
5.657,20.3747,0
5.658,20.3704,0
5.659,20.3661,0
5.660,20.3618,0
5.661,20.3575,0
5.662,20.3532,0
5.663,20.3489,0
5.664,20.3446,0
5.665,20.3403,0
5.666,20.3359,0
5.667,20.3316,0
5.668,20.3273,0
5.669,20.3230,0
5.670,20.3187,0
5.671,20.3144,0
5.672,20.3101,0
5.673,20.3058,0
5.674,20.3015,0
5.675,20.2972,0
5.676,20.2929,0
5.677,20.2886,0
5.678,20.2843,0
5.679,20.2800,0
5.680,20.2757,0
5.681,20.2713,0
5.682,20.2670,0
5.683,20.2627,0
5.684,20.2584,0
5.685,20.2541,0
5.686,20.2498,0
5.687,20.2455,0
5.688,20.2412,0
5.689,20.2369,0
5.690,20.2326,0
5.691,20.2283,0
5.692,20.2240,0
5.693,20.2197,0
5.694,20.2153,0
5.695,20.2110,0
5.696,20.2067,0
5.697,20.2024,0
5.698,20.1981,0
5.699,20.1938,0
5.700,20.1895,0
5.701,20.1852,0
5.702,20.1809,0
5.703,20.1766,0
5.704,20.1723,0
5.705,20.1680,0
5.706,20.1637,0
5.707,20.1593,0
5.708,20.1550,0
5.709,20.1507,0
5.710,20.1464,0
5.711,20.1421,0
5.712,20.1378,0
5.713,20.1335,0
5.714,20.1292,0
5.715,20.1249,0
5.716,20.1206,0
5.717,20.1163,0
5.718,20.1119,0
5.719,20.1076,0
5.720,20.1033,0
5.721,20.0990,0
5.722,20.0947,0
5.723,20.0904,0
5.724,20.0861,0
5.725,20.0818,0
5.726,20.0775,0
5.727,20.0732,0
5.728,20.0689,0
5.729,20.0645,0
5.730,20.0602,0
5.731,20.0559,0
5.732,20.0516,0
5.733,20.0473,0
5.734,20.0430,0
5.735,20.0387,0
5.736,20.0344,0
5.737,20.0301,0
5.738,20.0258,0
5.739,20.0214,0
5.740,20.0171,0
5.741,20.0128,0
5.742,20.0085,0
5.743,20.0042,0
5.744,19.9999,0
5.745,19.9956,0
5.746,19.9913,0
5.747,19.9870,0
5.748,19.9827,0
5.749,19.9783,0
5.750,19.9740,0
5.751,19.9697,0
5.752,19.9654,0
5.753,19.9611,0
5.754,19.9568,0
5.755,19.9525,0
5.756,19.9482,0
5.757,19.9439,0
5.758,19.9396,0
5.759,19.9352,0
5.760,19.9309,0
5.761,19.9266,0
5.762,19.9223,0
5.763,19.9180,0
5.764,19.9137,0
5.765,19.9094,0
5.766,19.9051,0
5.767,19.9008,0
5.768,19.8964,0
5.769,19.8921,0
5.770,19.8878,0
5.771,19.8835,0
5.772,19.8792,0
5.773,19.8749,0
5.774,19.8706,0
5.775,19.8663,0
5.776,19.8620,0
5.777,19.8576,0
5.778,19.8533,0
5.779,19.8490,0
5.780,19.8447,0
5.781,19.8404,0
5.782,19.8361,0
5.783,19.8318,0
5.784,19.8275,0
5.785,19.8232,0
5.786,19.8188,0
5.787,19.8145,0
5.788,19.8102,0
5.789,19.8059,0
5.790,19.8016,0
5.791,19.7973,0
5.792,19.7930,0
5.793,19.7887,0
5.794,19.7843,0
5.795,19.7800,0
5.796,19.7757,0
5.797,19.7714,0
5.798,19.7671,0
5.799,19.7628,0
5.800,19.7585,0
5.801,19.7542,0
5.802,19.7498,0
5.803,19.7455,0
5.804,19.7412,0
5.805,19.7369,0
5.806,19.7326,0
5.807,19.7283,0
5.808,19.7240,0
5.809,19.7197,0
5.810,19.7153,0
5.811,19.7110,0
5.812,19.7067,0
5.813,19.7024,0
5.814,19.6981,0
5.815,19.6938,0
5.816,19.6895,0
5.817,19.6852,0
5.818,19.6808,0
5.819,19.6765,0
5.820,19.6722,0
5.821,19.6679,0
5.822,19.6636,0
5.823,19.6593,0
5.824,19.6550,0
5.825,19.6506,0
5.826,19.6463,0
5.827,19.6420,0
5.828,19.6377,0
5.829,19.6334,0
5.830,19.6291,0
5.831,19.6248,0
5.832,19.6204,0
5.833,19.6161,0
5.834,19.6118,0
5.835,19.6075,0
5.836,19.6032,0
5.837,19.5989,0
5.838,19.5946,0
5.839,19.5902,0
5.840,19.5859,0
5.841,19.5816,0
5.842,19.5773,0
5.843,19.5730,0
5.844,19.5687,0
5.845,19.5644,0
5.846,19.5600,0
5.847,19.5557,0
5.848,19.5514,0
5.849,19.5471,0
5.850,19.5428,0
5.851,19.5385,0
5.852,19.5342,0
5.853,19.5298,0
5.854,19.5255,0
5.855,19.5212,0
5.856,19.5169,0
5.857,19.5126,0
5.858,19.5083,0
5.859,19.5040,0
5.860,19.4996,0
5.861,19.4953,0
5.862,19.4910,0
5.863,19.4867,0
5.864,19.4824,0
5.865,19.4781,0
5.866,19.4738,0
5.867,19.4694,0
5.868,19.4651,0
5.869,19.4608,0
5.870,19.4565,0
5.871,19.4522,0
5.872,19.4479,0
5.873,19.4435,0
5.874,19.4392,0
5.875,19.4349,0
5.876,19.4306,0
5.877,19.4263,0
5.878,19.4220,0
5.879,19.4176,0
5.880,19.4133,0
5.881,19.4090,0
5.882,19.4047,0
5.883,19.4004,0
5.884,19.3961,0
5.885,19.3918,0
5.886,19.3874,0
5.887,19.3831,0
5.888,19.3788,0
5.889,19.3745,0
5.890,19.3702,0
5.891,19.3659,0
5.892,19.3615,0
5.893,19.3572,0
5.894,19.3529,0
5.895,19.3486,0
5.896,19.3443,0
5.897,19.3400,0
5.898,19.3356,0
5.899,19.3313,0
5.900,19.3270,0
5.901,19.3227,0
5.902,19.3184,0
5.903,19.3141,0
5.904,19.3097,0
5.905,19.3054,0
5.906,19.3011,0
5.907,19.2968,0
5.908,19.2925,0
5.909,19.2882,0
5.910,19.2838,0
5.911,19.2795,0
5.912,19.2752,0
5.913,19.2709,0
5.914,19.2666,0
5.915,19.2623,0
5.916,19.2579,0
5.917,19.2536,0
5.918,19.2493,0
5.919,19.2450,0
5.920,19.2407,0
5.921,19.2363,0
5.922,19.2320,0
5.923,19.2277,0
5.924,19.2234,0
5.925,19.2191,0
5.926,19.2148,0
5.927,19.2104,0
5.928,19.2061,0
5.929,19.2018,0
5.930,19.1975,0
5.931,19.1932,0
5.932,19.1889,0
5.933,19.1845,0
5.934,19.1802,0
5.935,19.1759,0
5.936,19.1716,0
5.937,19.1673,0
5.938,19.1629,0
5.939,19.1586,0
5.940,19.1543,0
5.941,19.1500,0
5.942,19.1457,0
5.943,19.1414,0
5.944,19.1370,0
5.945,19.1327,0
5.946,19.1284,0
5.947,19.1241,0
5.948,19.1198,0
5.949,19.1154,0
5.950,19.1111,0
5.951,19.1068,0
5.952,19.1025,0
5.953,19.0982,0
5.954,19.0938,0
5.955,19.0895,0
5.956,19.0852,0
5.957,19.0809,0
5.958,19.0766,0
5.959,19.0723,0
5.960,19.0679,0
5.961,19.0636,0
5.962,19.0593,0
5.963,19.0550,0
5.964,19.0507,0
5.965,19.0463,0
5.966,19.0420,0
5.967,19.0377,0
5.968,19.0334,0
5.969,19.0291,0
5.970,19.0247,0
5.971,19.0204,0
5.972,19.0161,0
5.973,19.0118,0
5.974,19.0075,0
5.975,19.0031,0
5.976,18.9988,0
5.977,18.9945,0
5.978,18.9902,0
5.979,18.9859,0
5.980,18.9815,0
5.981,18.9772,0
5.982,18.9729,0
5.983,18.9686,0
5.984,18.9643,0
5.985,18.9599,0
5.986,18.9556,0
5.987,18.9513,0
5.988,18.9470,0
5.989,18.9427,0
5.990,18.9383,0
5.991,18.9340,0
5.992,18.9297,0
5.993,18.9254,0
5.994,18.9211,0
5.995,18.9167,0
5.996,18.9124,0
5.997,18.9081,0
5.998,18.9038,0
5.999,18.8995,0
6.000,18.8951,0
6.001,18.8908,0
6.002,18.8865,0
6.003,18.8822,0
6.004,18.8779,0
6.005,18.8735,0
6.006,18.8692,0
6.007,18.8649,0
6.008,18.8606,0
6.009,18.8563,0
6.010,18.8519,0
6.011,18.8476,0
6.012,18.8433,0
6.013,18.8390,0
6.014,18.8346,0
6.015,18.8303,0
6.016,18.8260,0
6.017,18.8217,0
6.018,18.8174,0
6.019,18.8130,0
6.020,18.8087,0
6.021,18.8044,0
6.022,18.8001,0
6.023,18.7958,0
6.024,18.7914,0
6.025,18.7871,0
6.026,18.7828,0
6.027,18.7785,0
6.028,18.7741,0
6.029,18.7698,0
6.030,18.7655,0
6.031,18.7612,0
6.032,18.7569,0
6.033,18.7525,0
6.034,18.7482,0
6.035,18.7439,0
6.036,18.7396,0
6.037,18.7352,0
6.038,18.7309,0
6.039,18.7266,0
6.040,18.7223,0
6.041,18.7180,0
6.042,18.7136,0
6.043,18.7093,0
6.044,18.7050,0
6.045,18.7007,0
6.046,18.6963,0
6.047,18.6920,0
6.048,18.6877,0
6.049,18.6834,0
6.050,18.6791,0
6.051,18.6747,0
6.052,18.6704,0
6.053,18.6661,0
6.054,18.6618,0
6.055,18.6574,0
6.056,18.6531,0
6.057,18.6488,0
6.058,18.6445,0
6.059,18.6402,0
6.060,18.6358,0
6.061,18.6315,0
6.062,18.6272,0
6.063,18.6229,0
6.064,18.6185,0
6.065,18.6142,0
6.066,18.6099,0
6.067,18.6056,0
6.068,18.6012,0
6.069,18.5969,0
6.070,18.5926,0
6.071,18.5883,0
6.072,18.5840,0
6.073,18.5796,0
6.074,18.5753,0
6.075,18.5710,0
6.076,18.5667,0
6.077,18.5623,0
6.078,18.5580,0
6.079,18.5537,0
6.080,18.5494,0
6.081,18.5450,0
6.082,18.5407,0
6.083,18.5364,0
6.084,18.5321,0
6.085,18.5277,0
6.086,18.5234,0
6.087,18.5191,0
6.088,18.5148,0
6.089,18.5104,0
6.090,18.5061,0
6.091,18.5018,0
6.092,18.4975,0
6.093,18.4932,0
6.094,18.4888,0
6.095,18.4845,0
6.096,18.4802,0
6.097,18.4759,0
6.098,18.4715,0
6.099,18.4672,0
6.100,18.4629,0
6.101,18.4586,0
6.102,18.4542,0
6.103,18.4499,0
6.104,18.4456,0
6.105,18.4413,0
6.106,18.4369,0
6.107,18.4326,0
6.108,18.4283,0
6.109,18.4240,0
6.110,18.4196,0
6.111,18.4153,0
6.112,18.4110,0
6.113,18.4067,0
6.114,18.4023,0
6.115,18.3980,0
6.116,18.3937,0
6.117,18.3894,0
6.118,18.3850,0
6.119,18.3807,0
6.120,18.3764,0
6.121,18.3721,0
6.122,18.3677,0
6.123,18.3634,0
6.124,18.3591,0
6.125,18.3548,0
6.126,18.3504,0
6.127,18.3461,0
6.128,18.3418,0
6.129,18.3375,0
6.130,18.3331,0
6.131,18.3288,0
6.132,18.3245,0
6.133,18.3202,0
6.134,18.3158,0
6.135,18.3115,0
6.136,18.3072,0
6.137,18.3029,0
6.138,18.2985,0
6.139,18.2942,0
6.140,18.2899,0
6.141,18.2856,0
6.142,18.2812,0
6.143,18.2769,0
6.144,18.2726,0
6.145,18.2682,0
6.146,18.2639,0
6.147,18.2596,0
6.148,18.2553,0
6.149,18.2509,0
6.150,18.2466,0
6.151,18.2423,0
6.152,18.2380,0
6.153,18.2336,0
6.154,18.2293,0
6.155,18.2250,0
6.156,18.2207,0
6.157,18.2163,0
6.158,18.2120,0
6.159,18.2077,0
6.160,18.2034,0
6.161,18.1990,0
6.162,18.1947,0
6.163,18.1904,0
6.164,18.1860,0
6.165,18.1817,0
6.166,18.1774,0
6.167,18.1731,0
6.168,18.1687,0
6.169,18.1644,0
6.170,18.1601,0
6.171,18.1558,0
6.172,18.1514,0
6.173,18.1471,0
6.174,18.1428,0
6.175,18.1385,0
6.176,18.1341,0
6.177,18.1298,0
6.178,18.1255,0
6.179,18.1211,0
6.180,18.1168,0
6.181,18.1125,0
6.182,18.1082,0
6.183,18.1038,0
6.184,18.0995,0
6.185,18.0952,0
6.186,18.0909,0
6.187,18.0865,0
6.188,18.0822,0
6.189,18.0779,0
6.190,18.0735,0
6.191,18.0692,0
6.192,18.0649,0
6.193,18.0606,0
6.194,18.0562,0
6.195,18.0519,0
6.196,18.0476,0
6.197,18.0432,0
6.198,18.0389,0
6.199,18.0346,0
6.200,18.0303,0
6.201,18.0259,0
6.202,18.0216,0
6.203,18.0173,0
6.204,18.0130,0
6.205,18.0086,0
6.206,18.0043,0
6.207,18.0000,0
6.208,17.9956,0
6.209,17.9913,0
6.210,17.9870,0
6.211,17.9827,0
6.212,17.9783,0
6.213,17.9740,0
6.214,17.9697,0
6.215,17.9653,0
6.216,17.9610,0
6.217,17.9567,0
6.218,17.9524,0
6.219,17.9480,0
6.220,17.9437,0
6.221,17.9394,0
6.222,17.9350,0
6.223,17.9307,0
6.224,17.9264,0
6.225,17.9221,0
6.226,17.9177,0
6.227,17.9134,0
6.228,17.9091,0
6.229,17.9047,0
6.230,17.9004,0
6.231,17.8961,0
6.232,17.8918,0
6.233,17.8874,0
6.234,17.8831,0
6.235,17.8788,0
6.236,17.8744,0
6.237,17.8701,0
6.238,17.8658,0
6.239,17.8615,0
6.240,17.8571,0
6.241,17.8528,0
6.242,17.8485,0
6.243,17.8441,0
6.244,17.8398,0
6.245,17.8355,0
6.246,17.8311,0
6.247,17.8268,0
6.248,17.8225,0
6.249,17.8182,0
6.250,17.8138,0
6.251,17.8095,0
6.252,17.8052,0
6.253,17.8008,0
6.254,17.7965,0
6.255,17.7922,0
6.256,17.7879,0
6.257,17.7835,0
6.258,17.7792,0
6.259,17.7749,0
6.260,17.7705,0
6.261,17.7662,0
6.262,17.7619,0
6.263,17.7575,0
6.264,17.7532,0
6.265,17.7489,0
6.266,17.7446,0
6.267,17.7402,0
6.268,17.7359,0
6.269,17.7316,0
6.270,17.7272,0
6.271,17.7229,0
6.272,17.7186,0
6.273,17.7142,0
6.274,17.7099,0
6.275,17.7056,0
6.276,17.7013,0
6.277,17.6969,0
6.278,17.6926,0
6.279,17.6883,0
6.280,17.6839,0
6.281,17.6796,0
6.282,17.6753,0
6.283,17.6709,0
6.284,17.6666,0
6.285,17.6623,0
6.286,17.6579,0
6.287,17.6536,0
6.288,17.6493,0
6.289,17.6450,0
6.290,17.6406,0
6.291,17.6363,0
6.292,17.6320,0
6.293,17.6276,0
6.294,17.6233,0
6.295,17.6190,0
6.296,17.6146,0
6.297,17.6103,0
6.298,17.6060,0
6.299,17.6016,0
6.300,17.5973,0
6.301,17.5930,0
6.302,17.5887,0
6.303,17.5843,0
6.304,17.5800,0
6.305,17.5757,0
6.306,17.5713,0
6.307,17.5670,0
6.308,17.5627,0
6.309,17.5583,0
6.310,17.5540,0
6.311,17.5497,0
6.312,17.5453,0
6.313,17.5410,0
6.314,17.5367,0
6.315,17.5323,0
6.316,17.5280,0
6.317,17.5237,0
6.318,17.5193,0
6.319,17.5150,0
6.320,17.5107,0
6.321,17.5064,0
6.322,17.5020,0
6.323,17.4977,0
6.324,17.4934,0
6.325,17.4890,0
6.326,17.4847,0
6.327,17.4804,0
6.328,17.4760,0
6.329,17.4717,0
6.330,17.4674,0
6.331,17.4630,0
6.332,17.4587,0
6.333,17.4544,0
6.334,17.4500,0
6.335,17.4457,0
6.336,17.4414,0
6.337,17.4370,0
6.338,17.4327,0
6.339,17.4284,0
6.340,17.4240,0
6.341,17.4197,0
6.342,17.4154,0
6.343,17.4110,0
6.344,17.4067,0
6.345,17.4024,0
6.346,17.3981,0
6.347,17.3937,0
6.348,17.3894,0
6.349,17.3851,0
6.350,17.3807,0
6.351,17.3764,0
6.352,17.3721,0
6.353,17.3677,0
6.354,17.3634,0
6.355,17.3591,0
6.356,17.3547,0
6.357,17.3504,0
6.358,17.3461,0
6.359,17.3417,0
6.360,17.3374,0
6.361,17.3331,0
6.362,17.3287,0
6.363,17.3244,0
6.364,17.3201,0
6.365,17.3157,0
6.366,17.3114,0
6.367,17.3071,0
6.368,17.3027,0
6.369,17.2984,0
6.370,17.2941,0
6.371,17.2897,0
6.372,17.2854,0
6.373,17.2811,0
6.374,17.2767,0
6.375,17.2724,0
6.376,17.2681,0
6.377,17.2637,0
6.378,17.2594,0
6.379,17.2551,0
6.380,17.2507,0
6.381,17.2464,0
6.382,17.2421,0
6.383,17.2377,0
6.384,17.2334,0
6.385,17.2291,0
6.386,17.2247,0
6.387,17.2204,0
6.388,17.2161,0
6.389,17.2117,0
6.390,17.2074,0
6.391,17.2031,0
6.392,17.1987,0
6.393,17.1944,0
6.394,17.1901,0
6.395,17.1857,0
6.396,17.1814,0
6.397,17.1771,0
6.398,17.1727,0
6.399,17.1684,0
6.400,17.1641,0
6.401,17.1597,0
6.402,17.1554,0
6.403,17.1511,0
6.404,17.1467,0
6.405,17.1424,0
6.406,17.1381,0
6.407,17.1337,0
6.408,17.1294,0
6.409,17.1251,0
6.410,17.1207,0
6.411,17.1164,0
6.412,17.1121,0
6.413,17.1077,0
6.414,17.1034,0
6.415,17.0990,0
6.416,17.0947,0
6.417,17.0904,0
6.418,17.0860,0
6.419,17.0817,0
6.420,17.0774,0
6.421,17.0730,0
6.422,17.0687,0
6.423,17.0644,0
6.424,17.0600,0
6.425,17.0557,0
6.426,17.0514,0
6.427,17.0470,0
6.428,17.0427,0
6.429,17.0384,0
6.430,17.0340,0
6.431,17.0297,0
6.432,17.0254,0
6.433,17.0210,0
6.434,17.0167,0
6.435,17.0124,0
6.436,17.0080,0
6.437,17.0037,0
6.438,16.9994,0
6.439,16.9950,0
6.440,16.9907,0
6.441,16.9863,0
6.442,16.9820,0
6.443,16.9777,0
6.444,16.9733,0
6.445,16.9690,0
6.446,16.9647,0
6.447,16.9603,0
6.448,16.9560,0
6.449,16.9517,0
6.450,16.9473,0
6.451,16.9430,0
6.452,16.9387,0
6.453,16.9343,0
6.454,16.9300,0
6.455,16.9257,0
6.456,16.9213,0
6.457,16.9170,0
6.458,16.9126,0
6.459,16.9083,0
6.460,16.9040,0
6.461,16.8996,0
6.462,16.8953,0
6.463,16.8910,0
6.464,16.8866,0
6.465,16.8823,0
6.466,16.8780,0
6.467,16.8736,0
6.468,16.8693,0
6.469,16.8650,0
6.470,16.8606,0
6.471,16.8563,0
6.472,16.8519,0
6.473,16.8476,0
6.474,16.8433,0
6.475,16.8389,0
6.476,16.8346,0
6.477,16.8303,0
6.478,16.8259,0
6.479,16.8216,0
6.480,16.8173,0
6.481,16.8129,0
6.482,16.8086,0
6.483,16.8043,0
6.484,16.7999,0
6.485,16.7956,0
6.486,16.7912,0
6.487,16.7869,0
6.488,16.7826,0
6.489,16.7782,0
6.490,16.7739,0
6.491,16.7696,0
6.492,16.7652,0
6.493,16.7609,0
6.494,16.7566,0
6.495,16.7522,0
6.496,16.7479,0
6.497,16.7435,0
6.498,16.7392,0
6.499,16.7349,0
6.500,16.7305,0
6.501,16.7262,0
6.502,16.7219,0
6.503,16.7175,0
6.504,16.7132,0
6.505,16.7089,0
6.506,16.7045,0
6.507,16.7002,0
6.508,16.6958,0
6.509,16.6915,0
6.510,16.6872,0
6.511,16.6828,0
6.512,16.6785,0
6.513,16.6742,0
6.514,16.6698,0
6.515,16.6655,0
6.516,16.6612,0
6.517,16.6568,0
6.518,16.6525,0
6.519,16.6481,0
6.520,16.6438,0
6.521,16.6395,0
6.522,16.6351,0
6.523,16.6308,0
6.524,16.6265,0
6.525,16.6221,0
6.526,16.6178,0
6.527,16.6134,0
6.528,16.6091,0
6.529,16.6048,0
6.530,16.6004,0
6.531,16.5961,0
6.532,16.5918,0
6.533,16.5874,0
6.534,16.5831,0
6.535,16.5787,0
6.536,16.5744,0
6.537,16.5701,0
6.538,16.5657,0
6.539,16.5614,0
6.540,16.5571,0
6.541,16.5527,0
6.542,16.5484,0
6.543,16.5441,0
6.544,16.5397,0
6.545,16.5354,0
6.546,16.5310,0
6.547,16.5267,0
6.548,16.5224,0
6.549,16.5180,0
6.550,16.5137,0
6.551,16.5094,0
6.552,16.5050,0
6.553,16.5007,0
6.554,16.4963,0
6.555,16.4920,0
6.556,16.4877,0
6.557,16.4833,0
6.558,16.4790,0
6.559,16.4747,0
6.560,16.4703,0
6.561,16.4660,0
6.562,16.4616,0
6.563,16.4573,0
6.564,16.4530,0
6.565,16.4486,0
6.566,16.4443,0
6.567,16.4399,0
6.568,16.4356,0
6.569,16.4313,0
6.570,16.4269,0
6.571,16.4226,0
6.572,16.4183,0
6.573,16.4139,0
6.574,16.4096,0
6.575,16.4052,0
6.576,16.4009,0
6.577,16.3966,0
6.578,16.3922,0
6.579,16.3879,0
6.580,16.3836,0
6.581,16.3792,0
6.582,16.3749,0
6.583,16.3705,0
6.584,16.3662,0
6.585,16.3619,0
6.586,16.3575,0
6.587,16.3532,0
6.588,16.3488,0
6.589,16.3445,0
6.590,16.3402,0
6.591,16.3358,0
6.592,16.3315,0
6.593,16.3272,0
6.594,16.3228,0
6.595,16.3185,0
6.596,16.3141,0
6.597,16.3098,0
6.598,16.3055,0
6.599,16.3011,0
6.600,16.2968,0
6.601,16.2924,0
6.602,16.2881,0
6.603,16.2838,0
6.604,16.2794,0
6.605,16.2751,0
6.606,16.2708,0
6.607,16.2664,0
6.608,16.2621,0
6.609,16.2577,0
6.610,16.2534,0
6.611,16.2491,0
6.612,16.2447,0
6.613,16.2404,0
6.614,16.2360,0
6.615,16.2317,0
6.616,16.2274,0
6.617,16.2230,0
6.618,16.2187,0
6.619,16.2144,0
6.620,16.2100,0
6.621,16.2057,0
6.622,16.2013,0
6.623,16.1970,0
6.624,16.1927,0
6.625,16.1883,0
6.626,16.1840,0
6.627,16.1796,0
6.628,16.1753,0
6.629,16.1710,0
6.630,16.1666,0
6.631,16.1623,0
6.632,16.1579,0
6.633,16.1536,0
6.634,16.1493,0
6.635,16.1449,0
6.636,16.1406,0
6.637,16.1363,0
6.638,16.1319,0
6.639,16.1276,0
6.640,16.1232,0
6.641,16.1189,0
6.642,16.1146,0
6.643,16.1102,0
6.644,16.1059,0
6.645,16.1015,0
6.646,16.0972,0
6.647,16.0929,0
6.648,16.0885,0
6.649,16.0842,0
6.650,16.0798,0
6.651,16.0755,0
6.652,16.0712,0
6.653,16.0668,0
6.654,16.0625,0
6.655,16.0581,0
6.656,16.0538,0
6.657,16.0495,0
6.658,16.0451,0
6.659,16.0408,0
6.660,16.0364,0
6.661,16.0321,0
6.662,16.0278,0
6.663,16.0234,0
6.664,16.0191,0
6.665,16.0147,0
6.666,16.0104,0
6.667,16.0061,0
6.668,16.0017,0
6.669,15.9974,0
6.670,15.9931,0
6.671,15.9887,0
6.672,15.9844,0
6.673,15.9800,0
6.674,15.9757,0
6.675,15.9714,0
6.676,15.9670,0
6.677,15.9627,0
6.678,15.9583,0
6.679,15.9540,0
6.680,15.9497,0
6.681,15.9453,0
6.682,15.9410,0
6.683,15.9366,0
6.684,15.9323,0
6.685,15.9280,0
6.686,15.9236,0
6.687,15.9193,0
6.688,15.9149,0
6.689,15.9106,0
6.690,15.9063,0
6.691,15.9019,0
6.692,15.8976,0
6.693,15.8932,0
6.694,15.8889,0
6.695,15.8846,0
6.696,15.8802,0
6.697,15.8759,0
6.698,15.8715,0
6.699,15.8672,0
6.700,15.8629,0
6.701,15.8585,0
6.702,15.8542,0
6.703,15.8498,0
6.704,15.8455,0
6.705,15.8412,0
6.706,15.8368,0
6.707,15.8325,0
6.708,15.8281,0
6.709,15.8238,0
6.710,15.8195,0
6.711,15.8151,0
6.712,15.8108,0
6.713,15.8064,0
6.714,15.8021,0
6.715,15.7978,0
6.716,15.7934,0
6.717,15.7891,0
6.718,15.7847,0
6.719,15.7804,0
6.720,15.7761,0
6.721,15.7717,0
6.722,15.7674,0
6.723,15.7630,0
6.724,15.7587,0
6.725,15.7543,0
6.726,15.7500,0
6.727,15.7457,0
6.728,15.7413,0
6.729,15.7370,0
6.730,15.7326,0
6.731,15.7283,0
6.732,15.7240,0
6.733,15.7196,0
6.734,15.7153,0
6.735,15.7109,0
6.736,15.7066,0
6.737,15.7023,0
6.738,15.6979,0
6.739,15.6936,0
6.740,15.6892,0
6.741,15.6849,0
6.742,15.6806,0
6.743,15.6762,0
6.744,15.6719,0
6.745,15.6675,0
6.746,15.6632,0
6.747,15.6589,0
6.748,15.6545,0
6.749,15.6502,0
6.750,15.6458,0
6.751,15.6415,0
6.752,15.6372,0
6.753,15.6328,0
6.754,15.6285,0
6.755,15.6241,0
6.756,15.6198,0
6.757,15.6154,0
6.758,15.6111,0
6.759,15.6068,0
6.760,15.6024,0
6.761,15.5981,0
6.762,15.5937,0
6.763,15.5894,0
6.764,15.5851,0
6.765,15.5807,0
6.766,15.5764,0
6.767,15.5720,0
6.768,15.5677,0
6.769,15.5634,0
6.770,15.5590,0
6.771,15.5547,0
6.772,15.5503,0
6.773,15.5460,0
6.774,15.5417,0
6.775,15.5373,0
6.776,15.5330,0
6.777,15.5286,0
6.778,15.5243,0
6.779,15.5200,0
6.780,15.5156,0
6.781,15.5113,0
6.782,15.5069,0
6.783,15.5026,0
6.784,15.4982,0
6.785,15.4939,0
6.786,15.4896,0
6.787,15.4852,0
6.788,15.4809,0
6.789,15.4765,0
6.790,15.4722,0
6.791,15.4679,0
6.792,15.4635,0
6.793,15.4592,0
6.794,15.4548,0
6.795,15.4505,0
6.796,15.4462,0
6.797,15.4418,0
6.798,15.4375,0
6.799,15.4331,0
6.800,15.4288,0
6.801,15.4244,0
6.802,15.4201,0
6.803,15.4158,0
6.804,15.4114,0
6.805,15.4071,0
6.806,15.4027,0
6.807,15.3984,0
6.808,15.3941,0
6.809,15.3897,0
6.810,15.3854,0
6.811,15.3810,0
6.812,15.3767,0
6.813,15.3724,0
6.814,15.3680,0
6.815,15.3637,0
6.816,15.3593,0
6.817,15.3550,0
6.818,15.3506,0
6.819,15.3463,0
6.820,15.3420,0
6.821,15.3376,0
6.822,15.3333,0
6.823,15.3289,0
6.824,15.3246,0
6.825,15.3203,0
6.826,15.3159,0
6.827,15.3116,0
6.828,15.3072,0
6.829,15.3029,0
6.830,15.2986,0
6.831,15.2942,0
6.832,15.2899,0
6.833,15.2855,0
6.834,15.2812,0
6.835,15.2768,0
6.836,15.2725,0
6.837,15.2682,0
6.838,15.2638,0
6.839,15.2595,0
6.840,15.2551,0
6.841,15.2508,0
6.842,15.2465,0
6.843,15.2421,0
6.844,15.2378,0
6.845,15.2334,0
6.846,15.2291,0
6.847,15.2247,0
6.848,15.2204,0
6.849,15.2161,0
6.850,15.2117,0
6.851,15.2074,0
6.852,15.2030,0
6.853,15.1987,0
6.854,15.1944,0
6.855,15.1900,0
6.856,15.1857,0
6.857,15.1813,0
6.858,15.1770,0
6.859,15.1726,0
6.860,15.1683,0
6.861,15.1640,0
6.862,15.1596,0
6.863,15.1553,0
6.864,15.1509,0
6.865,15.1466,0
6.866,15.1423,0
6.867,15.1379,0
6.868,15.1336,0
6.869,15.1292,0
6.870,15.1249,0
6.871,15.1206,0
6.872,15.1162,0
6.873,15.1119,0
6.874,15.1075,0
6.875,15.1032,0
6.876,15.0988,0
6.877,15.0945,0
6.878,15.0902,0
6.879,15.0858,0
6.880,15.0815,0
6.881,15.0771,0
6.882,15.0728,0
6.883,15.0685,0
6.884,15.0641,0
6.885,15.0598,0
6.886,15.0554,0
6.887,15.0511,0
6.888,15.0467,0
6.889,15.0424,0
6.890,15.0381,0
6.891,15.0337,0
6.892,15.0294,0
6.893,15.0250,0
6.894,15.0207,0
6.895,15.0164,0
6.896,15.0120,0
6.897,15.0077,0
6.898,15.0033,0
6.899,14.9990,0
6.900,14.9946,0
6.901,14.9903,0
6.902,14.9860,0
6.903,14.9816,0
6.904,14.9773,0
6.905,14.9729,0
6.906,14.9686,0
6.907,14.9643,0
6.908,14.9599,0
6.909,14.9556,0
6.910,14.9512,0
6.911,14.9469,0
6.912,14.9425,0
6.913,14.9382,0
6.914,14.9339,0
6.915,14.9295,0
6.916,14.9252,0
6.917,14.9208,0
6.918,14.9165,0
6.919,14.9122,0
6.920,14.9078,0
6.921,14.9035,0
6.922,14.8991,0
6.923,14.8948,0
6.924,14.8904,0
6.925,14.8861,0
6.926,14.8818,0
6.927,14.8774,0
6.928,14.8731,0
6.929,14.8687,0
6.930,14.8644,0
6.931,14.8601,0
6.932,14.8557,0
6.933,14.8514,0
6.934,14.8470,0
6.935,14.8427,0
6.936,14.8383,0
6.937,14.8340,0
6.938,14.8297,0
6.939,14.8253,0
6.940,14.8210,0
6.941,14.8166,0
6.942,14.8123,0
6.943,14.8080,0
6.944,14.8036,0
6.945,14.7993,0
6.946,14.7949,0
6.947,14.7906,0
6.948,14.7862,0
6.949,14.7819,0
6.950,14.7776,0
6.951,14.7732,0
6.952,14.7689,0
6.953,14.7645,0
6.954,14.7602,0
6.955,14.7559,0
6.956,14.7515,0
6.957,14.7472,0
6.958,14.7428,0
6.959,14.7385,0
6.960,14.7341,0
6.961,14.7298,0
6.962,14.7255,0
6.963,14.7211,0
6.964,14.7168,0
6.965,14.7124,0
6.966,14.7081,0
6.967,14.7038,0
6.968,14.6994,0
6.969,14.6951,0
6.970,14.6907,0
6.971,14.6864,0
6.972,14.6820,0
6.973,14.6777,0
6.974,14.6734,0
6.975,14.6690,0
6.976,14.6647,0
6.977,14.6603,0
6.978,14.6560,0
6.979,14.6517,0
6.980,14.6473,0
6.981,14.6430,0
6.982,14.6386,0
6.983,14.6343,0
6.984,14.6300,0
6.985,14.6256,0
6.986,14.6213,0
6.987,14.6169,0
6.988,14.6126,0
6.989,14.6082,0
6.990,14.6039,0
6.991,14.5996,0
6.992,14.5952,0
6.993,14.5909,0
6.994,14.5865,0
6.995,14.5822,0
6.996,14.5779,0
6.997,14.5735,0
6.998,14.5692,0
6.999,14.5648,0
7.000,14.5605,0
7.001,14.5561,0
7.002,14.5518,0
7.003,14.5475,0
7.004,14.5431,0
7.005,14.5388,0
7.006,14.5344,0
7.007,14.5301,0
7.008,14.5258,0
7.009,14.5214,0
7.010,14.5171,0
7.011,14.5127,0
7.012,14.5084,0
7.013,14.5040,0
7.014,14.4997,0
7.015,14.4954,0
7.016,14.4910,0
7.017,14.4867,0
7.018,14.4823,0
7.019,14.4780,0
7.020,14.4737,0
7.021,14.4693,0
7.022,14.4650,0
7.023,14.4606,0
7.024,14.4563,0
7.025,14.4520,0
7.026,14.4476,0
7.027,14.4433,0
7.028,14.4389,0
7.029,14.4346,0
7.030,14.4302,0
7.031,14.4259,0
7.032,14.4216,0
7.033,14.4172,0
7.034,14.4129,0
7.035,14.4085,0
7.036,14.4042,0
7.037,14.3999,0
7.038,14.3955,0
7.039,14.3912,0
7.040,14.3868,0
7.041,14.3825,0
7.042,14.3782,0
7.043,14.3738,0
7.044,14.3695,0
7.045,14.3651,0
7.046,14.3608,0
7.047,14.3564,0
7.048,14.3521,0
7.049,14.3478,0
7.050,14.3434,0
7.051,14.3391,0
7.052,14.3347,0
7.053,14.3304,0
7.054,14.3261,0
7.055,14.3217,0
7.056,14.3174,0
7.057,14.3130,0
7.058,14.3087,0
7.059,14.3044,0
7.060,14.3000,0
7.061,14.2957,0
7.062,14.2913,0
7.063,14.2870,0
7.064,14.2827,0
7.065,14.2783,0
7.066,14.2740,0
7.067,14.2696,0
7.068,14.2653,0
7.069,14.2609,0
7.070,14.2566,0
7.071,14.2523,0
7.072,14.2479,0
7.073,14.2436,0
7.074,14.2392,0
7.075,14.2349,0
7.076,14.2306,0
7.077,14.2262,0
7.078,14.2219,0
7.079,14.2175,0
7.080,14.2132,0
7.081,14.2089,0
7.082,14.2045,0
7.083,14.2002,0
7.084,14.1958,0
7.085,14.1915,0
7.086,14.1872,0
7.087,14.1828,0
7.088,14.1785,0
7.089,14.1741,0
7.090,14.1698,0
7.091,14.1655,0
7.092,14.1611,0
7.093,14.1568,0
7.094,14.1524,0
7.095,14.1481,0
7.096,14.1438,0
7.097,14.1394,0
7.098,14.1351,0
7.099,14.1307,0
7.100,14.1264,0
7.101,14.1220,0
7.102,14.1177,0
7.103,14.1134,0
7.104,14.1090,0
7.105,14.1047,0
7.106,14.1003,0
7.107,14.0960,0
7.108,14.0917,0
7.109,14.0873,0
7.110,14.0830,0
7.111,14.0786,0
7.112,14.0743,0
7.113,14.0700,0
7.114,14.0656,0
7.115,14.0613,0
7.116,14.0569,0
7.117,14.0526,0
7.118,14.0483,0
7.119,14.0439,0
7.120,14.0396,0
7.121,14.0352,0
7.122,14.0309,0
7.123,14.0266,0
7.124,14.0222,0
7.125,14.0179,0
7.126,14.0135,0
7.127,14.0092,0
7.128,14.0049,0
7.129,14.0005,0
7.130,13.9962,0
7.131,13.9918,0
7.132,13.9875,0
7.133,13.9832,0
7.134,13.9788,0
7.135,13.9745,0
7.136,13.9701,0
7.137,13.9658,0
7.138,13.9615,0
7.139,13.9571,0
7.140,13.9528,0
7.141,13.9484,0
7.142,13.9441,0
7.143,13.9398,0
7.144,13.9354,0
7.145,13.9311,0
7.146,13.9267,0
7.147,13.9224,0
7.148,13.9181,0
7.149,13.9137,0
7.150,13.9094,0
7.151,13.9050,0
7.152,13.9007,0
7.153,13.8964,0
7.154,13.8920,0
7.155,13.8877,0
7.156,13.8834,0
7.157,13.8790,0
7.158,13.8747,0
7.159,13.8703,0
7.160,13.8660,0
7.161,13.8617,0
7.162,13.8573,0
7.163,13.8530,0
7.164,13.8486,0
7.165,13.8443,0
7.166,13.8400,0
7.167,13.8356,0
7.168,13.8313,0
7.169,13.8269,0
7.170,13.8226,0
7.171,13.8183,0
7.172,13.8139,0
7.173,13.8096,0
7.174,13.8052,0
7.175,13.8009,0
7.176,13.7966,0
7.177,13.7922,0
7.178,13.7879,0
7.179,13.7835,0
7.180,13.7792,0
7.181,13.7749,0
7.182,13.7705,0
7.183,13.7662,0
7.184,13.7619,0
7.185,13.7575,0
7.186,13.7532,0
7.187,13.7488,0
7.188,13.7445,0
7.189,13.7402,0
7.190,13.7358,0
7.191,13.7315,0
7.192,13.7271,0
7.193,13.7228,0
7.194,13.7185,0
7.195,13.7141,0
7.196,13.7098,0
7.197,13.7055,0
7.198,13.7011,0
7.199,13.6968,0
7.200,13.6924,0
7.201,13.6881,0
7.202,13.6838,0
7.203,13.6794,0
7.204,13.6751,0
7.205,13.6707,0
7.206,13.6664,0
7.207,13.6621,0
7.208,13.6577,0
7.209,13.6534,0
7.210,13.6491,0
7.211,13.6447,0
7.212,13.6404,0
7.213,13.6360,0
7.214,13.6317,0
7.215,13.6274,0
7.216,13.6230,0
7.217,13.6187,0
7.218,13.6143,0
7.219,13.6100,0
7.220,13.6057,0
7.221,13.6013,0
7.222,13.5970,0
7.223,13.5927,0
7.224,13.5883,0
7.225,13.5840,0
7.226,13.5796,0
7.227,13.5753,0
7.228,13.5710,0
7.229,13.5666,0
7.230,13.5623,0
7.231,13.5580,0
7.232,13.5536,0
7.233,13.5493,0
7.234,13.5449,0
7.235,13.5406,0
7.236,13.5363,0
7.237,13.5319,0
7.238,13.5276,0
7.239,13.5233,0
7.240,13.5189,0
7.241,13.5146,0
7.242,13.5102,0
7.243,13.5059,0
7.244,13.5016,0
7.245,13.4972,0
7.246,13.4929,0
7.247,13.4886,0
7.248,13.4842,0
7.249,13.4799,0
7.250,13.4755,0
7.251,13.4712,0
7.252,13.4669,0
7.253,13.4625,0
7.254,13.4582,0
7.255,13.4539,0
7.256,13.4495,0
7.257,13.4452,0
7.258,13.4408,0
7.259,13.4365,0
7.260,13.4322,0
7.261,13.4278,0
7.262,13.4235,0
7.263,13.4192,0
7.264,13.4148,0
7.265,13.4105,0
7.266,13.4061,0
7.267,13.4018,0
7.268,13.3975,0
7.269,13.3931,0
7.270,13.3888,0
7.271,13.3845,0
7.272,13.3801,0
7.273,13.3758,0
7.274,13.3715,0
7.275,13.3671,0
7.276,13.3628,0
7.277,13.3584,0
7.278,13.3541,0
7.279,13.3498,0
7.280,13.3454,0
7.281,13.3411,0
7.282,13.3368,0
7.283,13.3324,0
7.284,13.3281,0
7.285,13.3238,0
7.286,13.3194,0
7.287,13.3151,0
7.288,13.3107,0
7.289,13.3064,0
7.290,13.3021,0
7.291,13.2977,0
7.292,13.2934,0
7.293,13.2891,0
7.294,13.2847,0
7.295,13.2804,0
7.296,13.2761,0
7.297,13.2717,0
7.298,13.2674,0
7.299,13.2631,0
7.300,13.2587,0
7.301,13.2544,0
7.302,13.2500,0
7.303,13.2457,0
7.304,13.2414,0
7.305,13.2370,0
7.306,13.2327,0
7.307,13.2284,0
7.308,13.2240,0
7.309,13.2197,0
7.310,13.2154,0
7.311,13.2110,0
7.312,13.2067,0
7.313,13.2024,0
7.314,13.1980,0
7.315,13.1937,0
7.316,13.1893,0
7.317,13.1850,0
7.318,13.1807,0
7.319,13.1763,0
7.320,13.1720,0
7.321,13.1677,0
7.322,13.1633,0
7.323,13.1590,0
7.324,13.1547,0
7.325,13.1503,0
7.326,13.1460,0
7.327,13.1417,0
7.328,13.1373,0
7.329,13.1330,0
7.330,13.1287,0
7.331,13.1243,0
7.332,13.1200,0
7.333,13.1157,0
7.334,13.1113,0
7.335,13.1070,0
7.336,13.1027,0
7.337,13.0983,0
7.338,13.0940,0
7.339,13.0897,0
7.340,13.0853,0
7.341,13.0810,0
7.342,13.0766,0
7.343,13.0723,0
7.344,13.0680,0
7.345,13.0636,0
7.346,13.0593,0
7.347,13.0550,0
7.348,13.0506,0
7.349,13.0463,0
7.350,13.0420,0
7.351,13.0376,0
7.352,13.0333,0
7.353,13.0290,0
7.354,13.0246,0
7.355,13.0203,0
7.356,13.0160,0
7.357,13.0116,0
7.358,13.0073,0
7.359,13.0030,0
7.360,12.9986,0
7.361,12.9943,0
7.362,12.9900,0
7.363,12.9856,0
7.364,12.9813,0
7.365,12.9770,0
7.366,12.9726,0
7.367,12.9683,0
7.368,12.9640,0
7.369,12.9596,0
7.370,12.9553,0
7.371,12.9510,0
7.372,12.9466,0
7.373,12.9423,0
7.374,12.9380,0
7.375,12.9336,0
7.376,12.9293,0
7.377,12.9250,0
7.378,12.9206,0
7.379,12.9163,0
7.380,12.9120,0
7.381,12.9076,0
7.382,12.9033,0
7.383,12.8990,0
7.384,12.8947,0
7.385,12.8903,0
7.386,12.8860,0
7.387,12.8817,0
7.388,12.8773,0
7.389,12.8730,0
7.390,12.8687,0
7.391,12.8643,0
7.392,12.8600,0
7.393,12.8557,0
7.394,12.8513,0
7.395,12.8470,0
7.396,12.8427,0
7.397,12.8383,0
7.398,12.8340,0
7.399,12.8297,0
7.400,12.8253,0
7.401,12.8210,0
7.402,12.8167,0
7.403,12.8123,0
7.404,12.8080,0
7.405,12.8037,0
7.406,12.7994,0
7.407,12.7950,0
7.408,12.7907,0
7.409,12.7864,0
7.410,12.7820,0
7.411,12.7777,0
7.412,12.7734,0
7.413,12.7690,0
7.414,12.7647,0
7.415,12.7604,0
7.416,12.7560,0
7.417,12.7517,0
7.418,12.7474,0
7.419,12.7430,0
7.420,12.7387,0
7.421,12.7344,0
7.422,12.7301,0
7.423,12.7257,0
7.424,12.7214,0
7.425,12.7171,0
7.426,12.7127,0
7.427,12.7084,0
7.428,12.7041,0
7.429,12.6997,0
7.430,12.6954,0
7.431,12.6911,0
7.432,12.6868,0
7.433,12.6824,0
7.434,12.6781,0
7.435,12.6738,0
7.436,12.6694,0
7.437,12.6651,0
7.438,12.6608,0
7.439,12.6564,0
7.440,12.6521,0
7.441,12.6478,0
7.442,12.6435,0
7.443,12.6391,0
7.444,12.6348,0
7.445,12.6305,0
7.446,12.6261,0
7.447,12.6218,0
7.448,12.6175,0
7.449,12.6131,0
7.450,12.6088,0
7.451,12.6045,0
7.452,12.6002,0
7.453,12.5958,0
7.454,12.5915,0
7.455,12.5872,0
7.456,12.5828,0
7.457,12.5785,0
7.458,12.5742,0
7.459,12.5699,0
7.460,12.5655,0
7.461,12.5612,0
7.462,12.5569,0
7.463,12.5525,0
7.464,12.5482,0
7.465,12.5439,0
7.466,12.5396,0
7.467,12.5352,0
7.468,12.5309,0
7.469,12.5266,0
7.470,12.5222,0
7.471,12.5179,0
7.472,12.5136,0
7.473,12.5093,0
7.474,12.5049,0
7.475,12.5006,0
7.476,12.4963,0
7.477,12.4920,0
7.478,12.4876,0
7.479,12.4833,0
7.480,12.4790,0
7.481,12.4746,0
7.482,12.4703,0
7.483,12.4660,0
7.484,12.4617,0
7.485,12.4573,0
7.486,12.4530,0
7.487,12.4487,0
7.488,12.4444,0
7.489,12.4400,0
7.490,12.4357,0
7.491,12.4314,0
7.492,12.4270,0
7.493,12.4227,0
7.494,12.4184,0
7.495,12.4141,0
7.496,12.4097,0
7.497,12.4054,0
7.498,12.4011,0
7.499,12.3968,0
7.500,12.3924,0
7.501,12.3881,0
7.502,12.3838,0
7.503,12.3795,0
7.504,12.3751,0
7.505,12.3708,0
7.506,12.3665,0
7.507,12.3622,0
7.508,12.3578,0
7.509,12.3535,0
7.510,12.3492,0
7.511,12.3448,0
7.512,12.3405,0
7.513,12.3362,0
7.514,12.3319,0
7.515,12.3275,0
7.516,12.3232,0
7.517,12.3189,0
7.518,12.3146,0
7.519,12.3102,0
7.520,12.3059,0
7.521,12.3016,0
7.522,12.2973,0
7.523,12.2929,0
7.524,12.2886,0
7.525,12.2843,0
7.526,12.2800,0
7.527,12.2756,0
7.528,12.2713,0
7.529,12.2670,0
7.530,12.2627,0
7.531,12.2583,0
7.532,12.2540,0
7.533,12.2497,0
7.534,12.2454,0
7.535,12.2411,0
7.536,12.2367,0
7.537,12.2324,0
7.538,12.2281,0
7.539,12.2238,0
7.540,12.2194,0
7.541,12.2151,0
7.542,12.2108,0
7.543,12.2065,0
7.544,12.2021,0
7.545,12.1978,0
7.546,12.1935,0
7.547,12.1892,0
7.548,12.1848,0
7.549,12.1805,0
7.550,12.1762,0
7.551,12.1719,0
7.552,12.1676,0
7.553,12.1632,0
7.554,12.1589,0
7.555,12.1546,0
7.556,12.1503,0
7.557,12.1459,0
7.558,12.1416,0
7.559,12.1373,0
7.560,12.1330,0
7.561,12.1286,0
7.562,12.1243,0
7.563,12.1200,0
7.564,12.1157,0
7.565,12.1114,0
7.566,12.1070,0
7.567,12.1027,0
7.568,12.0984,0
7.569,12.0941,0
7.570,12.0898,0
7.571,12.0854,0
7.572,12.0811,0
7.573,12.0768,0
7.574,12.0725,0
7.575,12.0681,0
7.576,12.0638,0
7.577,12.0595,0
7.578,12.0552,0
7.579,12.0509,0
7.580,12.0465,0
7.581,12.0422,0
7.582,12.0379,0
7.583,12.0336,0
7.584,12.0293,0
7.585,12.0249,0
7.586,12.0206,0
7.587,12.0163,0
7.588,12.0120,0
7.589,12.0077,0
7.590,12.0033,0
7.591,11.9990,0
7.592,11.9947,0
7.593,11.9904,0
7.594,11.9861,0
7.595,11.9817,0
7.596,11.9774,0
7.597,11.9731,0
7.598,11.9688,0
7.599,11.9645,0
7.600,11.9601,0
7.601,11.9558,0
7.602,11.9515,0
7.603,11.9472,0
7.604,11.9429,0
7.605,11.9385,0
7.606,11.9342,0
7.607,11.9299,0
7.608,11.9256,0
7.609,11.9213,0
7.610,11.9169,0
7.611,11.9126,0
7.612,11.9083,0
7.613,11.9040,0
7.614,11.8997,0
7.615,11.8954,0
7.616,11.8910,0
7.617,11.8867,0
7.618,11.8824,0
7.619,11.8781,0
7.620,11.8738,0
7.621,11.8694,0
7.622,11.8651,0
7.623,11.8608,0
7.624,11.8565,0
7.625,11.8522,0
7.626,11.8479,0
7.627,11.8435,0
7.628,11.8392,0
7.629,11.8349,0
7.630,11.8306,0
7.631,11.8263,0
7.632,11.8220,0
7.633,11.8176,0
7.634,11.8133,0
7.635,11.8090,0
7.636,11.8047,0
7.637,11.8004,0
7.638,11.7961,0
7.639,11.7917,0
7.640,11.7874,0
7.641,11.7831,0
7.642,11.7788,0
7.643,11.7745,0
7.644,11.7702,0
7.645,11.7658,0
7.646,11.7615,0
7.647,11.7572,0
7.648,11.7529,0
7.649,11.7486,0
7.650,11.7443,0
7.651,11.7400,0
7.652,11.7356,0
7.653,11.7313,0
7.654,11.7270,0
7.655,11.7227,0
7.656,11.7184,0
7.657,11.7141,0
7.658,11.7097,0
7.659,11.7054,0
7.660,11.7011,0
7.661,11.6968,0
7.662,11.6925,0
7.663,11.6882,0
7.664,11.6839,0
7.665,11.6795,0
7.666,11.6752,0
7.667,11.6709,0
7.668,11.6666,0
7.669,11.6623,0
7.670,11.6580,0
7.671,11.6537,0
7.672,11.6494,0
7.673,11.6450,0
7.674,11.6407,0
7.675,11.6364,0
7.676,11.6321,0
7.677,11.6278,0
7.678,11.6235,0
7.679,11.6192,0
7.680,11.6148,0
7.681,11.6105,0
7.682,11.6062,0
7.683,11.6019,0
7.684,11.5976,0
7.685,11.5933,0
7.686,11.5890,0
7.687,11.5847,0
7.688,11.5803,0
7.689,11.5760,0
7.690,11.5717,0
7.691,11.5674,0
7.692,11.5631,0
7.693,11.5588,0
7.694,11.5545,0
7.695,11.5502,0
7.696,11.5459,0
7.697,11.5415,0
7.698,11.5372,0
7.699,11.5329,0
7.700,11.5286,0
7.701,11.5243,0
7.702,11.5200,0
7.703,11.5157,0
7.704,11.5114,0
7.705,11.5071,0
7.706,11.5028,0
7.707,11.4984,0
7.708,11.4941,0
7.709,11.4898,0
7.710,11.4855,0
7.711,11.4812,0
7.712,11.4769,0
7.713,11.4726,0
7.714,11.4683,0
7.715,11.4640,0
7.716,11.4597,0
7.717,11.4553,0
7.718,11.4510,0
7.719,11.4467,0
7.720,11.4424,0
7.721,11.4381,0
7.722,11.4338,0
7.723,11.4295,0
7.724,11.4252,0
7.725,11.4209,0
7.726,11.4166,0
7.727,11.4123,0
7.728,11.4080,0
7.729,11.4036,0
7.730,11.3993,0
7.731,11.3950,0
7.732,11.3907,0
7.733,11.3864,0
7.734,11.3821,0
7.735,11.3778,0
7.736,11.3735,0
7.737,11.3692,0
7.738,11.3649,0
7.739,11.3606,0
7.740,11.3563,0
7.741,11.3520,0
7.742,11.3477,0
7.743,11.3433,0
7.744,11.3390,0
7.745,11.3347,0
7.746,11.3304,0
7.747,11.3261,0
7.748,11.3218,0
7.749,11.3175,0
7.750,11.3132,0
7.751,11.3089,0
7.752,11.3046,0
7.753,11.3003,0
7.754,11.2960,0
7.755,11.2917,0
7.756,11.2874,0
7.757,11.2831,0
7.758,11.2788,0
7.759,11.2745,0
7.760,11.2702,0
7.761,11.2658,0
7.762,11.2615,0
7.763,11.2572,0
7.764,11.2529,0
7.765,11.2486,0
7.766,11.2443,0
7.767,11.2400,0
7.768,11.2357,0
7.769,11.2314,0
7.770,11.2271,0
7.771,11.2228,0
7.772,11.2185,0
7.773,11.2142,0
7.774,11.2099,0
7.775,11.2056,0
7.776,11.2013,0
7.777,11.1970,0
7.778,11.1927,0
7.779,11.1884,0
7.780,11.1841,0
7.781,11.1798,0
7.782,11.1755,0
7.783,11.1712,0
7.784,11.1669,0
7.785,11.1626,0
7.786,11.1583,0
7.787,11.1540,0
7.788,11.1497,0
7.789,11.1454,0
7.790,11.1411,0
7.791,11.1368,0
7.792,11.1325,0
7.793,11.1282,0
7.794,11.1239,0
7.795,11.1196,0
7.796,11.1153,0
7.797,11.1110,0
7.798,11.1067,0
7.799,11.1024,0
7.800,11.0981,0
7.801,11.0938,0
7.802,11.0895,0
7.803,11.0852,0
7.804,11.0809,0
7.805,11.0766,0
7.806,11.0723,0
7.807,11.0680,0
7.808,11.0637,0
7.809,11.0594,0
7.810,11.0551,0
7.811,11.0508,0
7.812,11.0465,0
7.813,11.0422,0
7.814,11.0379,0
7.815,11.0336,0
7.816,11.0293,0
7.817,11.0250,0
7.818,11.0207,0
7.819,11.0164,0
7.820,11.0121,0
7.821,11.0078,0
7.822,11.0035,0
7.823,10.9992,0
7.824,10.9949,0
7.825,10.9906,0
7.826,10.9863,0
7.827,10.9820,0
7.828,10.9777,0
7.829,10.9734,0
7.830,10.9691,0
7.831,10.9648,0
7.832,10.9605,0
7.833,10.9562,0
7.834,10.9519,0
7.835,10.9476,0
7.836,10.9433,0
7.837,10.9390,0
7.838,10.9347,0
7.839,10.9304,0
7.840,10.9262,0
7.841,10.9219,0
7.842,10.9176,0
7.843,10.9133,0
7.844,10.9090,0
7.845,10.9047,0
7.846,10.9004,0
7.847,10.8961,0
7.848,10.8918,0
7.849,10.8875,0
7.850,10.8832,0
7.851,10.8789,0
7.852,10.8746,0
7.853,10.8703,0
7.854,10.8660,0
7.855,10.8617,0
7.856,10.8574,0
7.857,10.8532,0
7.858,10.8489,0
7.859,10.8446,0
7.860,10.8403,0
7.861,10.8360,0
7.862,10.8317,0
7.863,10.8274,0
7.864,10.8231,0
7.865,10.8188,0
7.866,10.8145,0
7.867,10.8102,0
7.868,10.8059,0
7.869,10.8017,0
7.870,10.7974,0
7.871,10.7931,0
7.872,10.7888,0
7.873,10.7845,0
7.874,10.7802,0
7.875,10.7759,0
7.876,10.7716,0
7.877,10.7673,0
7.878,10.7630,0
7.879,10.7587,0
7.880,10.7545,0
7.881,10.7502,0
7.882,10.7459,0
7.883,10.7416,0
7.884,10.7373,0
7.885,10.7330,0
7.886,10.7287,0
7.887,10.7244,0
7.888,10.7201,0
7.889,10.7159,0
7.890,10.7116,0
7.891,10.7073,0
7.892,10.7030,0
7.893,10.6987,0
7.894,10.6944,0
7.895,10.6901,0
7.896,10.6858,0
7.897,10.6816,0
7.898,10.6773,0
7.899,10.6730,0
7.900,10.6687,0
7.901,10.6644,0
7.902,10.6601,0
7.903,10.6558,0
7.904,10.6515,0
7.905,10.6473,0
7.906,10.6430,0
7.907,10.6387,0
7.908,10.6344,0
7.909,10.6301,0
7.910,10.6258,0
7.911,10.6215,0
7.912,10.6173,0
7.913,10.6130,0
7.914,10.6087,0
7.915,10.6044,0
7.916,10.6001,0
7.917,10.5958,0
7.918,10.5915,0
7.919,10.5873,0
7.920,10.5830,0
7.921,10.5787,0
7.922,10.5744,0
7.923,10.5701,0
7.924,10.5658,0
7.925,10.5616,0
7.926,10.5573,0
7.927,10.5530,0
7.928,10.5487,0
7.929,10.5444,0
7.930,10.5401,0
7.931,10.5359,0
7.932,10.5316,0
7.933,10.5273,0
7.934,10.5230,0
7.935,10.5187,0
7.936,10.5145,0
7.937,10.5102,0
7.938,10.5059,0
7.939,10.5016,0
7.940,10.4973,0
7.941,10.4931,0
7.942,10.4888,0
7.943,10.4845,0
7.944,10.4802,0
7.945,10.4759,0
7.946,10.4717,0
7.947,10.4674,0
7.948,10.4631,0
7.949,10.4588,0
7.950,10.4545,0
7.951,10.4503,0
7.952,10.4460,0
7.953,10.4417,0
7.954,10.4374,0
7.955,10.4331,0
7.956,10.4289,0
7.957,10.4246,0
7.958,10.4203,0
7.959,10.4160,0
7.960,10.4117,0
7.961,10.4075,0
7.962,10.4032,0
7.963,10.3989,0
7.964,10.3946,0
7.965,10.3904,0
7.966,10.3861,0
7.967,10.3818,0
7.968,10.3775,0
7.969,10.3733,0
7.970,10.3690,0
7.971,10.3647,0
7.972,10.3604,0
7.973,10.3562,0
7.974,10.3519,0
7.975,10.3476,0
7.976,10.3433,0
7.977,10.3391,0
7.978,10.3348,0
7.979,10.3305,0
7.980,10.3262,0
7.981,10.3220,0
7.982,10.3177,0
7.983,10.3134,0
7.984,10.3091,0
7.985,10.3049,0
7.986,10.3006,0
7.987,10.2963,0
7.988,10.2920,0
7.989,10.2878,0
7.990,10.2835,0
7.991,10.2792,0
7.992,10.2749,0
7.993,10.2707,0
7.994,10.2664,0
7.995,10.2621,0
7.996,10.2579,0
7.997,10.2536,0
7.998,10.2493,0
7.999,10.2450,0
8.000,10.2408,0
8.001,10.2365,0
8.002,10.2322,0
8.003,10.2280,0
8.004,10.2237,0
8.005,10.2194,0
8.006,10.2152,0
8.007,10.2109,0
8.008,10.2066,0
8.009,10.2023,0
8.010,10.1981,0
8.011,10.1938,0
8.012,10.1895,0
8.013,10.1853,0
8.014,10.1810,0
8.015,10.1767,0
8.016,10.1725,0
8.017,10.1682,0
8.018,10.1639,0
8.019,10.1597,0
8.020,10.1554,0
8.021,10.1511,0
8.022,10.1469,0
8.023,10.1426,0
8.024,10.1383,0
8.025,10.1341,0
8.026,10.1298,0
8.027,10.1255,0
8.028,10.1213,0
8.029,10.1170,0
8.030,10.1127,0
8.031,10.1085,0
8.032,10.1042,0
8.033,10.0999,0
8.034,10.0957,0
8.035,10.0914,0
8.036,10.0871,0
8.037,10.0829,0
8.038,10.0786,0
8.039,10.0743,0
8.040,10.0701,0
8.041,10.0658,0
8.042,10.0616,0
8.043,10.0573,0
8.044,10.0530,0
8.045,10.0488,0
8.046,10.0445,0
8.047,10.0402,0
8.048,10.0360,0
8.049,10.0317,0
8.050,10.0275,0
8.051,10.0232,0
8.052,10.0189,0
8.053,10.0147,0
8.054,10.0104,0
8.055,10.0061,0
8.056,10.0019,0
8.057,9.9976,1
8.058,9.9934,1
8.059,9.9891,1
8.060,9.9848,1
8.061,9.9806,1
8.062,9.9763,1
8.063,9.9721,1
8.064,9.9678,1
8.065,9.9635,1
8.066,9.9593,1
8.067,9.9550,1
8.068,9.9508,1
8.069,9.9465,1
8.070,9.9423,1
8.071,9.9380,1
8.072,9.9337,1
8.073,9.9295,1
8.074,9.9252,1
8.075,9.9210,1
8.076,9.9167,1
8.077,9.9125,1
8.078,9.9082,1
8.079,9.9039,1
8.080,9.8997,1
8.081,9.8954,1
8.082,9.8912,1
8.083,9.8869,1
8.084,9.8827,1
8.085,9.8784,1
8.086,9.8742,1
8.087,9.8699,1
8.088,9.8656,1
8.089,9.8614,1
8.090,9.8571,1
8.091,9.8529,1
8.092,9.8486,1
8.093,9.8444,1
8.094,9.8401,1
8.095,9.8359,1
8.096,9.8316,1
8.097,9.8274,1
8.098,9.8231,1
8.099,9.8189,1
8.100,9.8146,1
8.101,9.8104,1
8.102,9.8061,1
8.103,9.8019,1
8.104,9.7976,1
8.105,9.7934,1
8.106,9.7891,1
8.107,9.7849,1
8.108,9.7806,1
8.109,9.7764,1
8.110,9.7721,1
8.111,9.7679,1
8.112,9.7636,1
8.113,9.7594,1
8.114,9.7551,1
8.115,9.7509,1
8.116,9.7466,1
8.117,9.7424,1
8.118,9.7381,1
8.119,9.7339,1
8.120,9.7296,1
8.121,9.7254,1
8.122,9.7211,1
8.123,9.7169,1
8.124,9.7126,1
8.125,9.7084,1
8.126,9.7041,1
8.127,9.6999,1
8.128,9.6957,1
8.129,9.6914,1
8.130,9.6872,1
8.131,9.6829,1
8.132,9.6787,1
8.133,9.6744,1
8.134,9.6702,1
8.135,9.6659,1
8.136,9.6617,1
8.137,9.6575,1
8.138,9.6532,1
8.139,9.6490,1
8.140,9.6447,1
8.141,9.6405,1
8.142,9.6362,1
8.143,9.6320,1
8.144,9.6278,1
8.145,9.6235,1
8.146,9.6193,1
8.147,9.6150,1
8.148,9.6108,1
8.149,9.6065,1
8.150,9.6023,1
8.151,9.5981,1
8.152,9.5938,1
8.153,9.5896,1
8.154,9.5853,1
8.155,9.5811,1
8.156,9.5769,1
8.157,9.5726,1
8.158,9.5684,1
8.159,9.5641,1
8.160,9.5599,1
8.161,9.5557,1
8.162,9.5514,1
8.163,9.5472,1
8.164,9.5430,1
8.165,9.5387,1
8.166,9.5345,1
8.167,9.5302,1
8.168,9.5260,1
8.169,9.5218,1
8.170,9.5175,1
8.171,9.5133,1
8.172,9.5091,1
8.173,9.5048,1
8.174,9.5006,1
8.175,9.4964,1
8.176,9.4921,1
8.177,9.4879,1
8.178,9.4837,1
8.179,9.4794,1
8.180,9.4752,1
8.181,9.4710,1
8.182,9.4667,1
8.183,9.4625,1
8.184,9.4583,1
8.185,9.4540,1
8.186,9.4498,1
8.187,9.4456,1
8.188,9.4413,1
8.189,9.4371,1
8.190,9.4329,1
8.191,9.4286,1
8.192,9.4244,1
8.193,9.4202,1
8.194,9.4160,1
8.195,9.4117,1
8.196,9.4075,1
8.197,9.4033,1
8.198,9.3990,1
8.199,9.3948,1
8.200,9.3906,1
8.201,9.3863,1
8.202,9.3821,1
8.203,9.3779,1
8.204,9.3737,1
8.205,9.3694,1
8.206,9.3652,1
8.207,9.3610,1
8.208,9.3568,1
8.209,9.3525,1
8.210,9.3483,1
8.211,9.3441,1
8.212,9.3399,1
8.213,9.3356,1
8.214,9.3314,1
8.215,9.3272,1
8.216,9.3230,1
8.217,9.3187,1
8.218,9.3145,1
8.219,9.3103,1
8.220,9.3061,1
8.221,9.3018,1
8.222,9.2976,1
8.223,9.2934,1
8.224,9.2892,1
8.225,9.2849,1
8.226,9.2807,1
8.227,9.2765,1
8.228,9.2723,1
8.229,9.2681,1
8.230,9.2638,1
8.231,9.2596,1
8.232,9.2554,1
8.233,9.2512,1
8.234,9.2470,1
8.235,9.2427,1
8.236,9.2385,1
8.237,9.2343,1
8.238,9.2301,1
8.239,9.2259,1
8.240,9.2216,1
8.241,9.2174,1
8.242,9.2132,1
8.243,9.2090,1
8.244,9.2048,1
8.245,9.2006,1
8.246,9.1963,1
8.247,9.1921,1
8.248,9.1879,1
8.249,9.1837,1
8.250,9.1795,1
8.251,9.1753,1
8.252,9.1711,1
8.253,9.1668,1
8.254,9.1626,1
8.255,9.1584,1
8.256,9.1542,1
8.257,9.1500,1
8.258,9.1458,1
8.259,9.1416,1
8.260,9.1373,1
8.261,9.1331,1
8.262,9.1289,1
8.263,9.1247,1
8.264,9.1205,1
8.265,9.1163,1
8.266,9.1121,1
8.267,9.1079,1
8.268,9.1037,1
8.269,9.0994,1
8.270,9.0952,1
8.271,9.0910,1
8.272,9.0868,1
8.273,9.0826,1
8.274,9.0784,1
8.275,9.0742,1
8.276,9.0700,1
8.277,9.0658,1
8.278,9.0616,1
8.279,9.0574,1
8.280,9.0532,1
8.281,9.0490,1
8.282,9.0447,1
8.283,9.0405,1
8.284,9.0363,1
8.285,9.0321,1
8.286,9.0279,1
8.287,9.0237,1
8.288,9.0195,1
8.289,9.0153,1
8.290,9.0111,1
8.291,9.0069,1
8.292,9.0027,1
8.293,8.9985,1
8.294,8.9943,1
8.295,8.9901,1
8.296,8.9859,1
8.297,8.9817,1
8.298,8.9775,1
8.299,8.9733,1
8.300,8.9691,1
8.301,8.9649,1
8.302,8.9607,1
8.303,8.9565,1
8.304,8.9523,1
8.305,8.9481,1
8.306,8.9439,1
8.307,8.9397,1
8.308,8.9355,1
8.309,8.9313,1
8.310,8.9271,1
8.311,8.9229,1
8.312,8.9187,1
8.313,8.9145,1
8.314,8.9103,1
8.315,8.9061,1
8.316,8.9019,1
8.317,8.8977,1
8.318,8.8935,1
8.319,8.8893,1
8.320,8.8851,1
8.321,8.8809,1
8.322,8.8768,1
8.323,8.8726,1
8.324,8.8684,1
8.325,8.8642,1
8.326,8.8600,1
8.327,8.8558,1
8.328,8.8516,1
8.329,8.8474,1
8.330,8.8432,1
8.331,8.8390,1
8.332,8.8348,1
8.333,8.8306,1
8.334,8.8265,1
8.335,8.8223,1
8.336,8.8181,1
8.337,8.8139,1
8.338,8.8097,1
8.339,8.8055,1
8.340,8.8013,1
8.341,8.7971,1
8.342,8.7929,1
8.343,8.7888,1
8.344,8.7846,1
8.345,8.7804,1
8.346,8.7762,1
8.347,8.7720,1
8.348,8.7678,1
8.349,8.7636,1
8.350,8.7595,1
8.351,8.7553,1
8.352,8.7511,1
8.353,8.7469,1
8.354,8.7427,1
8.355,8.7385,1
8.356,8.7344,1
8.357,8.7302,1
8.358,8.7260,1
8.359,8.7218,1
8.360,8.7176,1
8.361,8.7135,1
8.362,8.7093,1
8.363,8.7051,1
8.364,8.7009,1
8.365,8.6967,1
8.366,8.6926,1
8.367,8.6884,1
8.368,8.6842,1
8.369,8.6800,1
8.370,8.6758,1
8.371,8.6717,1
8.372,8.6675,1
8.373,8.6633,1
8.374,8.6591,1
8.375,8.6550,1
8.376,8.6508,1
8.377,8.6466,1
8.378,8.6424,1
8.379,8.6383,1
8.380,8.6341,1
8.381,8.6299,1
8.382,8.6257,1
8.383,8.6216,1
8.384,8.6174,1
8.385,8.6132,1
8.386,8.6091,1
8.387,8.6049,1
8.388,8.6007,1
8.389,8.5965,1
8.390,8.5924,1
8.391,8.5882,1
8.392,8.5840,1
8.393,8.5799,1
8.394,8.5757,1
8.395,8.5715,1
8.396,8.5674,1
8.397,8.5632,1
8.398,8.5590,1
8.399,8.5549,1
8.400,8.5507,1
8.401,8.5465,1
8.402,8.5424,1
8.403,8.5382,1
8.404,8.5340,1
8.405,8.5299,1
8.406,8.5257,1
8.407,8.5215,1
8.408,8.5174,1
8.409,8.5132,1
8.410,8.5091,1
8.411,8.5049,1
8.412,8.5007,1
8.413,8.4966,1
8.414,8.4924,1
8.415,8.4882,1
8.416,8.4841,1
8.417,8.4799,1
8.418,8.4758,1
8.419,8.4716,1
8.420,8.4674,1
8.421,8.4633,1
8.422,8.4591,1
8.423,8.4550,1
8.424,8.4508,1
8.425,8.4467,1
8.426,8.4425,1
8.427,8.4383,1
8.428,8.4342,1
8.429,8.4300,1
8.430,8.4259,1
8.431,8.4217,1
8.432,8.4176,1
8.433,8.4134,1
8.434,8.4093,1
8.435,8.4051,1
8.436,8.4010,1
8.437,8.3968,1
8.438,8.3926,1
8.439,8.3885,1
8.440,8.3843,1
8.441,8.3802,1
8.442,8.3760,1
8.443,8.3719,1
8.444,8.3677,1
8.445,8.3636,1
8.446,8.3594,1
8.447,8.3553,1
8.448,8.3511,1
8.449,8.3470,1
8.450,8.3429,1
8.451,8.3387,1
8.452,8.3346,1
8.453,8.3304,1
8.454,8.3263,1
8.455,8.3221,1
8.456,8.3180,1
8.457,8.3138,1
8.458,8.3097,1
8.459,8.3055,1
8.460,8.3014,1
8.461,8.2973,1
8.462,8.2931,1
8.463,8.2890,1
8.464,8.2848,1
8.465,8.2807,1
8.466,8.2766,1
8.467,8.2724,1
8.468,8.2683,1
8.469,8.2641,1
8.470,8.2600,1
8.471,8.2559,1
8.472,8.2517,1
8.473,8.2476,1
8.474,8.2434,1
8.475,8.2393,1
8.476,8.2352,1
8.477,8.2310,1
8.478,8.2269,1
8.479,8.2228,1
8.480,8.2186,1
8.481,8.2145,1
8.482,8.2104,1
8.483,8.2062,1
8.484,8.2021,1
8.485,8.1980,1
8.486,8.1938,1
8.487,8.1897,1
8.488,8.1856,1
8.489,8.1814,1
8.490,8.1773,1
8.491,8.1732,1
8.492,8.1690,1
8.493,8.1649,1
8.494,8.1608,1
8.495,8.1567,1
8.496,8.1525,1
8.497,8.1484,1
8.498,8.1443,1
8.499,8.1401,1
8.500,8.1360,1
8.501,8.1319,1
8.502,8.1278,1
8.503,8.1236,1
8.504,8.1195,1
8.505,8.1154,1
8.506,8.1113,1
8.507,8.1071,1
8.508,8.1030,1
8.509,8.0989,1
8.510,8.0948,1
8.511,8.0907,1
8.512,8.0865,1
8.513,8.0824,1
8.514,8.0783,1
8.515,8.0742,1
8.516,8.0701,1
8.517,8.0659,1
8.518,8.0618,1
8.519,8.0577,1
8.520,8.0536,1
8.521,8.0495,1
8.522,8.0454,1
8.523,8.0412,1
8.524,8.0371,1
8.525,8.0330,1
8.526,8.0289,1
8.527,8.0248,1
8.528,8.0207,1
8.529,8.0166,1
8.530,8.0124,1
8.531,8.0083,1
8.532,8.0042,1
8.533,8.0001,1
8.534,7.9960,1
8.535,7.9919,1
8.536,7.9878,1
8.537,7.9837,1
8.538,7.9796,1
8.539,7.9755,1
8.540,7.9713,1
8.541,7.9672,1
8.542,7.9631,1
8.543,7.9590,1
8.544,7.9549,1
8.545,7.9508,1
8.546,7.9467,1
8.547,7.9426,1
8.548,7.9385,1
8.549,7.9344,1
8.550,7.9303,1
8.551,7.9262,1
8.552,7.9221,1
8.553,7.9180,1
8.554,7.9139,1
8.555,7.9098,1
8.556,7.9057,1
8.557,7.9016,1
8.558,7.8975,1
8.559,7.8934,1
8.560,7.8893,1
8.561,7.8852,1
8.562,7.8811,1
8.563,7.8770,1
8.564,7.8729,1
8.565,7.8688,1
8.566,7.8647,1
8.567,7.8606,1
8.568,7.8565,1
8.569,7.8524,1
8.570,7.8483,1
8.571,7.8442,1
8.572,7.8402,1
8.573,7.8361,1
8.574,7.8320,1
8.575,7.8279,1
8.576,7.8238,1
8.577,7.8197,1
8.578,7.8156,1
8.579,7.8115,1
8.580,7.8074,1
8.581,7.8033,1
8.582,7.7993,1
8.583,7.7952,1
8.584,7.7911,1
8.585,7.7870,1
8.586,7.7829,1
8.587,7.7788,1
8.588,7.7747,1
8.589,7.7707,1
8.590,7.7666,1
8.591,7.7625,1
8.592,7.7584,1
8.593,7.7543,1
8.594,7.7503,1
8.595,7.7462,1
8.596,7.7421,1
8.597,7.7380,1
8.598,7.7339,1
8.599,7.7299,1
8.600,7.7258,1
8.601,7.7217,1
8.602,7.7176,1
8.603,7.7136,1
8.604,7.7095,1
8.605,7.7054,1
8.606,7.7013,1
8.607,7.6973,1
8.608,7.6932,1
8.609,7.6891,1
8.610,7.6850,1
8.611,7.6810,1
8.612,7.6769,1
8.613,7.6728,1
8.614,7.6688,1
8.615,7.6647,1
8.616,7.6606,1
8.617,7.6565,1
8.618,7.6525,1
8.619,7.6484,1
8.620,7.6443,1
8.621,7.6403,1
8.622,7.6362,1
8.623,7.6321,1
8.624,7.6281,1
8.625,7.6240,1
8.626,7.6200,1
8.627,7.6159,1
8.628,7.6118,1
8.629,7.6078,1
8.630,7.6037,1
8.631,7.5996,1
8.632,7.5956,1
8.633,7.5915,1
8.634,7.5875,1
8.635,7.5834,1
8.636,7.5794,1
8.637,7.5753,1
8.638,7.5712,1
8.639,7.5672,1
8.640,7.5631,1
8.641,7.5591,1
8.642,7.5550,1
8.643,7.5510,1
8.644,7.5469,1
8.645,7.5429,1
8.646,7.5388,1
8.647,7.5348,1
8.648,7.5307,1
8.649,7.5267,1
8.650,7.5226,1
8.651,7.5186,1
8.652,7.5145,1
8.653,7.5105,1
8.654,7.5064,1
8.655,7.5024,1
8.656,7.4983,1
8.657,7.4943,1
8.658,7.4902,1
8.659,7.4862,1
8.660,7.4821,1
8.661,7.4781,1
8.662,7.4741,1
8.663,7.4700,1
8.664,7.4660,1
8.665,7.4619,1
8.666,7.4579,1
8.667,7.4539,1
8.668,7.4498,1
8.669,7.4458,1
8.670,7.4417,1
8.671,7.4377,1
8.672,7.4337,1
8.673,7.4296,1
8.674,7.4256,1
8.675,7.4216,1
8.676,7.4175,1
8.677,7.4135,1
8.678,7.4095,1
8.679,7.4054,1
8.680,7.4014,1
8.681,7.3974,1
8.682,7.3933,1
8.683,7.3893,1
8.684,7.3853,1
8.685,7.3812,1
8.686,7.3772,1
8.687,7.3732,1
8.688,7.3692,1
8.689,7.3651,1
8.690,7.3611,1
8.691,7.3571,1
8.692,7.3531,1
8.693,7.3490,1
8.694,7.3450,1
8.695,7.3410,1
8.696,7.3370,1
8.697,7.3330,1
8.698,7.3289,1
8.699,7.3249,1
8.700,7.3209,1
8.701,7.3169,1
8.702,7.3129,1
8.703,7.3088,1
8.704,7.3048,1
8.705,7.3008,1
8.706,7.2968,1
8.707,7.2928,1
8.708,7.2888,1
8.709,7.2848,1
8.710,7.2807,1
8.711,7.2767,1
8.712,7.2727,1
8.713,7.2687,1
8.714,7.2647,1
8.715,7.2607,1
8.716,7.2567,1
8.717,7.2527,1
8.718,7.2487,1
8.719,7.2447,1
8.720,7.2407,1
8.721,7.2366,1
8.722,7.2326,1
8.723,7.2286,1
8.724,7.2246,1
8.725,7.2206,1
8.726,7.2166,1
8.727,7.2126,1
8.728,7.2086,1
8.729,7.2046,1
8.730,7.2006,1
8.731,7.1966,1
8.732,7.1926,1
8.733,7.1886,1
8.734,7.1846,1
8.735,7.1806,1
8.736,7.1767,1
8.737,7.1727,1
8.738,7.1687,1
8.739,7.1647,1
8.740,7.1607,1
8.741,7.1567,1
8.742,7.1527,1
8.743,7.1487,1
8.744,7.1447,1
8.745,7.1407,1
8.746,7.1367,1
8.747,7.1328,1
8.748,7.1288,1
8.749,7.1248,1
8.750,7.1208,1
8.751,7.1168,1
8.752,7.1128,1
8.753,7.1088,1
8.754,7.1049,1
8.755,7.1009,1
8.756,7.0969,1
8.757,7.0929,1
8.758,7.0889,1
8.759,7.0850,1
8.760,7.0810,1
8.761,7.0770,1
8.762,7.0730,1
8.763,7.0691,1
8.764,7.0651,1
8.765,7.0611,1
8.766,7.0571,1
8.767,7.0532,1
8.768,7.0492,1
8.769,7.0452,1
8.770,7.0412,1
8.771,7.0373,1
8.772,7.0333,1
8.773,7.0293,1
8.774,7.0254,1
8.775,7.0214,1
8.776,7.0174,1
8.777,7.0135,1
8.778,7.0095,1
8.779,7.0055,1
8.780,7.0016,1
8.781,6.9976,1
8.782,6.9937,1
8.783,6.9897,1
8.784,6.9857,1
8.785,6.9818,1
8.786,6.9778,1
8.787,6.9739,1
8.788,6.9699,1
8.789,6.9659,1
8.790,6.9620,1
8.791,6.9580,1
8.792,6.9541,1
8.793,6.9501,1
8.794,6.9462,1
8.795,6.9422,1
8.796,6.9383,1
8.797,6.9343,1
8.798,6.9304,1
8.799,6.9264,1
8.800,6.9225,1
8.801,6.9185,1
8.802,6.9146,1
8.803,6.9106,1
8.804,6.9067,1
8.805,6.9027,1
8.806,6.8988,1
8.807,6.8949,1
8.808,6.8909,1
8.809,6.8870,1
8.810,6.8830,1
8.811,6.8791,1
8.812,6.8752,1
8.813,6.8712,1
8.814,6.8673,1
8.815,6.8634,1
8.816,6.8594,1
8.817,6.8555,1
8.818,6.8515,1
8.819,6.8476,1
8.820,6.8437,1
8.821,6.8398,1
8.822,6.8358,1
8.823,6.8319,1
8.824,6.8280,1
8.825,6.8240,1
8.826,6.8201,1
8.827,6.8162,1
8.828,6.8123,1
8.829,6.8083,1
8.830,6.8044,1
8.831,6.8005,1
8.832,6.7966,1
8.833,6.7927,1
8.834,6.7887,1
8.835,6.7848,1
8.836,6.7809,1
8.837,6.7770,1
8.838,6.7731,1
8.839,6.7691,1
8.840,6.7652,1
8.841,6.7613,1
8.842,6.7574,1
8.843,6.7535,1
8.844,6.7496,1
8.845,6.7457,1
8.846,6.7418,1
8.847,6.7379,1
8.848,6.7339,1
8.849,6.7300,1
8.850,6.7261,1
8.851,6.7222,1
8.852,6.7183,1
8.853,6.7144,1
8.854,6.7105,1
8.855,6.7066,1
8.856,6.7027,1
8.857,6.6988,1
8.858,6.6949,1
8.859,6.6910,1
8.860,6.6871,1
8.861,6.6832,1
8.862,6.6793,1
8.863,6.6754,1
8.864,6.6715,1
8.865,6.6676,1
8.866,6.6637,1
8.867,6.6599,1
8.868,6.6560,1
8.869,6.6521,1
8.870,6.6482,1
8.871,6.6443,1
8.872,6.6404,1
8.873,6.6365,1
8.874,6.6326,1
8.875,6.6288,1
8.876,6.6249,1
8.877,6.6210,1
8.878,6.6171,1
8.879,6.6132,1
8.880,6.6094,1
8.881,6.6055,1
8.882,6.6016,1
8.883,6.5977,1
8.884,6.5938,1
8.885,6.5900,1
8.886,6.5861,1
8.887,6.5822,1
8.888,6.5783,1
8.889,6.5745,1
8.890,6.5706,1
8.891,6.5667,1
8.892,6.5629,1
8.893,6.5590,1
8.894,6.5551,1
8.895,6.5513,1
8.896,6.5474,1
8.897,6.5435,1
8.898,6.5397,1
8.899,6.5358,1
8.900,6.5320,1
8.901,6.5281,1
8.902,6.5242,1
8.903,6.5204,1
8.904,6.5165,1
8.905,6.5127,1
8.906,6.5088,1
8.907,6.5050,1
8.908,6.5011,1
8.909,6.4972,1
8.910,6.4934,1
8.911,6.4895,1
8.912,6.4857,1
8.913,6.4818,1
8.914,6.4780,1
8.915,6.4742,1
8.916,6.4703,1
8.917,6.4665,1
8.918,6.4626,1
8.919,6.4588,1
8.920,6.4549,1
8.921,6.4511,1
8.922,6.4473,1
8.923,6.4434,1
8.924,6.4396,1
8.925,6.4357,1
8.926,6.4319,1
8.927,6.4281,1
8.928,6.4242,1
8.929,6.4204,1
8.930,6.4166,1
8.931,6.4127,1
8.932,6.4089,1
8.933,6.4051,1
8.934,6.4013,1
8.935,6.3974,1
8.936,6.3936,1
8.937,6.3898,1
8.938,6.3860,1
8.939,6.3821,1
8.940,6.3783,1
8.941,6.3745,1
8.942,6.3707,1
8.943,6.3668,1
8.944,6.3630,1
8.945,6.3592,1
8.946,6.3554,1
8.947,6.3516,1
8.948,6.3478,1
8.949,6.3440,1
8.950,6.3401,1
8.951,6.3363,1
8.952,6.3325,1
8.953,6.3287,1
8.954,6.3249,1
8.955,6.3211,1
8.956,6.3173,1
8.957,6.3135,1
8.958,6.3097,1
8.959,6.3059,1
8.960,6.3021,1
8.961,6.2983,1
8.962,6.2945,1
8.963,6.2907,1
8.964,6.2869,1
8.965,6.2831,1
8.966,6.2793,1
8.967,6.2755,1
8.968,6.2717,1
8.969,6.2679,1
8.970,6.2641,1
8.971,6.2604,1
8.972,6.2566,1
8.973,6.2528,1
8.974,6.2490,1
8.975,6.2452,1
8.976,6.2414,1
8.977,6.2376,1
8.978,6.2339,1
8.979,6.2301,1
8.980,6.2263,1
8.981,6.2225,1
8.982,6.2188,1
8.983,6.2150,1
8.984,6.2112,1
8.985,6.2074,1
8.986,6.2037,1
8.987,6.1999,1
8.988,6.1961,1
8.989,6.1923,1
8.990,6.1886,1
8.991,6.1848,1
8.992,6.1810,1
8.993,6.1773,1
8.994,6.1735,1
8.995,6.1698,1
8.996,6.1660,1
8.997,6.1622,1
8.998,6.1585,1
8.999,6.1547,1
9.000,6.1510,1
9.001,6.1472,1
9.002,6.1435,1
9.003,6.1397,1
9.004,6.1360,1
9.005,6.1322,1
9.006,6.1285,1
9.007,6.1247,1
9.008,6.1210,1
9.009,6.1172,1
9.010,6.1135,1
9.011,6.1097,1
9.012,6.1060,1
9.013,6.1022,1
9.014,6.0985,1
9.015,6.0948,1
9.016,6.0910,1
9.017,6.0873,1
9.018,6.0836,1
9.019,6.0798,1
9.020,6.0761,1
9.021,6.0724,1
9.022,6.0686,1
9.023,6.0649,1
9.024,6.0612,1
9.025,6.0575,1
9.026,6.0537,1
9.027,6.0500,1
9.028,6.0463,1
9.029,6.0426,1
9.030,6.0388,1
9.031,6.0351,1
9.032,6.0314,1
9.033,6.0277,1
9.034,6.0240,1
9.035,6.0203,1
9.036,6.0166,1
9.037,6.0128,1
9.038,6.0091,1
9.039,6.0054,1
9.040,6.0017,1
9.041,5.9980,1
9.042,5.9943,1
9.043,5.9906,1
9.044,5.9869,1
9.045,5.9832,1
9.046,5.9795,1
9.047,5.9758,1
9.048,5.9721,1
9.049,5.9684,1
9.050,5.9647,1
9.051,5.9610,1
9.052,5.9573,1
9.053,5.9536,1
9.054,5.9500,1
9.055,5.9463,1
9.056,5.9426,1
9.057,5.9389,1
9.058,5.9352,1
9.059,5.9315,1
9.060,5.9278,1
9.061,5.9242,1
9.062,5.9205,1
9.063,5.9168,1
9.064,5.9131,1
9.065,5.9095,1
9.066,5.9058,1
9.067,5.9021,1
9.068,5.8984,1
9.069,5.8948,1
9.070,5.8911,1
9.071,5.8874,1
9.072,5.8838,1
9.073,5.8801,1
9.074,5.8764,1
9.075,5.8728,1
9.076,5.8691,1
9.077,5.8655,1
9.078,5.8618,1
9.079,5.8581,1
9.080,5.8545,1
9.081,5.8508,1
9.082,5.8472,1
9.083,5.8435,1
9.084,5.8399,1
9.085,5.8362,1
9.086,5.8326,1
9.087,5.8289,1
9.088,5.8253,1
9.089,5.8217,1
9.090,5.8180,1
9.091,5.8144,1
9.092,5.8107,1
9.093,5.8071,1
9.094,5.8035,1
9.095,5.7998,1
9.096,5.7962,1
9.097,5.7926,1
9.098,5.7889,1
9.099,5.7853,1
9.100,5.7817,1
9.101,5.7780,1
9.102,5.7744,1
9.103,5.7708,1
9.104,5.7672,1
9.105,5.7636,1
9.106,5.7599,1
9.107,5.7563,1
9.108,5.7527,1
9.109,5.7491,1
9.110,5.7455,1
9.111,5.7419,1
9.112,5.7383,1
9.113,5.7346,1
9.114,5.7310,1
9.115,5.7274,1
9.116,5.7238,1
9.117,5.7202,1
9.118,5.7166,1
9.119,5.7130,1
9.120,5.7094,1
9.121,5.7058,1
9.122,5.7022,1
9.123,5.6986,1
9.124,5.6951,1
9.125,5.6915,1
9.126,5.6879,1
9.127,5.6843,1
9.128,5.6807,1
9.129,5.6771,1
9.130,5.6735,1
9.131,5.6700,1
9.132,5.6664,1
9.133,5.6628,1
9.134,5.6592,1
9.135,5.6556,1
9.136,5.6521,1
9.137,5.6485,1
9.138,5.6449,1
9.139,5.6414,1
9.140,5.6378,1
9.141,5.6342,1
9.142,5.6307,1
9.143,5.6271,1
9.144,5.6235,1
9.145,5.6200,1
9.146,5.6164,1
9.147,5.6129,1
9.148,5.6093,1
9.149,5.6058,1
9.150,5.6022,1
9.151,5.5986,1
9.152,5.5951,1
9.153,5.5916,1
9.154,5.5880,1
9.155,5.5845,1
9.156,5.5809,1
9.157,5.5774,1
9.158,5.5738,1
9.159,5.5703,1
9.160,5.5668,1
9.161,5.5632,1
9.162,5.5597,1
9.163,5.5562,1
9.164,5.5526,1
9.165,5.5491,1
9.166,5.5456,1
9.167,5.5421,1
9.168,5.5385,1
9.169,5.5350,1
9.170,5.5315,1
9.171,5.5280,1
9.172,5.5244,1
9.173,5.5209,1
9.174,5.5174,1
9.175,5.5139,1
9.176,5.5104,1
9.177,5.5069,1
9.178,5.5034,1
9.179,5.4999,1
9.180,5.4964,1
9.181,5.4929,1
9.182,5.4894,1
9.183,5.4859,1
9.184,5.4824,1
9.185,5.4789,1
9.186,5.4754,1
9.187,5.4719,1
9.188,5.4684,1
9.189,5.4649,1
9.190,5.4614,1
9.191,5.4579,1
9.192,5.4545,1
9.193,5.4510,1
9.194,5.4475,1
9.195,5.4440,1
9.196,5.4406,1
9.197,5.4371,1
9.198,5.4336,1
9.199,5.4301,1
9.200,5.4267,1
9.201,5.4232,1
9.202,5.4197,1
9.203,5.4163,1
9.204,5.4128,1
9.205,5.4093,1
9.206,5.4059,1
9.207,5.4024,1
9.208,5.3990,1
9.209,5.3955,1
9.210,5.3921,1
9.211,5.3886,1
9.212,5.3852,1
9.213,5.3817,1
9.214,5.3783,1
9.215,5.3748,1
9.216,5.3714,1
9.217,5.3680,1
9.218,5.3645,1
9.219,5.3611,1
9.220,5.3576,1
9.221,5.3542,1
9.222,5.3508,1
9.223,5.3474,1
9.224,5.3439,1
9.225,5.3405,1
9.226,5.3371,1
9.227,5.3337,1
9.228,5.3302,1
9.229,5.3268,1
9.230,5.3234,1
9.231,5.3200,1
9.232,5.3166,1
9.233,5.3132,1
9.234,5.3098,1
9.235,5.3064,1
9.236,5.3030,1
9.237,5.2996,1
9.238,5.2962,1
9.239,5.2928,1
9.240,5.2894,1
9.241,5.2860,1
9.242,5.2826,1
9.243,5.2792,1
9.244,5.2758,1
9.245,5.2724,1
9.246,5.2690,1
9.247,5.2656,1
9.248,5.2622,1
9.249,5.2589,1
9.250,5.2555,1
9.251,5.2521,1
9.252,5.2487,1
9.253,5.2454,1
9.254,5.2420,1
9.255,5.2386,1
9.256,5.2353,1
9.257,5.2319,1
9.258,5.2285,1
9.259,5.2252,1
9.260,5.2218,1
9.261,5.2185,1
9.262,5.2151,1
9.263,5.2118,1
9.264,5.2084,1
9.265,5.2051,1
9.266,5.2017,1
9.267,5.1984,1
9.268,5.1950,1
9.269,5.1917,1
9.270,5.1883,1
9.271,5.1850,1
9.272,5.1817,1
9.273,5.1783,1
9.274,5.1750,1
9.275,5.1717,1
9.276,5.1684,1
9.277,5.1650,1
9.278,5.1617,1
9.279,5.1584,1
9.280,5.1551,1
9.281,5.1518,1
9.282,5.1484,1
9.283,5.1451,1
9.284,5.1418,1
9.285,5.1385,1
9.286,5.1352,1
9.287,5.1319,1
9.288,5.1286,1
9.289,5.1253,1
9.290,5.1220,1
9.291,5.1187,1
9.292,5.1154,1
9.293,5.1121,1
9.294,5.1088,1
9.295,5.1055,1
9.296,5.1023,1
9.297,5.0990,1
9.298,5.0957,1
9.299,5.0924,1
9.300,5.0891,1
9.301,5.0859,1
9.302,5.0826,1
9.303,5.0793,1
9.304,5.0761,1
9.305,5.0728,1
9.306,5.0695,1
9.307,5.0663,1
9.308,5.0630,1
9.309,5.0597,1
9.310,5.0565,1
9.311,5.0532,1
9.312,5.0500,1
9.313,5.0467,1
9.314,5.0435,1
9.315,5.0402,1
9.316,5.0370,1
9.317,5.0338,1
9.318,5.0305,1
9.319,5.0273,1
9.320,5.0241,1
9.321,5.0208,1
9.322,5.0176,1
9.323,5.0144,1
9.324,5.0111,1
9.325,5.0079,1
9.326,5.0047,1
9.327,5.0015,1
9.328,4.9983,1
9.329,4.9951,1
9.330,4.9918,1
9.331,4.9886,1
9.332,4.9854,1
9.333,4.9822,1
9.334,4.9790,1
9.335,4.9758,1
9.336,4.9726,1
9.337,4.9694,1
9.338,4.9662,1
9.339,4.9630,1
9.340,4.9599,1
9.341,4.9567,1
9.342,4.9535,1
9.343,4.9503,1
9.344,4.9471,1
9.345,4.9440,1
9.346,4.9408,1
9.347,4.9376,1
9.348,4.9344,1
9.349,4.9313,1
9.350,4.9281,1
9.351,4.9249,1
9.352,4.9218,1
9.353,4.9186,1
9.354,4.9155,1
9.355,4.9123,1
9.356,4.9092,1
9.357,4.9060,1
9.358,4.9029,1
9.359,4.8997,1
9.360,4.8966,1
9.361,4.8934,1
9.362,4.8903,1
9.363,4.8872,1
9.364,4.8840,1
9.365,4.8809,1
9.366,4.8778,1
9.367,4.8746,1
9.368,4.8715,1
9.369,4.8684,1
9.370,4.8653,1
9.371,4.8622,1
9.372,4.8591,1
9.373,4.8559,1
9.374,4.8528,1
9.375,4.8497,1
9.376,4.8466,1
9.377,4.8435,1
9.378,4.8404,1
9.379,4.8373,1
9.380,4.8342,1
9.381,4.8311,1
9.382,4.8280,1
9.383,4.8250,1
9.384,4.8219,1
9.385,4.8188,1
9.386,4.8157,1
9.387,4.8126,1
9.388,4.8096,1
9.389,4.8065,1
9.390,4.8034,1
9.391,4.8004,1
9.392,4.7973,1
9.393,4.7942,1
9.394,4.7912,1
9.395,4.7881,1
9.396,4.7851,1
9.397,4.7820,1
9.398,4.7789,1
9.399,4.7759,1
9.400,4.7729,1
9.401,4.7698,1
9.402,4.7668,1
9.403,4.7637,1
9.404,4.7607,1
9.405,4.7577,1
9.406,4.7546,1
9.407,4.7516,1
9.408,4.7486,1
9.409,4.7456,1
9.410,4.7425,1
9.411,4.7395,1
9.412,4.7365,1
9.413,4.7335,1
9.414,4.7305,1
9.415,4.7275,1
9.416,4.7245,1
9.417,4.7215,1
9.418,4.7185,1
9.419,4.7178,1
9.420,4.7336,1
9.421,4.7682,1
9.422,4.8213,1
9.423,4.8922,1
9.424,4.9801,1
9.425,5.0842,1
9.426,5.2035,1
9.427,5.3370,1
9.428,5.4837,1
9.429,5.6424,1
9.430,5.8123,1
9.431,5.9924,1
9.432,6.1818,1
9.433,6.3796,1
9.434,6.5851,1
9.435,6.7977,1
9.436,7.0166,1
9.437,7.2413,1
9.438,7.4713,1
9.439,7.7060,1
9.440,7.9451,1
9.441,8.1883,1
9.442,8.4350,1
9.443,8.6851,1
9.444,8.9383,1
9.445,9.1942,1
9.446,9.4527,1
9.447,9.7136,1
9.448,9.9767,1
9.449,10.2418,0
9.450,10.5087,0
9.451,10.7774,0
9.452,11.0477,0
9.453,11.3194,0
9.454,11.5926,0
9.455,11.8670,0
9.456,12.1426,0
9.457,12.4193,0
9.458,12.6971,0
9.459,12.9758,0
9.460,13.2555,0
9.461,13.5360,0
9.462,13.8173,0
9.463,14.0994,0
9.464,14.3822,0
9.465,14.6657,0
9.466,14.9498,0
9.467,15.2345,0
9.468,15.5198,0
9.469,15.8056,0
9.470,16.0919,0
9.471,16.3787,0
9.472,16.6659,0
9.473,16.9536,0
9.474,17.2417,0
9.475,17.5301,0
9.476,17.8190,0
9.477,18.1082,0
9.478,18.3977,0
9.479,18.6876,0
9.480,18.9777,0
9.481,19.2682,0
9.482,19.5589,0
9.483,19.8499,0
9.484,20.1412,0
9.485,20.4327,0
9.486,20.7244,0
9.487,21.0164,0
9.488,21.3086,0
9.489,21.6009,0
9.490,21.8935,0
9.491,22.1863,0
9.492,22.4793,0
9.493,22.7724,0
9.494,23.0657,0
9.495,23.3592,0
9.496,23.6528,0
9.497,23.9465,0
9.498,24.2405,0
9.499,24.5345,0
9.500,24.8287,0
9.501,25.1230,0
9.502,25.4175,0
9.503,25.7121,0
9.504,26.0067,0
9.505,26.3015,0
9.506,26.5965,0
9.507,26.8915,0
9.508,27.1866,0
9.509,27.4818,0
9.510,27.7771,0
9.511,28.0725,0
9.512,28.3680,0
9.513,28.6636,0
9.514,28.9593,0
9.515,29.2551,0
9.516,29.5509,0
9.517,29.8468,0
9.518,30.1428,0
9.519,30.4388,0
9.520,30.7350,0
9.521,31.0312,0
9.522,31.3274,0
9.523,31.6238,0
9.524,31.9202,0
9.525,32.2166,0
9.526,32.5131,0
9.527,32.8097,0
9.528,33.1064,0
9.529,33.4030,0
9.530,33.6998,0
9.531,33.9966,0
9.532,34.2934,0
9.533,34.5903,0
9.534,34.8872,0
9.535,35.1842,0
9.536,35.4813,0
9.537,35.7783,0
9.538,36.0755,0
9.539,36.3726,0
9.540,36.6698,0
9.541,36.9671,0
9.542,37.2644,0
9.543,37.5617,0
9.544,37.8591,0
9.545,38.1565,0
9.546,38.4539,0
9.547,38.7514,0
9.548,39.0489,0
9.549,39.3464,0
9.550,39.6440,0
9.551,39.9416,0
9.552,40.2392,0
9.553,40.5369,0
9.554,40.8346,0
9.555,41.1323,0
9.556,41.4301,0
9.557,41.7278,0
9.558,42.0257,0
9.559,42.3235,0
9.560,42.6213,0
9.561,42.9192,0
9.562,43.2172,0
9.563,43.5151,0
9.564,43.8131,0
9.565,44.1110,0
9.566,44.4090,0
9.567,44.7071,0
9.568,45.0051,0
9.569,45.3032,0
9.570,45.6013,0
9.571,45.8994,0
9.572,46.1976,0
9.573,46.4957,0
9.574,46.7939,0
9.575,47.0921,0
9.576,47.3903,0
9.577,47.6886,0
9.578,47.9868,0
9.579,48.2851,0
9.580,48.5834,0
9.581,48.8817,0
9.582,49.1800,0
9.583,49.4784,0
9.584,49.7767,0
9.585,50.0751,0
9.586,50.3735,0
9.587,50.6719,0
9.588,50.9703,0
9.589,51.2688,0
9.590,51.5672,0
9.591,51.8657,0
9.592,52.1642,0
9.593,52.4627,0
9.594,52.7612,0
9.595,53.0597,0
9.596,53.3582,0
9.597,53.6568,0
9.598,53.9553,0
9.599,54.2539,0
9.600,54.5525,0
9.601,54.8511,0
9.602,55.1497,0
9.603,55.4483,0
9.604,55.7470,0
9.605,56.0456,0
9.606,56.3443,0
9.607,56.6429,0
9.608,56.9416,0
9.609,57.2403,0
9.610,57.5390,0
9.611,57.8377,0
9.612,58.1365,0
9.613,58.4352,0
9.614,58.7339,0
9.615,59.0327,0
9.616,59.3315,0
9.617,59.6302,0
9.618,59.9290,0
9.619,60.2278,0
9.620,60.5266,0
9.621,60.8254,0
9.622,61.1242,0
9.623,61.4231,0
9.624,61.7219,0
9.625,62.0207,0
9.626,62.3196,0
9.627,62.6184,0
9.628,62.9173,0
9.629,63.2162,0
9.630,63.5151,0
9.631,63.8140,0
9.632,64.1129,0
9.633,64.4118,0
9.634,64.7107,0
9.635,65.0096,0
9.636,65.3085,0
9.637,65.6075,0
9.638,65.9064,0
9.639,66.2054,0
9.640,66.5043,0
9.641,66.8033,0
9.642,67.1023,0
9.643,67.4013,0
9.644,67.7002,0
9.645,67.9992,0
9.646,68.2982,0
9.647,68.5972,0
9.648,68.8962,0
9.649,69.1953,0
9.650,69.4943,0
9.651,69.7933,0
9.652,70.0923,0
9.653,70.3914,0
9.654,70.6904,0
9.655,70.9895,0
9.656,71.2885,0
9.657,71.5876,0
9.658,71.8867,0
9.659,72.1857,0
9.660,72.4848,0
9.661,72.7839,0
9.662,73.0830,0
9.663,73.3821,0
9.664,73.6812,0
9.665,73.9803,0
9.666,74.2794,0
9.667,74.5785,0
9.668,74.8776,0
9.669,75.1768,0
9.670,75.4759,0
9.671,75.7750,0
9.672,76.0742,0
9.673,76.3733,0
9.674,76.6724,0
9.675,76.9716,0
9.676,77.2707,0
9.677,77.5699,0
9.678,77.8691,0
9.679,78.1682,0
9.680,78.4674,0
9.681,78.7666,0
9.682,79.0658,0
9.683,79.3650,0
9.684,79.6641,0
9.685,79.9633,0
9.686,80.2625,0
9.687,80.5617,0
9.688,80.8609,0
9.689,81.1601,0
9.690,81.4594,0
9.691,81.7586,0
9.692,82.0578,0
9.693,82.3570,0
9.694,82.6562,0
9.695,82.9555,0
9.696,83.2547,0
9.697,83.5539,0
9.698,83.8532,0
9.699,84.1524,0
9.700,84.4517,0
9.701,84.7509,0
9.702,85.0502,0
9.703,85.3494,0
9.704,85.6487,0
9.705,85.9479,0
9.706,86.2472,0
9.707,86.5465,0
9.708,86.8458,0
9.709,87.1450,0
9.710,87.4443,0
9.711,87.7436,0
9.712,88.0429,0
9.713,88.3422,0
9.714,88.6415,0
9.715,88.9407,0
9.716,89.2400,0
9.717,89.5393,0
9.718,89.8386,0
9.719,90.1379,0
9.720,90.4373,0
9.721,90.7366,0
9.722,91.0359,0
9.723,91.3352,0
9.724,91.6345,0
9.725,91.9338,0
9.726,92.2332,0
9.727,92.5325,0
9.728,92.8318,0
9.729,93.1311,0
9.730,93.4305,0
9.731,93.7298,0
9.732,94.0291,0
9.733,94.3285,0
9.734,94.6278,0
9.735,94.9272,0
9.736,95.2265,0
9.737,95.5259,0
9.738,95.8252,0
9.739,96.1246,0
9.740,96.4239,0
9.741,96.7233,0
9.742,97.0227,0
9.743,97.3220,0
9.744,97.6214,0
9.745,97.9207,0
9.746,98.2201,0
9.747,98.5195,0
9.748,98.8189,0
9.749,99.1182,0
9.750,99.4176,0
9.751,99.7170,0
9.752,100.0164,0
9.753,100.3158,0
9.754,100.6151,0
9.755,100.9145,0
9.756,101.2139,0
9.757,101.5133,0
9.758,101.8127,0
9.759,102.1121,0
9.760,102.4115,0
9.761,102.7109,0
9.762,103.0103,0
9.763,103.3097,0
9.764,103.6091,0
9.765,103.9085,0
9.766,104.2079,0
9.767,104.5073,0
9.768,104.8067,0
9.769,105.1062,0
9.770,105.4056,0
9.771,105.7050,0
9.772,106.0044,0
9.773,106.3038,0
9.774,106.6033,0
9.775,106.9027,0
9.776,107.2021,0
9.777,107.5015,0
9.778,107.8010,0
9.779,108.1004,0
9.780,108.3998,0
9.781,108.6993,0
9.782,108.9987,0
9.783,109.2981,0
9.784,109.5976,0
9.785,109.8970,0
9.786,110.1964,0
9.787,110.4959,0
9.788,110.7953,0
9.789,111.0948,0
9.790,111.3942,0
9.791,111.6937,0
9.792,111.9931,0
9.793,112.2926,0
9.794,112.5920,0
9.795,112.8915,0
9.796,113.1909,0
9.797,113.4904,0
9.798,113.7898,0
9.799,114.0893,0
9.800,114.3888,0
9.801,114.6882,0
9.802,114.9877,0
9.803,115.2872,0
9.804,115.5866,0
9.805,115.8861,0
9.806,116.1856,0
9.807,116.4850,0
9.808,116.7845,0
9.809,117.0840,0
9.810,117.3834,0
9.811,117.6829,0
9.812,117.9824,0
9.813,118.2819,0
9.814,118.5814,0
9.815,118.8808,0
9.816,119.1803,0
9.817,119.4798,0
9.818,119.7793,0
9.819,120.0788,0
9.820,120.3783,0
9.821,120.6777,0
9.822,120.9772,0
9.823,121.2767,0
9.824,121.5762,0
9.825,121.8757,0
9.826,122.1752,0
9.827,122.4747,0
9.828,122.7742,0
9.829,123.0737,0
9.830,123.3732,0
9.831,123.6727,0
9.832,123.9722,0
9.833,124.2717,0
9.834,124.5712,0
9.835,124.8707,0
9.836,125.1702,0
9.837,125.4697,0
9.838,125.7692,0
9.839,126.0687,0
9.840,126.3682,0
9.841,126.6677,0
9.842,126.9672,0
9.843,127.2667,0
9.844,127.5662,0
9.845,127.8657,0
9.846,128.1653,0
9.847,128.4648,0
9.848,128.7643,0
9.849,129.0638,0
9.850,129.3633,0
9.851,129.6628,0
9.852,129.9624,0
9.853,130.2619,0
9.854,130.5614,0
9.855,130.8609,0
9.856,131.1604,0
9.857,131.4600,0
9.858,131.7595,0
9.859,132.0590,0
9.860,132.3585,0
9.861,132.6581,0
9.862,132.9576,0
9.863,133.2571,0
9.864,133.5566,0
9.865,133.8562,0
9.866,134.1557,0
9.867,134.4552,0
9.868,134.7548,0
9.869,135.0543,0
9.870,135.3538,0
9.871,135.6534,0
9.872,135.9529,0
9.873,136.2524,0
9.874,136.5520,0
9.875,136.8515,0
9.876,137.1511,0
9.877,137.4506,0
9.878,137.7501,0
9.879,138.0497,0
9.880,138.3492,0
9.881,138.6488,0
9.882,138.9483,0
9.883,139.2478,0
9.884,139.5474,0
9.885,139.8469,0
9.886,140.1465,0
9.887,140.4460,0
9.888,140.7456,0
9.889,141.0451,0
9.890,141.3447,0
9.891,141.6442,0
9.892,141.9438,0
9.893,142.2433,0
9.894,142.5429,0
9.895,142.8424,0
9.896,143.1420,0
9.897,143.4415,0
9.898,143.7411,0
9.899,144.0406,0
9.900,144.3402,0
9.901,144.6398,0
9.902,144.9393,0
9.903,145.2389,0
9.904,145.5384,0
9.905,145.8380,0
9.906,146.1376,0
9.907,146.4371,0
9.908,146.7367,0
9.909,147.0362,0
9.910,147.3358,0
9.911,147.6354,0
9.912,147.9349,0
9.913,148.2345,0
9.914,148.5341,0
9.915,148.8336,0
9.916,149.1332,0
9.917,149.4328,0
9.918,149.7323,0
9.919,150.0319,0
9.920,150.3315,0
9.921,150.6310,0
9.922,150.9306,0
9.923,151.2302,0
9.924,151.5297,0
9.925,151.8293,0
9.926,152.1289,0
9.927,152.4285,0
9.928,152.7280,0
9.929,153.0276,0
9.930,153.3272,0
9.931,153.6267,0
9.932,153.9263,0
9.933,154.2259,0
9.934,154.5255,0
9.935,154.8251,0
9.936,155.1246,0
9.937,155.4242,0
9.938,155.7238,0
9.939,156.0234,0
9.940,156.3229,0
9.941,156.6225,0
9.942,156.9221,0
9.943,157.2217,0
9.944,157.5213,0
9.945,157.8209,0
9.946,158.1204,0
9.947,158.4200,0
9.948,158.7196,0
9.949,159.0192,0
9.950,159.3188,0
9.951,159.6184,0
9.952,159.9179,0
9.953,160.2175,0
9.954,160.5171,0
9.955,160.8167,0
9.956,161.1163,0
9.957,161.4159,0
9.958,161.7155,0
9.959,162.0151,0
9.960,162.3146,0
9.961,162.6142,0
9.962,162.9138,0
9.963,163.2134,0
9.964,163.5130,0
9.965,163.8126,0
9.966,164.1122,0
9.967,164.4118,0
9.968,164.7114,0
9.969,165.0110,0
9.970,165.3106,0
9.971,165.6102,0
9.972,165.9098,0
9.973,166.2094,0
9.974,166.5089,0
9.975,166.8085,0
9.976,167.1081,0
9.977,167.4077,0
9.978,167.7073,0
9.979,168.0069,0
9.980,168.3065,0
9.981,168.6061,0
9.982,168.9057,0
9.983,169.2053,0
9.984,169.5049,0
9.985,169.8045,0
9.986,170.1041,0
9.987,170.4037,0
9.988,170.7033,0
9.989,171.0029,0
9.990,171.3025,0
9.991,171.6021,0
9.992,171.9017,0
9.993,172.2013,0
9.994,172.5010,0
9.995,172.8006,0
9.996,173.1002,0
9.997,173.3998,0
9.998,173.6994,0
9.999,173.9990,0
10.000,174.2986,0
10.001,174.5982,0
10.002,174.8978,0
10.003,175.1974,0
10.004,175.4970,0
10.005,175.7966,0
10.006,176.0962,0
10.007,176.3958,0
10.008,176.6954,0
10.009,176.9951,0
10.010,177.2947,0
10.011,177.5943,0
10.012,177.8939,0
10.013,178.1935,0
10.014,178.4931,0
10.015,178.7927,0
10.016,179.0923,0
10.017,179.3919,0
10.018,179.6916,0
10.019,179.9912,0
10.020,180.2908,0
10.021,180.5904,0
10.022,180.8900,0
10.023,181.1896,0
10.024,181.4892,0
10.025,181.7889,0
10.026,182.0885,0
10.027,182.3881,0
10.028,182.6877,0
10.029,182.9873,0
10.030,183.2869,0
10.031,183.5866,0
10.032,183.8862,0
10.033,184.1858,0
10.034,184.4854,0
10.035,184.7850,0
10.036,185.0847,0
10.037,185.3843,0
10.038,185.6839,0
10.039,185.9835,0
10.040,186.2831,0
10.041,186.5828,0
10.042,186.8824,0
10.043,187.1820,0
10.044,187.4816,0
10.045,187.7812,0
10.046,188.0809,0
10.047,188.3805,0
10.048,188.6801,0
10.049,188.9797,0
10.050,189.2793,0
10.051,189.5790,0
10.052,189.8786,0
10.053,190.1782,0
10.054,190.4778,0
10.055,190.7775,0
10.056,191.0771,0
10.057,191.3767,0
10.058,191.6763,0
10.059,191.9760,0
10.060,192.2756,0
10.061,192.5752,0
10.062,192.8748,0
10.063,193.1745,0
10.064,193.4741,0
10.065,193.7737,0
10.066,194.0734,0
10.067,194.3730,0
10.068,194.6726,0
10.069,194.9722,0
10.070,195.2719,0
10.071,195.5715,0
10.072,195.8711,0
10.073,196.1708,0
10.074,196.4704,0
10.075,196.7700,0
10.076,197.0696,0
10.077,197.3693,0
10.078,197.6689,0
10.079,197.9685,0
10.080,198.2682,0
10.081,198.5678,0
10.082,198.8674,0
10.083,199.1671,0
10.084,199.4667,0
10.085,199.7663,0
10.086,200.0660,0
10.087,200.3656,0
10.088,200.6652,0
10.089,200.9649,0
10.090,201.2645,0
10.091,201.5641,0
10.092,201.8638,0
10.093,202.1634,0
10.094,202.4630,0
10.095,202.7627,0
10.096,203.0623,0
10.097,203.3619,0
10.098,203.6616,0
10.099,203.9612,0
10.100,204.2609,0
10.101,204.5605,0
10.102,204.8601,0
10.103,205.1598,0
10.104,205.4594,0
10.105,205.7590,0
10.106,206.0587,0
10.107,206.3583,0
10.108,206.6580,0
10.109,206.9576,0
10.110,207.2572,0
10.111,207.5569,0
10.112,207.8565,0
10.113,208.1561,0
10.114,208.4558,0
10.115,208.7554,0
10.116,209.0551,0
10.117,209.3547,0
10.118,209.6543,0
10.119,209.9540,0
10.120,210.2536,0
10.121,210.5533,0
10.122,210.8529,0
10.123,211.1526,0
10.124,211.4522,0
10.125,211.7518,0
10.126,212.0515,0
10.127,212.3511,0
10.128,212.6508,0
10.129,212.9504,0
10.130,213.2500,0
10.131,213.5497,0
10.132,213.8493,0
10.133,214.1490,0
10.134,214.4486,0
10.135,214.7483,0
10.136,215.0479,0
10.137,215.3476,0
10.138,215.6472,0
10.139,215.9468,0
10.140,216.2465,0
10.141,216.5461,0
10.142,216.8458,0
10.143,217.1454,0
10.144,217.4451,0
10.145,217.7447,0
10.146,218.0444,0
10.147,218.3440,0
10.148,218.6437,0
10.149,218.9433,0
10.150,219.2429,0
10.151,219.5426,0
10.152,219.8422,0
10.153,220.1419,0
10.154,220.4415,0
10.155,220.7412,0
10.156,221.0408,0
10.157,221.3405,0
10.158,221.6401,0
10.159,221.9398,0
10.160,222.2394,0
10.161,222.5391,0
10.162,222.8387,0
10.163,223.1384,0
10.164,223.4380,0
10.165,223.7377,0
10.166,224.0373,0
10.167,224.3370,0
10.168,224.6366,0
10.169,224.9363,0
10.170,225.2359,0
10.171,225.5356,0
10.172,225.8352,0
10.173,226.1349,0
10.174,226.4345,0
10.175,226.7342,0
10.176,227.0338,0
10.177,227.3335,0
10.178,227.6331,0
10.179,227.9328,0
10.180,228.2324,0
10.181,228.5321,0
10.182,228.8317,0
10.183,229.1314,0
10.184,229.4311,0
10.185,229.7307,0
10.186,230.0304,0
10.187,230.3300,0
10.188,230.6297,0
10.189,230.9293,0
10.190,231.2290,0
10.191,231.5286,0
10.192,231.8283,0
10.193,232.1279,0
10.194,232.4276,0
10.195,232.7272,0
10.196,233.0269,0
10.197,233.3266,0
10.198,233.6262,0
10.199,233.9259,0
10.200,234.2255,0
10.201,234.5252,0
10.202,234.8248,0
10.203,235.1245,0
10.204,235.4241,0
10.205,235.7238,0
10.206,236.0235,0
10.207,236.3231,0
10.208,236.6228,0
10.209,236.9224,0
10.210,237.2221,0
10.211,237.5217,0
10.212,237.8214,0
10.213,238.1211,0
10.214,238.4207,0
10.215,238.7204,0
10.216,239.0200,0
10.217,239.3197,0
10.218,239.6193,0
10.219,239.9190,0
10.220,240.2187,0
10.221,240.5183,0
10.222,240.8180,0
10.223,241.1176,0
10.224,241.4173,0
10.225,241.7170,0
10.226,242.0166,0
10.227,242.3163,0
10.228,242.6159,0
10.229,242.9156,0
10.230,243.2153,0
10.231,243.5149,0
10.232,243.8146,0
10.233,244.1142,0
10.234,244.4139,0
10.235,244.7136,0
10.236,245.0132,0
10.237,245.3129,0
10.238,245.6125,0
10.239,245.9122,0
10.240,246.2119,0
10.241,246.5115,0
10.242,246.8112,0
10.243,247.1108,0
10.244,247.4105,0
10.245,247.7102,0
10.246,248.0098,0
10.247,248.3095,0
10.248,248.6092,0
10.249,248.9088,0
10.250,249.2085,0
10.251,249.5081,0
10.252,249.8078,0
10.253,250.1075,0
10.254,250.4071,0
10.255,250.7068,0
10.256,251.0065,0
10.257,251.3061,0
10.258,251.6058,0
10.259,251.9055,0
10.260,252.2051,0
10.261,252.5048,0
10.262,252.8044,0
10.263,253.1041,0
10.264,253.4038,0
10.265,253.7034,0
10.266,254.0031,0
10.267,254.3028,0
10.268,254.6024,0
10.269,254.9021,0
10.270,255.2018,0
10.271,255.5014,0
10.272,255.8011,0
10.273,256.1008,0
10.274,256.4004,0
10.275,256.7001,0
10.276,256.9998,0
10.277,257.2994,0
10.278,257.5991,0
10.279,257.8988,0
10.280,258.1984,0
10.281,258.4981,0
10.282,258.7978,0
10.283,259.0974,0
10.284,259.3971,0
10.285,259.6968,0
10.286,259.9964,0
10.287,260.2961,0
10.288,260.5958,0
10.289,260.8954,0
10.290,261.1951,0
10.291,261.4948,0
10.292,261.7944,0
10.293,262.0941,0
10.294,262.3938,0
10.295,262.6934,0
10.296,262.9931,0
10.297,263.2928,0
10.298,263.5924,0
10.299,263.8921,0
10.300,264.1918,0
10.301,264.4914,0
10.302,264.7911,0
10.303,265.0908,0
10.304,265.3904,0
10.305,265.6901,0
10.306,265.9898,0
10.307,266.2895,0
10.308,266.5891,0
10.309,266.8888,0
10.310,267.1885,0
10.311,267.4881,0
10.312,267.7878,0
10.313,268.0875,0
10.314,268.3871,0
10.315,268.6868,0
10.316,268.9865,0
10.317,269.2861,0
10.318,269.5858,0
10.319,269.8855,0
10.320,270.1852,0
10.321,270.4848,0
10.322,270.7845,0
10.323,271.0842,0
10.324,271.3838,0
10.325,271.6835,0
10.326,271.9832,0
10.327,272.2829,0
10.328,272.5825,0
10.329,272.8822,0
10.330,273.1819,0
10.331,273.4815,0
10.332,273.7812,0
10.333,274.0809,0
10.334,274.3806,0
10.335,274.6802,0
10.336,274.9799,0
10.337,275.2796,0
10.338,275.5792,0
10.339,275.8789,0
10.340,276.1786,0
10.341,276.4783,0
10.342,276.7779,0
10.343,277.0776,0
10.344,277.3773,0
10.345,277.6770,0
10.346,277.9766,0
10.347,278.2763,0
10.348,278.5760,0
10.349,278.8757,0
10.350,279.1753,0
10.351,279.4750,0
10.352,279.7747,0
10.353,280.0743,0
10.354,280.3740,0
10.355,280.6737,0
10.356,280.9734,0
10.357,281.2730,0
10.358,281.5727,0
10.359,281.8724,0
10.360,282.1721,0
10.361,282.4717,0
10.362,282.7714,0
10.363,283.0711,0
10.364,283.3708,0
10.365,283.6704,0
10.366,283.9701,0
10.367,284.2698,0
10.368,284.5695,0
10.369,284.8691,0
10.370,285.1688,0
10.371,285.4685,0
10.372,285.7682,0
10.373,286.0678,0
10.374,286.3675,0
10.375,286.6672,0
10.376,286.9669,0
10.377,287.2665,0
10.378,287.5662,0
10.379,287.8659,0
10.380,288.1656,0
10.381,288.4652,0
10.382,288.7649,0
10.383,289.0646,0
10.384,289.3643,0
10.385,289.6640,0
10.386,289.9636,0
10.387,290.2633,0
10.388,290.5630,0
10.389,290.8627,0
10.390,291.1623,0
10.391,291.4620,0
10.392,291.7617,0
10.393,292.0614,0
10.394,292.3610,0
10.395,292.6607,0
10.396,292.9604,0
10.397,293.2601,0
10.398,293.5598,0
10.399,293.8594,0
10.400,294.1591,0
10.401,294.4588,0
10.402,294.7585,0
10.403,295.0581,0
10.404,295.3578,0
10.405,295.6575,0
10.406,295.9572,0
10.407,296.2569,0
10.408,296.5565,0
10.409,296.8562,0
10.410,297.1559,0
10.411,297.4556,0
10.412,297.7553,0
10.413,298.0549,0
10.414,298.3546,0
10.415,298.6543,0
10.416,298.9540,0
10.417,299.2536,0
10.418,299.5533,0
10.419,299.8530,0
10.420,300.1527,0
10.421,300.4524,0
10.422,300.7520,0
10.423,301.0517,0
10.424,301.3514,0
10.425,301.6511,0
10.426,301.9508,0
10.427,302.2504,0
10.428,302.5501,0
10.429,302.8498,0
10.430,303.1495,0
10.431,303.4492,0
10.432,303.7488,0
10.433,304.0485,0
10.434,304.3482,0
10.435,304.6479,0
10.436,304.9476,0
10.437,305.2472,0
10.438,305.5469,0
10.439,305.8466,0
10.440,306.1463,0
10.441,306.4460,0
10.442,306.7456,0
10.443,307.0453,0
10.444,307.3450,0
10.445,307.6447,0
10.446,307.9444,0
10.447,308.2441,0
10.448,308.5437,0
10.449,308.8434,0
10.450,309.1431,0
10.451,309.4428,0
10.452,309.7425,0
10.453,310.0421,0
10.454,310.3418,0
10.455,310.6415,0
10.456,310.9412,0
10.457,311.2409,0
10.458,311.5406,0
10.459,311.8402,0
10.460,312.1399,0
10.461,312.4396,0
10.462,312.7393,0
10.463,313.0390,0
10.464,313.3386,0
10.465,313.6383,0
10.466,313.9380,0
10.467,314.2377,0
10.468,314.5374,0
10.469,314.8371,0
10.470,315.1367,0
10.471,315.4364,0
10.472,315.7361,0
10.473,316.0358,0
10.474,316.3355,0
10.475,316.6352,0
10.476,316.9348,0
10.477,317.2345,0
10.478,317.5342,0
10.479,317.8339,0
10.480,318.1336,0
10.481,318.4333,0
10.482,318.7329,0
10.483,319.0326,0
10.484,319.3323,0
10.485,319.6320,0
10.486,319.9317,0
10.487,320.2314,0
10.488,320.5310,0
10.489,320.8307,0
10.490,321.1304,0
10.491,321.4301,0
10.492,321.7298,0
10.493,322.0295,0
10.494,322.3291,0
10.495,322.6288,0
10.496,322.9285,0
10.497,323.2282,0
10.498,323.5279,0
10.499,323.8276,0
10.500,324.1273,0
10.501,324.4269,0
10.502,324.7266,0
10.503,325.0263,0
10.504,325.3260,0
10.505,325.6257,0
10.506,325.9254,0
10.507,326.2250,0
10.508,326.5247,0
10.509,326.8244,0
10.510,327.1241,0
10.511,327.4238,0
10.512,327.7235,0
10.513,328.0232,0
10.514,328.3228,0
10.515,328.6225,0
10.516,328.9222,0
10.517,329.2219,0
10.518,329.5216,0
10.519,329.8213,0
10.520,330.1210,0
10.521,330.4206,0
10.522,330.7203,0
10.523,331.0200,0
10.524,331.3197,0
10.525,331.6194,0
10.526,331.9191,0
10.527,332.2188,0
10.528,332.5184,0
10.529,332.8181,0
10.530,333.1178,0
10.531,333.4175,0
10.532,333.7172,0
10.533,334.0169,0
10.534,334.3166,0
10.535,334.6162,0
10.536,334.9159,0
10.537,335.2156,0
10.538,335.5153,0
10.539,335.8150,0
10.540,336.1147,0
10.541,336.4144,0
10.542,336.7141,0
10.543,337.0137,0
10.544,337.3134,0
10.545,337.6131,0
10.546,337.9128,0
10.547,338.2125,0
10.548,338.5122,0
10.549,338.8119,0
10.550,339.1116,0
10.551,339.4112,0
10.552,339.7109,0
10.553,340.0106,0
10.554,340.3103,0
10.555,340.6100,0
10.556,340.9097,0
10.557,341.2094,0
10.558,341.5091,0
10.559,341.8087,0
10.560,342.1084,0
10.561,342.4081,0
10.562,342.7078,0
10.563,343.0075,0
10.564,343.3072,0
10.565,343.6069,0
10.566,343.9066,0
10.567,344.2062,0
10.568,344.5059,0
10.569,344.8056,0
10.570,345.1053,0
10.571,345.4050,0
10.572,345.7047,0
10.573,346.0044,0
10.574,346.3041,0
10.575,346.6038,0
10.576,346.9034,0
10.577,347.2031,0
10.578,347.5028,0
10.579,347.8025,0
10.580,348.1022,0
10.581,348.4019,0
10.582,348.7016,0
10.583,349.0013,0
10.584,349.3010,0
10.585,349.6006,0
10.586,349.9003,0
10.587,350.2000,0
10.588,350.4997,0
10.589,350.7994,0
10.590,351.0991,0
10.591,351.3988,0
10.592,351.6985,0
10.593,351.9982,0
10.594,352.2978,0
10.595,352.5975,0
10.596,352.8972,0
10.597,353.1969,0
10.598,353.4966,0
10.599,353.7963,0
10.600,354.0960,0
10.601,354.3957,0
10.602,354.6954,0
10.603,354.9951,0
10.604,355.2947,0
10.605,355.5944,0
10.606,355.8941,0
10.607,356.1938,0
10.608,356.4935,0
10.609,356.7932,0
10.610,357.0929,0
10.611,357.3926,0
10.612,357.6923,0
10.613,357.9920,0
10.614,358.2916,0
10.615,358.5913,0
10.616,358.8910,0
10.617,359.1907,0
10.618,359.4904,0
10.619,359.7901,0
10.620,360.0898,0
10.621,360.3895,0
10.622,360.6892,0
10.623,360.9889,0
10.624,361.2885,0
10.625,361.5882,0
10.626,361.8879,0
10.627,362.1876,0
10.628,362.4873,0
10.629,362.7870,0
10.630,363.0867,0
10.631,363.3864,0
10.632,363.6861,0
10.633,363.9858,0
10.634,364.2855,0
10.635,364.5852,0
10.636,364.8848,0
10.637,365.1845,0
10.638,365.4842,0
10.639,365.7839,0
10.640,366.0836,0
10.641,366.3833,0
10.642,366.6830,0
10.643,366.9827,0
10.644,367.2824,0
10.645,367.5821,0
10.646,367.8818,0
10.647,368.1814,0
10.648,368.4811,0
10.649,368.7808,0
10.650,369.0805,0
10.651,369.3802,0
10.652,369.6799,0
10.653,369.9796,0
10.654,370.2793,0
10.655,370.5790,0
10.656,370.8787,0
10.657,371.1784,0
10.658,371.4781,0
10.659,371.7778,0
10.660,372.0774,0
10.661,372.3771,0
10.662,372.6768,0
10.663,372.9765,0
10.664,373.2762,0
10.665,373.5759,0
10.666,373.8756,0
10.667,374.1753,0
10.668,374.4750,0
10.669,374.7747,0
10.670,375.0744,0
10.671,375.3741,0
10.672,375.6738,0
10.673,375.9734,0
10.674,376.2731,0
10.675,376.5728,0
10.676,376.8725,0
10.677,377.1722,0
10.678,377.4719,0
10.679,377.7716,0
10.680,378.0713,0
10.681,378.3710,0
10.682,378.6707,0
10.683,378.9704,0
10.684,379.2701,0
10.685,379.5698,0
10.686,379.8695,0
10.687,380.1691,0
10.688,380.4688,0
10.689,380.7685,0
10.690,381.0682,0
10.691,381.3679,0
10.692,381.6676,0
10.693,381.9673,0
10.694,382.2670,0
10.695,382.5667,0
10.696,382.8664,0
10.697,383.1661,0
10.698,383.4658,0
10.699,383.7655,0
10.700,384.0652,0
10.701,384.3649,0
10.702,384.6646,0
10.703,384.9642,0
10.704,385.2639,0
10.705,385.5636,0
10.706,385.8633,0
10.707,386.1630,0
10.708,386.4627,0
10.709,386.7624,0
10.710,387.0621,0
10.711,387.3618,0
10.712,387.6615,0
10.713,387.9612,0
10.714,388.2609,0
10.715,388.5606,0
10.716,388.8603,0
10.717,389.1600,0
10.718,389.4597,0
10.719,389.7594,0
10.720,390.0590,0
10.721,390.3587,0
10.722,390.6584,0
10.723,390.9581,0
10.724,391.2578,0
10.725,391.5575,0
10.726,391.8572,0
10.727,392.1569,0
10.728,392.4566,0
10.729,392.7563,0
10.730,393.0560,0
10.731,393.3557,0
10.732,393.6554,0
10.733,393.9551,0
10.734,394.2548,0
10.735,394.5545,0
10.736,394.8542,0
10.737,395.1539,0
10.738,395.4536,0
10.739,395.7532,0
10.740,396.0529,0
10.741,396.3526,0
10.742,396.6523,0
10.743,396.9520,0
10.744,397.2517,0
10.745,397.5514,0
10.746,397.8511,0
10.747,398.1508,0
10.748,398.4505,0
10.749,398.7502,0
10.750,399.0499,0
10.751,399.3496,0
10.752,399.6493,0
10.753,399.9490,0
10.754,400.2487,0
10.755,400.5484,0
10.756,400.8481,0
10.757,401.1478,0
10.758,401.4475,0
10.759,401.7472,0
10.760,402.0469,0
10.761,402.3465,0
10.762,402.6462,0
10.763,402.9459,0
10.764,403.2456,0
10.765,403.5453,0
10.766,403.8450,0
10.767,404.1447,0
10.768,404.4444,0
10.769,404.7441,0
10.770,405.0438,0
10.771,405.3435,0
10.772,405.6432,0
10.773,405.9429,0
10.774,406.2426,0
10.775,406.5423,0
10.776,406.8420,0
10.777,407.1417,0
10.778,407.4414,0
10.779,407.7411,0
10.780,408.0408,0
10.781,408.3405,0
10.782,408.6402,0
10.783,408.9399,0
10.784,409.2396,0
10.785,409.5393,0
10.786,409.8390,0
10.787,410.1386,0
10.788,410.4383,0
10.789,410.7380,0
10.790,411.0377,0
10.791,411.3374,0
10.792,411.6371,0
10.793,411.9368,0
10.794,412.2365,0
10.795,412.5362,0
10.796,412.8359,0
10.797,413.1356,0
10.798,413.4353,0
10.799,413.7350,0
10.800,414.0347,0
10.801,414.3344,0
10.802,414.6341,0
10.803,414.9338,0
10.804,415.2335,0
10.805,415.5332,0
10.806,415.8329,0
10.807,416.1326,0
10.808,416.4323,0
10.809,416.7320,0
10.810,417.0317,0
10.811,417.3314,0
10.812,417.6311,0
10.813,417.9308,0
10.814,418.2305,0
10.815,418.5302,0
10.816,418.8299,0
10.817,419.1296,0
10.818,419.4293,0
10.819,419.7290,0
10.820,420.0286,0
10.821,420.3283,0
10.822,420.6280,0
10.823,420.9277,0
10.824,421.2274,0
10.825,421.5271,0
10.826,421.8268,0
10.827,422.1265,0
10.828,422.4262,0
10.829,422.7259,0
10.830,423.0256,0
10.831,423.3253,0
10.832,423.6250,0
10.833,423.9247,0
10.834,424.2244,0
10.835,424.5241,0
10.836,424.8238,0
10.837,425.1235,0
10.838,425.4232,0
10.839,425.7229,0
10.840,426.0226,0
10.841,426.3223,0
10.842,426.6220,0
10.843,426.9217,0
10.844,427.2214,0
10.845,427.5211,0
10.846,427.8208,0
10.847,428.1205,0
10.848,428.4202,0
10.849,428.7199,0
10.850,429.0196,0
10.851,429.3193,0
10.852,429.6190,0
10.853,429.9187,0
10.854,430.2184,0
10.855,430.5181,0
10.856,430.8178,0
10.857,431.1175,0
10.858,431.4172,0
10.859,431.7169,0
10.860,432.0166,0
10.861,432.3163,0
10.862,432.6160,0
10.863,432.9157,0
10.864,433.2154,0
10.865,433.5151,0
10.866,433.8148,0
10.867,434.1145,0
10.868,434.4142,0
10.869,434.7139,0
10.870,435.0136,0
10.871,435.3133,0
10.872,435.6130,0
10.873,435.9126,0
10.874,436.2123,0
10.875,436.5120,0
10.876,436.8117,0
10.877,437.1114,0
10.878,437.4111,0
10.879,437.7108,0
10.880,438.0105,0
10.881,438.3102,0
10.882,438.6099,0
10.883,438.9096,0
10.884,439.2093,0
10.885,439.5090,0
10.886,439.8087,0
10.887,440.1084,0
10.888,440.4081,0
10.889,440.7078,0
10.890,441.0075,0
10.891,441.3072,0
10.892,441.6069,0
10.893,441.9066,0
10.894,442.2063,0
10.895,442.5060,0
10.896,442.8057,0
10.897,443.1054,0
10.898,443.4051,0
10.899,443.7048,0
10.900,444.0045,0
10.901,444.3042,0
10.902,444.6039,0
10.903,444.9036,0
10.904,445.2033,0
10.905,445.5030,0
10.906,445.8027,0
10.907,446.1024,0
10.908,446.4021,0
10.909,446.7018,0
10.910,447.0015,0
10.911,447.3012,0
10.912,447.6009,0
10.913,447.9006,0
10.914,448.2003,0
10.915,448.5000,0
10.916,448.7997,0
10.917,449.0994,0
10.918,449.3991,0
10.919,449.6988,0
10.920,449.9985,0
10.921,450.2982,0
10.922,450.5979,0
10.923,450.8976,0
10.924,451.1973,0
10.925,451.4970,0
10.926,451.7967,0
10.927,452.0964,0
10.928,452.3961,0
10.929,452.6958,0
10.930,452.9955,0
10.931,453.2952,0
10.932,453.5949,0
10.933,453.8946,0
10.934,454.1943,0
10.935,454.4940,0
10.936,454.7937,0
10.937,455.0934,0
10.938,455.3931,0
10.939,455.6928,0
10.940,455.9925,0
10.941,456.2922,0
10.942,456.5919,0
10.943,456.8916,0
10.944,457.1913,0
10.945,457.4910,0
10.946,457.7907,0
10.947,458.0904,0
10.948,458.3901,0
10.949,458.6898,0
10.950,458.9895,0
10.951,459.2892,0
10.952,459.5889,0
10.953,459.8886,0
10.954,460.1883,0
10.955,460.4880,0
10.956,460.7877,0
10.957,461.0874,0
10.958,461.3871,0
10.959,461.6868,0
10.960,461.9865,0
10.961,462.2862,0
10.962,462.5859,0
10.963,462.8856,0
10.964,463.1853,0
10.965,463.4850,0
10.966,463.7847,0
10.967,464.0844,0
10.968,464.3841,0
10.969,464.6838,0
10.970,464.9835,0
10.971,465.2832,0
10.972,465.5829,0
10.973,465.8826,0
10.974,466.1823,0
10.975,466.4820,0
10.976,466.7817,0
10.977,467.0814,0
10.978,467.3811,0
10.979,467.6808,0
10.980,467.9806,0
10.981,468.2803,0
10.982,468.5800,0
10.983,468.8797,0
10.984,469.1794,0
10.985,469.4791,0
10.986,469.7788,0
10.987,470.0785,0
10.988,470.3782,0
10.989,470.6779,0
10.990,470.9776,0
10.991,471.2773,0
10.992,471.5770,0
10.993,471.8767,0
10.994,472.1764,0
10.995,472.4761,0
10.996,472.7758,0
10.997,473.0755,0
10.998,473.3752,0
10.999,473.6749,0
11.000,473.9746,0
11.001,474.2743,0
11.002,474.5740,0
11.003,474.8737,0
11.004,475.1734,0
11.005,475.4731,0
11.006,475.7728,0
11.007,476.0725,0
11.008,476.3722,0
11.009,476.6719,0
11.010,476.9716,0
11.011,477.2713,0
11.012,477.5710,0
11.013,477.8707,0
11.014,478.1704,0
11.015,478.4701,0
11.016,478.7698,0
11.017,479.0695,0
11.018,479.3692,0
11.019,479.6689,0
11.020,479.9686,0
11.021,480.2683,0
11.022,480.5680,0
11.023,480.8677,0
11.024,481.1674,0
11.025,481.4671,0
11.026,481.7668,0
11.027,482.0665,0
11.028,482.3662,0
11.029,482.6659,0
11.030,482.9656,0
11.031,483.2653,0
11.032,483.5650,0
11.033,483.8647,0
11.034,484.1644,0
11.035,484.4641,0
11.036,484.7638,0
11.037,485.0635,0
11.038,485.3632,0
11.039,485.6630,0
11.040,485.9627,0
11.041,486.2624,0
11.042,486.5621,0
11.043,486.8618,0
11.044,487.1615,0
11.045,487.4612,0
11.046,487.7609,0
11.047,488.0606,0
11.048,488.3603,0
11.049,488.6600,0
11.050,488.9597,0
11.051,489.2594,0
11.052,489.5591,0
11.053,489.8588,0
11.054,490.1585,0
11.055,490.4582,0
11.056,490.7579,0
11.057,491.0576,0
11.058,491.3573,0
11.059,491.6570,0
11.060,491.9567,0
11.061,492.2564,0
11.062,492.5561,0
11.063,492.8558,0
11.064,493.1555,0
11.065,493.4552,0
11.066,493.7549,0
11.067,494.0546,0
11.068,494.3543,0
11.069,494.6540,0
11.070,494.9537,0
11.071,495.2534,0
11.072,495.5531,0
11.073,495.8528,0
11.074,496.1525,0
11.075,496.4522,0
11.076,496.7519,0
11.077,497.0516,0
11.078,497.3513,0
11.079,497.6511,0
11.080,497.9508,0
11.081,498.2505,0
11.082,498.5502,0
11.083,498.8499,0
11.084,499.1496,0
11.085,499.4493,0
11.086,499.7490,0
11.087,500.0487,0
11.088,500.3484,0
11.089,500.6481,0
11.090,500.9478,0
11.091,501.2475,0
11.092,501.5472,0
11.093,501.8469,0
11.094,502.1466,0
11.095,502.4463,0
11.096,502.7460,0
11.097,503.0457,0
11.098,503.3454,0
11.099,503.6451,0
11.100,503.9448,0
11.101,504.2445,0
11.102,504.5442,0
11.103,504.8439,0
11.104,505.1436,0
11.105,505.4433,0
11.106,505.7430,0
11.107,506.0427,0
11.108,506.3424,0
11.109,506.6421,0
11.110,506.9419,0
11.111,507.2416,0
11.112,507.5413,0
11.113,507.8410,0
11.114,508.1407,0
11.115,508.4404,0
11.116,508.7401,0
11.117,509.0398,0
11.118,509.3395,0
11.119,509.6392,0
11.120,509.9389,0
11.121,510.2386,0
11.122,510.5383,0
11.123,510.8380,0
11.124,511.1377,0
11.125,511.4374,0
11.126,511.7371,0
11.127,512.0368,0
11.128,512.3365,0
11.129,512.6362,0
11.130,512.9359,0
11.131,513.2356,0
11.132,513.5353,0
11.133,513.8350,0
11.134,514.1347,0
11.135,514.4344,0
11.136,514.7341,0
11.137,515.0338,0
11.138,515.3336,0
11.139,515.6333,0
11.140,515.9330,0
11.141,516.2327,0
11.142,516.5324,0
11.143,516.8321,0
11.144,517.1318,0
11.145,517.4315,0
11.146,517.7312,0
11.147,518.0309,0
11.148,518.3306,0
11.149,518.6303,0
11.150,518.9300,0
11.151,519.2297,0
11.152,519.5294,0
11.153,519.8291,0
11.154,520.1288,0
11.155,520.4285,0
11.156,520.7282,0
11.157,521.0279,0
11.158,521.3276,0
11.159,521.6273,0
11.160,521.9270,0
11.161,522.2267,0
11.162,522.5264,0
11.163,522.8262,0
11.164,523.1259,0
11.165,523.4256,0
11.166,523.7253,0
11.167,524.0250,0
11.168,524.3247,0
11.169,524.6244,0
11.170,524.9241,0
11.171,525.2238,0
11.172,525.5235,0
11.173,525.8232,0
11.174,526.1229,0
11.175,526.4226,0
11.176,526.7223,0
11.177,527.0220,0
11.178,527.3217,0
11.179,527.6214,0
11.180,527.9211,0
11.181,528.2208,0
11.182,528.5205,0
11.183,528.8202,0
11.184,529.1199,0
11.185,529.4196,0
11.186,529.7193,0
11.187,530.0191,0
11.188,530.3188,0
11.189,530.6185,0
11.190,530.9182,0
11.191,531.2179,0
11.192,531.5176,0
11.193,531.8173,0
11.194,532.1170,0
11.195,532.4167,0
11.196,532.7164,0
11.197,533.0161,0
11.198,533.3158,0
11.199,533.6155,0
11.200,533.9152,0
11.201,534.2149,0
11.202,534.5146,0
11.203,534.8143,0
11.204,535.1140,0
11.205,535.4137,0
11.206,535.7134,0
11.207,536.0131,0
11.208,536.3129,0
11.209,536.6126,0
11.210,536.9123,0
11.211,537.2120,0
11.212,537.5117,0
11.213,537.8114,0
11.214,538.1111,0
11.215,538.4108,0
11.216,538.7105,0
11.217,539.0102,0
11.218,539.3099,0
11.219,539.6096,0
11.220,539.9093,0
11.221,540.2090,0
11.222,540.5087,0
11.223,540.8084,0
11.224,541.1081,0
11.225,541.4078,0
11.226,541.7075,0
11.227,542.0072,0
11.228,542.3069,0
11.229,542.6067,0
11.230,542.9064,0
11.231,543.2061,0
11.232,543.5058,0
11.233,543.8055,0
11.234,544.1052,0
11.235,544.4049,0
11.236,544.7046,0
11.237,545.0043,0
11.238,545.3040,0
11.239,545.6037,0
11.240,545.9034,0
11.241,546.2031,0
11.242,546.5028,0
11.243,546.8025,0
11.244,547.1022,0
11.245,547.4019,0
11.246,547.7016,0
11.247,548.0013,0
11.248,548.3011,0
11.249,548.6008,0
11.250,548.9005,0
11.251,549.2002,0
11.252,549.4999,0
11.253,549.7996,0
11.254,550.0993,0
11.255,550.3990,0
11.256,550.6987,0
11.257,550.9984,0
11.258,551.2981,0
11.259,551.5978,0
11.260,551.8975,0
11.261,552.1972,0
11.262,552.4969,0
11.263,552.7966,0
11.264,553.0963,0
11.265,553.3960,0
11.266,553.6957,0
11.267,553.9955,0
11.268,554.2952,0
11.269,554.5949,0
11.270,554.8946,0
11.271,555.1943,0
11.272,555.4940,0
11.273,555.7937,0
11.274,556.0934,0
11.275,556.3931,0
11.276,556.6928,0
11.277,556.9925,0
11.278,557.2922,0
11.279,557.5919,0
11.280,557.8916,0
11.281,558.1913,0
11.282,558.4910,0
11.283,558.7907,0
11.284,559.0904,0
11.285,559.3902,0
11.286,559.6899,0
11.287,559.9896,0
11.288,560.2893,0
11.289,560.5890,0
11.290,560.8887,0
11.291,561.1884,0
11.292,561.4881,0
11.293,561.7878,0
11.294,562.0875,0
11.295,562.3872,0
11.296,562.6869,0
11.297,562.9866,0
11.298,563.2863,0
11.299,563.5860,0
11.300,563.8857,0
11.301,564.1854,0
11.302,564.4852,0
11.303,564.7849,0
11.304,565.0846,0
11.305,565.3843,0
11.306,565.6840,0
11.307,565.9837,0
11.308,566.2834,0
11.309,566.5831,0
11.310,566.8828,0
11.311,567.1825,0
11.312,567.4822,0
11.313,567.7819,0
11.314,568.0816,0
11.315,568.3813,0
11.316,568.6810,0
11.317,568.9807,0
11.318,569.2804,0
11.319,569.5802,0
11.320,569.8799,0
11.321,570.1796,0
11.322,570.4793,0
11.323,570.7790,0
11.324,571.0787,0
11.325,571.3784,0
11.326,571.6781,0
11.327,571.9778,0
11.328,572.2775,0
11.329,572.5772,0
11.330,572.8769,0
11.331,573.1766,0
11.332,573.4763,0
11.333,573.7760,0
11.334,574.0757,0
11.335,574.3755,0
11.336,574.6752,0
11.337,574.9749,0
11.338,575.2746,0
11.339,575.5743,0
11.340,575.8740,0
11.341,576.1737,0
11.342,576.4734,0
11.343,576.7731,0
11.344,577.0728,0
11.345,577.3725,0
11.346,577.6722,0
11.347,577.9719,0
11.348,578.2716,0
11.349,578.5713,0
11.350,578.8710,0
11.351,579.1708,0
11.352,579.4705,0
11.353,579.7702,0
11.354,580.0699,0
11.355,580.3696,0
11.356,580.6693,0
11.357,580.9690,0
11.358,581.2687,0
11.359,581.5684,0
11.360,581.8681,0
11.361,582.1678,0
11.362,582.4675,0
11.363,582.7672,0
11.364,583.0669,0
11.365,583.3666,0
11.366,583.6664,0
11.367,583.9661,0
11.368,584.2658,0
11.369,584.5655,0
11.370,584.8652,0
11.371,585.1649,0
11.372,585.4646,0
11.373,585.7643,0
11.374,586.0640,0
11.375,586.3637,0
11.376,586.6634,0
11.377,586.9631,0
11.378,587.2628,0
11.379,587.5625,0
11.380,587.8622,0
11.381,588.1620,0
11.382,588.4617,0
11.383,588.7614,0
11.384,589.0611,0
11.385,589.3608,0
11.386,589.6605,0
11.387,589.9602,0
11.388,590.2599,0
11.389,590.5596,0
11.390,590.8593,0
11.391,591.1590,0
11.392,591.4587,0
11.393,591.7584,0
11.394,592.0581,0
11.395,592.3578,0
11.396,592.6576,0
11.397,592.9573,0
11.398,593.2570,0
11.399,593.5567,0
11.400,593.8564,0
11.401,594.1561,0
11.402,594.4558,0
11.403,594.7555,0
11.404,595.0552,0
11.405,595.3549,0
11.406,595.6546,0
11.407,595.9543,0
11.408,596.2540,0
11.409,596.5537,0
11.410,596.8535,0
11.411,597.1532,0
11.412,597.4529,0
11.413,597.7526,0
11.414,598.0523,0
11.415,598.3520,0
11.416,598.6517,0
11.417,598.9514,0
11.418,599.2511,0
11.419,599.5508,0
11.420,599.8505,0
11.421,600.1502,0
11.422,600.4499,0
11.423,600.7496,0
11.424,601.0493,0
11.425,601.3491,0
11.426,601.6488,0
11.427,601.9485,0
11.428,602.2482,0
11.429,602.5479,0
11.430,602.8476,0
11.431,603.1473,0
11.432,603.4470,0
11.433,603.7467,0
11.434,604.0464,0
11.435,604.3461,0
11.436,604.6458,0
11.437,604.9455,0
11.438,605.2453,0
11.439,605.5450,0
11.440,605.8447,0
11.441,606.1444,0
11.442,606.4441,0
11.443,606.7438,0
11.444,607.0435,0
11.445,607.3432,0
11.446,607.6429,0
11.447,607.9426,0
11.448,608.2423,0
11.449,608.5420,0
11.450,608.8417,0
11.451,609.1414,0
11.452,609.4412,0
11.453,609.7409,0
11.454,610.0406,0
11.455,610.3403,0
11.456,610.6400,0
11.457,610.9397,0
11.458,611.2394,0
11.459,611.5391,0
11.460,611.8388,0
11.461,612.1385,0
11.462,612.4382,0
11.463,612.7379,0
11.464,613.0376,0
11.465,613.3373,0
11.466,613.6371,0
11.467,613.9368,0
11.468,614.2365,0
11.469,614.5362,0
11.470,614.8359,0
11.471,615.1356,0
11.472,615.4353,0
11.473,615.7350,0
11.474,616.0347,0
11.475,616.3344,0
11.476,616.6341,0
11.477,616.9338,0
11.478,617.2335,0
11.479,617.5333,0
11.480,617.8330,0
11.481,618.1327,0
11.482,618.4324,0
11.483,618.7321,0
11.484,619.0318,0
11.485,619.3315,0
11.486,619.6312,0
11.487,619.9309,0
11.488,620.2306,0
11.489,620.5303,0
11.490,620.8300,0
11.491,621.1297,0
11.492,621.4295,0
11.493,621.7292,0
11.494,622.0289,0
11.495,622.3286,0
11.496,622.6283,0
11.497,622.9280,0
11.498,623.2277,0
11.499,623.5274,0
11.500,623.8271,0
11.501,624.1268,0
11.502,624.4265,0
11.503,624.7262,0
11.504,625.0259,0
11.505,625.3257,0
11.506,625.6254,0
11.507,625.9251,0
11.508,626.2248,0
11.509,626.5245,0
11.510,626.8242,0
11.511,627.1239,0
11.512,627.4236,0
11.513,627.7233,0
11.514,628.0230,0
11.515,628.3227,0
11.516,628.6224,0
11.517,628.9222,0
11.518,629.2219,0
11.519,629.5216,0
11.520,629.8213,0
11.521,630.1210,0
11.522,630.4207,0
11.523,630.7204,0
11.524,631.0201,0
11.525,631.3198,0
11.526,631.6195,0
11.527,631.9192,0
11.528,632.2189,0
11.529,632.5186,0
11.530,632.8184,0
11.531,633.1181,0
11.532,633.4178,0
11.533,633.7175,0
11.534,634.0172,0
11.535,634.3169,0
11.536,634.6166,0
11.537,634.9163,0
11.538,635.2160,0
11.539,635.5157,0
11.540,635.8154,0
11.541,636.1151,0
11.542,636.4149,0
11.543,636.7146,0
11.544,637.0143,0
11.545,637.3140,0
11.546,637.6137,0
11.547,637.9134,0
11.548,638.2131,0
11.549,638.5128,0
11.550,638.8125,0
11.551,639.1122,0
11.552,639.4119,0
11.553,639.7116,0
11.554,640.0113,0
11.555,640.3111,0
11.556,640.6108,0
11.557,640.9105,0
11.558,641.2102,0
11.559,641.5099,0
11.560,641.8096,0
11.561,642.1093,0
11.562,642.4090,0
11.563,642.7087,0
11.564,643.0084,0
11.565,643.3081,0
11.566,643.6078,0
11.567,643.9076,0
11.568,644.2073,0
11.569,644.5070,0
11.570,644.8067,0
11.571,645.1064,0
11.572,645.4061,0
11.573,645.7058,0
11.574,646.0055,0
11.575,646.3052,0
11.576,646.6049,0
11.577,646.9046,0
11.578,647.2043,0
11.579,647.5041,0
11.580,647.8038,0
11.581,648.1035,0
11.582,648.4032,0
11.583,648.7029,0
11.584,649.0026,0
11.585,649.3023,0
11.586,649.6020,0
11.587,649.9017,0
11.588,650.2014,0
11.589,650.5011,0
11.590,650.8008,0
11.591,651.1006,0
11.592,651.4003,0
11.593,651.7000,0
11.594,651.9997,0
11.595,652.2994,0
11.596,652.5991,0
11.597,652.8988,0
11.598,653.1985,0
11.599,653.4982,0
11.600,653.7979,0
11.601,654.0976,0
11.602,654.3974,0
11.603,654.6971,0
11.604,654.9968,0
11.605,655.2965,0
11.606,655.5962,0
11.607,655.8959,0
11.608,656.1956,0
11.609,656.4953,0
11.610,656.7950,0
11.611,657.0947,0
11.612,657.3944,0
11.613,657.6941,0
11.614,657.9939,0
11.615,658.2936,0
11.616,658.5933,0
11.617,658.8930,0
11.618,659.1927,0
11.619,659.4924,0
11.620,659.7921,0
11.621,660.0918,0
11.622,660.3915,0
11.623,660.6912,0
11.624,660.9909,0
11.625,661.2907,0
11.626,661.5904,0
11.627,661.8901,0
11.628,662.1898,0
11.629,662.4895,0
11.630,662.7892,0
11.631,663.0889,0
11.632,663.3886,0
11.633,663.6883,0
11.634,663.9880,0
11.635,664.2877,0
11.636,664.5874,0
11.637,664.8872,0
11.638,665.1869,0
11.639,665.4866,0
11.640,665.7863,0
11.641,666.0860,0
11.642,666.3857,0
11.643,666.6854,0
11.644,666.9851,0
11.645,667.2848,0
11.646,667.5845,0
11.647,667.8842,0
11.648,668.1840,0
11.649,668.4837,0
11.650,668.7834,0
11.651,669.0831,0
11.652,669.3828,0
11.653,669.6825,0
11.654,669.9822,0
11.655,670.2819,0
11.656,670.5816,0
11.657,670.8813,0
11.658,671.1810,0
11.659,671.4808,0
11.660,671.7805,0
11.661,672.0802,0
11.662,672.3799,0
11.663,672.6796,0
11.664,672.9793,0
11.665,673.2790,0
11.666,673.5787,0
11.667,673.8784,0
11.668,674.1781,0
11.669,674.4778,0
11.670,674.7776,0
11.671,675.0773,0
11.672,675.3770,0
11.673,675.6767,0
11.674,675.9764,0
11.675,676.2761,0
11.676,676.5758,0
11.677,676.8755,0
11.678,677.1752,0
11.679,677.4749,0
11.680,677.7746,0
11.681,678.0744,0
11.682,678.3741,0
11.683,678.6738,0
11.684,678.9735,0
11.685,679.2732,0
11.686,679.5729,0
11.687,679.8726,0
11.688,680.1723,0
11.689,680.4720,0
11.690,680.7717,0
11.691,681.0714,0
11.692,681.3712,0
11.693,681.6709,0
11.694,681.9706,0
11.695,682.2703,0
11.696,682.5700,0
11.697,682.8697,0
11.698,683.1694,0
11.699,683.4691,0
11.700,683.7688,0
11.701,684.0685,0
11.702,684.3682,0
11.703,684.6680,0
11.704,684.9677,0
11.705,685.2674,0
11.706,685.5671,0
11.707,685.8668,0
11.708,686.1665,0
11.709,686.4662,0
11.710,686.7659,0
11.711,687.0656,0
11.712,687.3653,0
11.713,687.6650,0
11.714,687.9648,0
11.715,688.2645,0
11.716,688.5642,0
11.717,688.8639,0
11.718,689.1636,0
11.719,689.4633,0
11.720,689.7630,0
11.721,690.0627,0
11.722,690.3624,0
11.723,690.6621,0
11.724,690.9618,0
11.725,691.2616,0
11.726,691.5613,0
11.727,691.8610,0
11.728,692.1607,0
11.729,692.4604,0
11.730,692.7601,0
11.731,693.0598,0
11.732,693.3595,0
11.733,693.6592,0
11.734,693.9589,0
11.735,694.2587,0
11.736,694.5584,0
11.737,694.8581,0
11.738,695.1578,0
11.739,695.4575,0
11.740,695.7572,0
11.741,696.0569,0
11.742,696.3566,0
11.743,696.6563,0
11.744,696.9560,0
11.745,697.2557,0
11.746,697.5555,0
11.747,697.8552,0
11.748,698.1549,0
11.749,698.4546,0
11.750,698.7543,0
11.751,699.0540,0
11.752,699.3537,0
11.753,699.6534,0
11.754,699.9531,0
11.755,700.2528,0
11.756,700.5526,0
11.757,700.8523,0
11.758,701.1520,0
11.759,701.4517,0
11.760,701.7514,0
11.761,702.0511,0
11.762,702.3508,0
11.763,702.6505,0
11.764,702.9502,0
11.765,703.2499,0
11.766,703.5496,0
11.767,703.8494,0
11.768,704.1491,0
11.769,704.4488,0
11.770,704.7485,0
11.771,705.0482,0
11.772,705.3479,0
11.773,705.6476,0
11.774,705.9473,0
11.775,706.2470,0
11.776,706.5467,0
11.777,706.8465,0
11.778,707.1462,0
11.779,707.4459,0
11.780,707.7456,0
11.781,708.0453,0
11.782,708.3450,0
11.783,708.6447,0
11.784,708.9444,0
11.785,709.2441,0
11.786,709.5438,0
11.787,709.8435,0
11.788,710.1433,0
11.789,710.4430,0
11.790,710.7427,0
11.791,711.0424,0
11.792,711.3421,0
11.793,711.6418,0
11.794,711.9415,0
11.795,712.2412,0
11.796,712.5409,0
11.797,712.8406,0
11.798,713.1404,0
11.799,713.4401,0
11.800,713.7398,0
11.801,714.0395,0
11.802,714.3392,0
11.803,714.6389,0
11.804,714.9386,0
11.805,715.2383,0
11.806,715.5380,0
11.807,715.8377,0
11.808,716.1375,0
11.809,716.4372,0
11.810,716.7369,0
11.811,717.0366,0
11.812,717.3363,0
11.813,717.6360,0
11.814,717.9357,0
11.815,718.2354,0
11.816,718.5351,0
11.817,718.8348,0
11.818,719.1346,0
11.819,719.4343,0
11.820,719.7340,0
11.821,720.0337,0
11.822,720.3334,0
11.823,720.6331,0
11.824,720.9328,0
11.825,721.2325,0
11.826,721.5322,0
11.827,721.8319,0
11.828,722.1317,0
11.829,722.4314,0
11.830,722.7311,0
11.831,723.0308,0
11.832,723.3305,0
11.833,723.6302,0
11.834,723.9299,0
11.835,724.2296,0
11.836,724.5293,0
11.837,724.8290,0
11.838,725.1288,0
11.839,725.4285,0
11.840,725.7282,0
11.841,726.0279,0
11.842,726.3276,0
11.843,726.6273,0
11.844,726.9270,0
11.845,727.2267,0
11.846,727.5264,0
11.847,727.8261,0
11.848,728.1259,0
11.849,728.4256,0
11.850,728.7253,0
11.851,729.0250,0
11.852,729.3247,0
11.853,729.6244,0
11.854,729.9241,0
11.855,730.2238,0
11.856,730.5235,0
11.857,730.8232,0
11.858,731.1230,0
11.859,731.4227,0
11.860,731.7224,0
11.861,732.0221,0
11.862,732.3218,0
11.863,732.6215,0
11.864,732.9212,0
11.865,733.2209,0
11.866,733.5206,0
11.867,733.8203,0
11.868,734.1201,0
11.869,734.4198,0
11.870,734.7195,0
11.871,735.0192,0
11.872,735.3189,0
11.873,735.6186,0
11.874,735.9183,0
11.875,736.2180,0
11.876,736.5177,0
11.877,736.8174,0
11.878,737.1172,0
11.879,737.4169,0
11.880,737.7166,0
11.881,738.0163,0
11.882,738.3160,0
11.883,738.6157,0
11.884,738.9154,0
11.885,739.2151,0
11.886,739.5148,0
11.887,739.8146,0
11.888,740.1143,0
11.889,740.4140,0
11.890,740.7137,0
11.891,741.0134,0
11.892,741.3131,0
11.893,741.6128,0
11.894,741.9125,0
11.895,742.2122,0
11.896,742.5119,0
11.897,742.8117,0
11.898,743.1114,0
11.899,743.4111,0
11.900,743.7108,0
11.901,744.0105,0
11.902,744.3102,0
11.903,744.6099,0
11.904,744.9096,0
11.905,745.2093,0
11.906,745.5090,0
11.907,745.8088,0
11.908,746.1085,0
11.909,746.4082,0
11.910,746.7079,0
11.911,747.0076,0
11.912,747.3073,0
11.913,747.6070,0
11.914,747.9067,0
11.915,748.2064,0
11.916,748.5062,0
11.917,748.8059,0
11.918,749.1056,0
11.919,749.4053,0
11.920,749.7050,0
11.921,750.0047,0
11.922,750.3044,0
11.923,750.6041,0
11.924,750.9038,0
11.925,751.2035,0
11.926,751.5033,0
11.927,751.8030,0
11.928,752.1027,0
11.929,752.4024,0
11.930,752.7021,0
11.931,753.0018,0
11.932,753.3015,0
11.933,753.6012,0
11.934,753.9009,0
11.935,754.2006,0
11.936,754.5004,0
11.937,754.8001,0
11.938,755.0998,0
11.939,755.3995,0
11.940,755.6992,0
11.941,755.9989,0
11.942,756.2986,0
11.943,756.5983,0
11.944,756.8980,0
11.945,757.1978,0
11.946,757.4975,0
11.947,757.7972,0
11.948,758.0969,0
11.949,758.3966,0
11.950,758.6963,0
11.951,758.9960,0
11.952,759.2957,0
11.953,759.5954,0
11.954,759.8951,0
11.955,760.1949,0
11.956,760.4946,0
11.957,760.7943,0
11.958,761.0940,0
11.959,761.3937,0
11.960,761.6934,0
11.961,761.9931,0
11.962,762.2928,0
11.963,762.5925,0
11.964,762.8923,0
11.965,763.1920,0
11.966,763.4917,0
11.967,763.7914,0
11.968,764.0911,0
11.969,764.3908,0
11.970,764.6905,0
11.971,764.9902,0
11.972,765.2899,0
11.973,765.5897,0
11.974,765.8894,0
11.975,766.1891,0
11.976,766.4888,0
11.977,766.7885,0
11.978,767.0882,0
11.979,767.3879,0
11.980,767.6876,0
11.981,767.9873,0
11.982,768.2870,0
11.983,768.5868,0
11.984,768.8865,0
11.985,769.1862,0
11.986,769.4859,0
11.987,769.7856,0
11.988,770.0853,0
11.989,770.3850,0
11.990,770.6847,0
11.991,770.9844,0
11.992,771.2842,0
11.993,771.5839,0
11.994,771.8836,0
11.995,772.1833,0
11.996,772.4830,0
11.997,772.7827,0
11.998,773.0824,0
11.999,773.3821,0
12.000,773.6818,0
12.001,773.9816,0
12.002,774.2813,0
12.003,774.5810,0
12.004,774.8807,0
12.005,775.1804,0
12.006,775.4801,0
12.007,775.7798,0
12.008,776.0795,0
12.009,776.3792,0
12.010,776.6789,0
12.011,776.9787,0
12.012,777.2784,0
12.013,777.5781,0
12.014,777.8778,0
12.015,778.1775,0
12.016,778.4772,0
12.017,778.7769,0
12.018,779.0766,0
12.019,779.3763,0
12.020,779.6761,0
12.021,779.9758,0
12.022,780.2755,0
12.023,780.5752,0
12.024,780.8749,0
12.025,781.1746,0
12.026,781.4743,0
12.027,781.7740,0
12.028,782.0737,0
12.029,782.3735,0
12.030,782.6732,0
12.031,782.9729,0
12.032,783.2726,0
12.033,783.5723,0
12.034,783.8720,0
12.035,784.1717,0
12.036,784.4714,0
12.037,784.7711,0
12.038,785.0709,0
12.039,785.3706,0
12.040,785.6703,0
12.041,785.9700,0
12.042,786.2697,0
12.043,786.5694,0
12.044,786.8691,0
12.045,787.1688,0
12.046,787.4685,0
12.047,787.7683,0
12.048,788.0680,0
12.049,788.3677,0
12.050,788.6674,0
12.051,788.9671,0
12.052,789.2668,0
12.053,789.5665,0
12.054,789.8662,0
12.055,790.1659,0
12.056,790.4657,0
12.057,790.7654,0
12.058,791.0651,0
12.059,791.3648,0
12.060,791.6645,0
12.061,791.9642,0
12.062,792.2639,0
12.063,792.5636,0
12.064,792.8633,0
12.065,793.1631,0
12.066,793.4628,0
12.067,793.7625,0
12.068,794.0622,0
12.069,794.3619,0
12.070,794.6616,0
12.071,794.9613,0
12.072,795.2610,0
12.073,795.5607,0
12.074,795.8604,0
12.075,796.1602,0
12.076,796.4599,0
12.077,796.7596,0
12.078,797.0593,0
12.079,797.3590,0
12.080,797.6587,0
12.081,797.9584,0
12.082,798.2581,0
12.083,798.5578,0
12.084,798.8576,0
12.085,799.1573,0
12.086,799.4570,0
12.087,799.7567,0
12.088,800.0564,0
12.089,800.3561,0
12.090,800.6558,0
12.091,800.9555,0
12.092,801.2553,0
12.093,801.5550,0
12.094,801.8547,0
12.095,802.1544,0
12.096,802.4541,0
12.097,802.7538,0
12.098,803.0535,0
12.099,803.3532,0
12.100,803.6529,0
12.101,803.9527,0
12.102,804.2524,0
12.103,804.5521,0
12.104,804.8518,0
12.105,805.1515,0
12.106,805.4512,0
12.107,805.7509,0
12.108,806.0506,0
12.109,806.3503,0
12.110,806.6501,0
12.111,806.9498,0
12.112,807.2495,0
12.113,807.5492,0
12.114,807.8489,0
12.115,808.1486,0
12.116,808.4483,0
12.117,808.7480,0
12.118,809.0477,0
12.119,809.3475,0
12.120,809.6472,0
12.121,809.9469,0
12.122,810.2466,0
12.123,810.5463,0
12.124,810.8460,0
12.125,811.1457,0
12.126,811.4454,0
12.127,811.7451,0
12.128,812.0449,0
12.129,812.3446,0
12.130,812.6443,0
12.131,812.9440,0
12.132,813.2437,0
12.133,813.5434,0
12.134,813.8431,0
12.135,814.1428,0
12.136,814.4425,0
12.137,814.7423,0
12.138,815.0420,0
12.139,815.3417,0
12.140,815.6414,0
12.141,815.9411,0
12.142,816.2408,0
12.143,816.5405,0
12.144,816.8402,0
12.145,817.1399,0
12.146,817.4397,0
12.147,817.7394,0
12.148,818.0391,0
12.149,818.3388,0
12.150,818.6385,0
12.151,818.9382,0
12.152,819.2379,0
12.153,819.5376,0
12.154,819.8373,0
12.155,820.1371,0
12.156,820.4368,0
12.157,820.7365,0
12.158,821.0362,0
12.159,821.3359,0
12.160,821.6356,0
12.161,821.9353,0
12.162,822.2350,0
12.163,822.5348,0
12.164,822.8345,0
12.165,823.1342,0
12.166,823.4339,0
12.167,823.7336,0
12.168,824.0333,0
12.169,824.3330,0
12.170,824.6327,0
12.171,824.9324,0
12.172,825.2322,0
12.173,825.5319,0
12.174,825.8316,0
12.175,826.1313,0
12.176,826.4310,0
12.177,826.7307,0
12.178,827.0304,0
12.179,827.3301,0
12.180,827.6298,0
12.181,827.9296,0
12.182,828.2293,0
12.183,828.5290,0
12.184,828.8287,0
12.185,829.1284,0
12.186,829.4281,0
12.187,829.7278,0
12.188,830.0275,0
12.189,830.3273,0
12.190,830.6270,0
12.191,830.9267,0
12.192,831.2264,0
12.193,831.5261,0
12.194,831.8258,0
12.195,832.1255,0
12.196,832.4252,0
12.197,832.7249,0
12.198,833.0247,0
12.199,833.3244,0
12.200,833.6241,0
12.201,833.9238,0
12.202,834.2235,0
12.203,834.5232,0
12.204,834.8229,0
12.205,835.1226,0
12.206,835.4223,0
12.207,835.7221,0
12.208,836.0218,0
12.209,836.3215,0
12.210,836.6212,0
12.211,836.9209,0
12.212,837.2206,0
12.213,837.5203,0
12.214,837.8200,0
12.215,838.1198,0
12.216,838.4195,0
12.217,838.7192,0
12.218,839.0189,0
12.219,839.3186,0
12.220,839.6183,0
12.221,839.9180,0
12.222,840.2177,0
12.223,840.5174,0
12.224,840.8172,0
12.225,841.1169,0
12.226,841.4166,0
12.227,841.7163,0
12.228,842.0160,0
12.229,842.3157,0
12.230,842.6154,0
12.231,842.9151,0
12.232,843.2148,0
12.233,843.5146,0
12.234,843.8143,0
12.235,844.1140,0
12.236,844.4137,0
12.237,844.7134,0
12.238,845.0131,0
12.239,845.3128,0
12.240,845.6125,0
12.241,845.9123,0
12.242,846.2120,0
12.243,846.5117,0
12.244,846.8114,0
12.245,847.1111,0
12.246,847.4108,0
12.247,847.7105,0
12.248,848.0102,0
12.249,848.3099,0
12.250,848.6097,0
12.251,848.9094,0
12.252,849.2091,0
12.253,849.5088,0
12.254,849.8085,0
12.255,850.1082,0
12.256,850.4079,0
12.257,850.7076,0
12.258,851.0074,0
12.259,851.3071,0
12.260,851.6068,0
12.261,851.9065,0
12.262,852.2062,0
12.263,852.5059,0
12.264,852.8056,0
12.265,853.1053,0
12.266,853.4050,0
12.267,853.7048,0
12.268,854.0045,0
12.269,854.3042,0
12.270,854.6039,0
12.271,854.9036,0
12.272,855.2033,0
12.273,855.5030,0
12.274,855.8027,0
12.275,856.1025,0
12.276,856.4022,0
12.277,856.7019,0
12.278,857.0016,0
12.279,857.3013,0
12.280,857.6010,0
12.281,857.9007,0
12.282,858.2004,0
12.283,858.5001,0
12.284,858.7999,0
12.285,859.0996,0
12.286,859.3993,0
12.287,859.6990,0
12.288,859.9987,0
12.289,860.2984,0
12.290,860.5981,0
12.291,860.8978,0
12.292,861.1976,0
12.293,861.4973,0
12.294,861.7970,0
12.295,862.0967,0
12.296,862.3964,0
12.297,862.6961,0
12.298,862.9958,0
12.299,863.2955,0
12.300,863.5952,0
12.301,863.8950,0
12.302,864.1947,0
12.303,864.4944,0
12.304,864.7941,0
12.305,865.0938,0
12.306,865.3935,0
12.307,865.6932,0
12.308,865.9929,0
12.309,866.2927,0
12.310,866.5924,0
12.311,866.8921,0
12.312,867.1918,0
12.313,867.4915,0
12.314,867.7912,0
12.315,868.0909,0
12.316,868.3906,0
12.317,868.6904,0
12.318,868.9901,0
12.319,869.2898,0
12.320,869.5895,0
12.321,869.8892,0
12.322,870.1889,0
12.323,870.4886,0
12.324,870.7883,0
12.325,871.0880,0
12.326,871.3878,0
12.327,871.6875,0
12.328,871.9872,0
12.329,872.2869,0
12.330,872.5866,0
12.331,872.8863,0
12.332,873.1860,0
12.333,873.4857,0
12.334,873.7855,0
12.335,874.0852,0
12.336,874.3849,0
12.337,874.6846,0
12.338,874.9843,0
12.339,875.2840,0
12.340,875.5837,0
12.341,875.8834,0
12.342,876.1832,0
12.343,876.4829,0
12.344,876.7826,0
12.345,877.0823,0
12.346,877.3820,0
12.347,877.6817,0
12.348,877.9814,0
12.349,878.2811,0
12.350,878.5808,0
12.351,878.8806,0
12.352,879.1803,0
12.353,879.4800,0
12.354,879.7797,0
12.355,880.0794,0
12.356,880.3791,0
12.357,880.6788,0
12.358,880.9785,0
12.359,881.2783,0
12.360,881.5780,0
12.361,881.8777,0
12.362,882.1774,0
12.363,882.4771,0
12.364,882.7768,0
12.365,883.0765,0
12.366,883.3762,0
12.367,883.6760,0
12.368,883.9757,0
12.369,884.2754,0
12.370,884.5751,0
12.371,884.8748,0
12.372,885.1745,0
12.373,885.4742,0
12.374,885.7739,0
12.375,886.0736,0
12.376,886.3734,0
12.377,886.6731,0
12.378,886.9728,0
12.379,887.2725,0
12.380,887.5722,0
12.381,887.8719,0
12.382,888.1716,0
12.383,888.4713,0
12.384,888.7711,0
12.385,889.0708,0
12.386,889.3705,0
12.387,889.6702,0
12.388,889.9699,0
12.389,890.2696,0
12.390,890.5693,0
12.391,890.8690,0
12.392,891.1688,0
12.393,891.4685,0
12.394,891.7682,0
12.395,892.0679,0
12.396,892.3676,0
12.397,892.6673,0
12.398,892.9670,0
12.399,893.2667,0
12.400,893.5665,0
12.401,893.8662,0
12.402,894.1659,0
12.403,894.4656,0
12.404,894.7653,0
12.405,895.0650,0
12.406,895.3647,0
12.407,895.6644,0
12.408,895.9642,0
12.409,896.2639,0
12.410,896.5636,0
12.411,896.8633,0
12.412,897.1630,0
12.413,897.4627,0
12.414,897.7624,0
12.415,898.0621,0
12.416,898.3618,0
12.417,898.6616,0
12.418,898.9613,0
12.419,899.2610,0
12.420,899.5607,0
12.421,899.8604,0
12.422,900.1601,0
12.423,900.4598,0
12.424,900.7595,0
12.425,901.0593,0
12.426,901.3590,0
12.427,901.6587,0
12.428,901.9584,0
12.429,902.2581,0
12.430,902.5578,0
12.431,902.8575,0
12.432,903.1572,0
12.433,903.4570,0
12.434,903.7567,0
12.435,904.0564,0
12.436,904.3561,0
12.437,904.6558,0
12.438,904.9555,0
12.439,905.2552,0
12.440,905.5549,0
12.441,905.8547,0
12.442,906.1544,0
12.443,906.4541,0
12.444,906.7538,0
12.445,907.0535,0
12.446,907.3532,0
12.447,907.6529,0
12.448,907.9526,0
12.449,908.2524,0
12.450,908.5521,0
12.451,908.8518,0
12.452,909.1515,0
12.453,909.4512,0
12.454,909.7509,0
12.455,910.0506,0
12.456,910.3503,0
12.457,910.6501,0
12.458,910.9498,0
12.459,911.2495,0
12.460,911.5492,0
12.461,911.8489,0
12.462,912.1486,0
12.463,912.4483,0
12.464,912.7480,0
12.465,913.0478,0
12.466,913.3475,0
12.467,913.6472,0
12.468,913.9469,0
12.469,914.2466,0
12.470,914.5463,0
12.471,914.8460,0
12.472,915.1457,0
12.473,915.4454,0
12.474,915.7452,0
12.475,916.0449,0
12.476,916.3446,0
12.477,916.6443,0
12.478,916.9440,0
12.479,917.2437,0
12.480,917.5434,0
12.481,917.8431,0
12.482,918.1429,0
12.483,918.4426,0
12.484,918.7423,0
12.485,919.0420,0
12.486,919.3417,0
12.487,919.6414,0
12.488,919.9411,0
12.489,920.2408,0
12.490,920.5406,0
12.491,920.8403,0
12.492,921.1400,0
12.493,921.4397,0
12.494,921.7394,0
12.495,922.0391,0
12.496,922.3388,0
12.497,922.6385,0
12.498,922.9383,0
12.499,923.2380,0
12.500,923.5377,0
12.501,923.8374,0
12.502,924.1371,0
12.503,924.4368,0
12.504,924.7365,0
12.505,925.0362,0
12.506,925.3360,0
12.507,925.6357,0
12.508,925.9354,0
12.509,926.2351,0
12.510,926.5348,0
12.511,926.8345,0
12.512,927.1342,0
12.513,927.4339,0
12.514,927.7337,0
12.515,928.0334,0
12.516,928.3331,0
12.517,928.6328,0
12.518,928.9325,0
12.519,929.2322,0
12.520,929.5319,0
12.521,929.8316,0
12.522,930.1314,0
12.523,930.4311,0
12.524,930.7308,0
12.525,931.0305,0
12.526,931.3302,0
12.527,931.6299,0
12.528,931.9296,0
12.529,932.2293,0
12.530,932.5291,0
12.531,932.8288,0
12.532,933.1285,0
12.533,933.4282,0
12.534,933.7279,0
12.535,934.0276,0
12.536,934.3273,0
12.537,934.6270,0
12.538,934.9268,0
12.539,935.2265,0
12.540,935.5262,0
12.541,935.8259,0
12.542,936.1256,0
12.543,936.4253,0
12.544,936.7250,0
12.545,937.0247,0
12.546,937.3245,0
12.547,937.6242,0
12.548,937.9239,0
12.549,938.2236,0
12.550,938.5233,0
12.551,938.8230,0
12.552,939.1227,0
12.553,939.4224,0
12.554,939.7222,0
12.555,940.0219,0
12.556,940.3216,0
12.557,940.6213,0
12.558,940.9210,0
12.559,941.2207,0
12.560,941.5204,0
12.561,941.8201,0
12.562,942.1199,0
12.563,942.4196,0
12.564,942.7193,0
12.565,943.0190,0
12.566,943.3187,0
12.567,943.6184,0
12.568,943.9181,0
12.569,944.2178,0
12.570,944.5176,0
12.571,944.8173,0
12.572,945.1170,0
12.573,945.4167,0
12.574,945.7164,0
12.575,946.0161,0
12.576,946.3158,0
12.577,946.6156,0
12.578,946.9153,0
12.579,947.2150,0
12.580,947.5147,0
12.581,947.8144,0
12.582,948.1141,0
12.583,948.4138,0
12.584,948.7135,0
12.585,949.0133,0
12.586,949.3130,0
12.587,949.6127,0
12.588,949.9124,0
12.589,950.2121,0
12.590,950.5118,0
12.591,950.8115,0
12.592,951.1112,0
12.593,951.4110,0
12.594,951.7107,0
12.595,952.0104,0
12.596,952.3101,0
12.597,952.6098,0
12.598,952.9095,0
12.599,953.2092,0
12.600,953.5089,0
12.601,953.8087,0
12.602,954.1084,0
12.603,954.4081,0
12.604,954.7078,0
12.605,955.0075,0
12.606,955.3072,0
12.607,955.6069,0
12.608,955.9066,0
12.609,956.2064,0
12.610,956.5061,0
12.611,956.8058,0
12.612,957.1055,0
12.613,957.4052,0
12.614,957.7049,0
12.615,958.0046,0
12.616,958.3043,0
12.617,958.6041,0
12.618,958.9038,0
12.619,959.2035,0
12.620,959.5032,0
12.621,959.8029,0
12.622,960.1026,0
12.623,960.4023,0
12.624,960.7020,0
12.625,961.0018,0
12.626,961.3015,0
12.627,961.6012,0
12.628,961.9009,0
12.629,962.2006,0
12.630,962.5003,0
12.631,962.8000,0
12.632,963.0997,0
12.633,963.3995,0
12.634,963.6992,0
12.635,963.9989,0
12.636,964.2986,0
12.637,964.5983,0
12.638,964.8980,0
12.639,965.1977,0
12.640,965.4975,0
12.641,965.7972,0
12.642,966.0969,0
12.643,966.3966,0
12.644,966.6963,0
12.645,966.9960,0
12.646,967.2957,0
12.647,967.5954,0
12.648,967.8952,0
12.649,968.1949,0
12.650,968.4946,0
12.651,968.7943,0
12.652,969.0940,0
12.653,969.3937,0
12.654,969.6934,0
12.655,969.9931,0
12.656,970.2929,0
12.657,970.5926,0
12.658,970.8923,0
12.659,971.1920,0
12.660,971.4917,0
12.661,971.7914,0
12.662,972.0911,0
12.663,972.3908,0
12.664,972.6906,0
12.665,972.9903,0
12.666,973.2900,0
12.667,973.5897,0
12.668,973.8894,0
12.669,974.1891,0
12.670,974.4888,0
12.671,974.7885,0
12.672,975.0883,0
12.673,975.3880,0
12.674,975.6877,0
12.675,975.9874,0
12.676,976.2871,0
12.677,976.5868,0
12.678,976.8865,0
12.679,977.1863,0
12.680,977.4860,0
12.681,977.7857,0
12.682,978.0854,0
12.683,978.3851,0
12.684,978.6848,0
12.685,978.9845,0
12.686,979.2842,0
12.687,979.5840,0
12.688,979.8837,0
12.689,980.1834,0
12.690,980.4831,0
12.691,980.7828,0
12.692,981.0825,0
12.693,981.3822,0
12.694,981.6819,0
12.695,981.9817,0
12.696,982.2814,0
12.697,982.5811,0
12.698,982.8808,0
12.699,983.1805,0
12.700,983.4802,0
12.701,983.7799,0
12.702,984.0796,0
12.703,984.3794,0
12.704,984.6791,0
12.705,984.9788,0
12.706,985.2785,0
12.707,985.5782,0
12.708,985.8779,0
12.709,986.1776,0
12.710,986.4774,0
12.711,986.7771,0
12.712,987.0768,0
12.713,987.3765,0
12.714,987.6762,0
12.715,987.9759,0
12.716,988.2756,0
12.717,988.5753,0
12.718,988.8751,0
12.719,989.1748,0
12.720,989.4745,0
12.721,989.7742,0
12.722,990.0739,0
12.723,990.3736,0
12.724,990.6733,0
12.725,990.9730,0
12.726,991.2728,0
12.727,991.5725,0
12.728,991.8722,0
12.729,992.1719,0
12.730,992.4716,0
12.731,992.7713,0
12.732,993.0710,0
12.733,993.3707,0
12.734,993.6705,0
12.735,993.9702,0
12.736,994.2699,0
12.737,994.5696,0
12.738,994.8693,0
12.739,995.1690,0
12.740,995.4687,0
12.741,995.7685,0
12.742,996.0682,0
12.743,996.3679,0
12.744,996.6676,0
12.745,996.9673,0
12.746,997.2670,0
12.747,997.5667,0
12.748,997.8664,0
12.749,998.1662,0
12.750,998.4659,0
12.751,998.7656,0
12.752,999.0653,0
12.753,999.3650,0
12.754,999.6647,0
12.755,999.9644,0
12.756,1000.2641,0
12.757,1000.5639,0
12.758,1000.8636,0
12.759,1001.1633,0
12.760,1001.4630,0
12.761,1001.7627,0
12.762,1002.0624,0
12.763,1002.3621,0
12.764,1002.6619,0
12.765,1002.9616,0
12.766,1003.2613,0
12.767,1003.5610,0
12.768,1003.8607,0
12.769,1004.1604,0
12.770,1004.4601,0
12.771,1004.7598,0
12.772,1005.0596,0
12.773,1005.3593,0
12.774,1005.6590,0
12.775,1005.9587,0
12.776,1006.2584,0
12.777,1006.5581,0
12.778,1006.8578,0
12.779,1007.1575,0
12.780,1007.4573,0
12.781,1007.7570,0
12.782,1008.0567,0
12.783,1008.3564,0
12.784,1008.6561,0
12.785,1008.9558,0
12.786,1009.2555,0
12.787,1009.5553,0
12.788,1009.8550,0
12.789,1010.1547,0
12.790,1010.4544,0
12.791,1010.7541,0
12.792,1011.0538,0
12.793,1011.3535,0
12.794,1011.6532,0
12.795,1011.9530,0
12.796,1012.2527,0
12.797,1012.5524,0
12.798,1012.8521,0
12.799,1013.1518,0
12.800,1013.4515,0
12.801,1013.7512,0
12.802,1014.0509,0
12.803,1014.3507,0
12.804,1014.6504,0
12.805,1014.9501,0
12.806,1015.2498,0
12.807,1015.5495,0
12.808,1015.8492,0
12.809,1016.1489,0
12.810,1016.4487,0
12.811,1016.7484,0
12.812,1017.0481,0
12.813,1017.3478,0
12.814,1017.6475,0
12.815,1017.9472,0
12.816,1018.2469,0
12.817,1018.5466,0
12.818,1018.8464,0
12.819,1019.1461,0
12.820,1019.4458,0
12.821,1019.7455,0
12.822,1020.0452,0
12.823,1020.3449,0
12.824,1020.6446,0
12.825,1020.9444,0
12.826,1021.2441,0
12.827,1021.5438,0
12.828,1021.8435,0
12.829,1022.1432,0
12.830,1022.4429,0
12.831,1022.7426,0
12.832,1023.0423,0
12.833,1023.3421,0
12.834,1023.6418,0
12.835,1023.9415,0
12.836,1024.2412,0
12.837,1024.5409,0
12.838,1024.8406,0
12.839,1025.1403,0
12.840,1025.4400,0
12.841,1025.7398,0
12.842,1026.0395,0
12.843,1026.3392,0
12.844,1026.6389,0
12.845,1026.9386,0
12.846,1027.2383,0
12.847,1027.5380,0
12.848,1027.8378,0
12.849,1028.1375,0
12.850,1028.4372,0
12.851,1028.7369,0
12.852,1029.0366,0
12.853,1029.3363,0
12.854,1029.6360,0
12.855,1029.9357,0
12.856,1030.2355,0
12.857,1030.5352,0
12.858,1030.8349,0
12.859,1031.1346,0
12.860,1031.4343,0
12.861,1031.7340,0
12.862,1032.0337,0
12.863,1032.3335,0
12.864,1032.6332,0
12.865,1032.9329,0
12.866,1033.2326,0
12.867,1033.5323,0
12.868,1033.8320,0
12.869,1034.1317,0
12.870,1034.4314,0
12.871,1034.7312,0
12.872,1035.0309,0
12.873,1035.3306,0
12.874,1035.6303,0
12.875,1035.9300,0
12.876,1036.2297,0
12.877,1036.5294,0
12.878,1036.8292,0
12.879,1037.1289,0
12.880,1037.4286,0
12.881,1037.7283,0
12.882,1038.0280,0
12.883,1038.3277,0
12.884,1038.6274,0
12.885,1038.9271,0
12.886,1039.2269,0
12.887,1039.5266,0
12.888,1039.8263,0
12.889,1040.1260,0
12.890,1040.4257,0
12.891,1040.7254,0
12.892,1041.0251,0
12.893,1041.3248,0
12.894,1041.6246,0
12.895,1041.9243,0
12.896,1042.2240,0
12.897,1042.5237,0
12.898,1042.8234,0
12.899,1043.1231,0
12.900,1043.4228,0
12.901,1043.7226,0
12.902,1044.0223,0
12.903,1044.3220,0
12.904,1044.6217,0
12.905,1044.9214,0
12.906,1045.2211,0
12.907,1045.5208,0
12.908,1045.8205,0
12.909,1046.1203,0
12.910,1046.4200,0
12.911,1046.7197,0
12.912,1047.0194,0
12.913,1047.3191,0
12.914,1047.6188,0
12.915,1047.9185,0
12.916,1048.2183,0
12.917,1048.5180,0
12.918,1048.8177,0
12.919,1049.1174,0
12.920,1049.4171,0
12.921,1049.7168,0
12.922,1050.0165,0
12.923,1050.3162,0
12.924,1050.6160,0
12.925,1050.9157,0
12.926,1051.2154,0
12.927,1051.5151,0
12.928,1051.8148,0
12.929,1052.1145,0
12.930,1052.4142,0
12.931,1052.7140,0
12.932,1053.0137,0
12.933,1053.3134,0
12.934,1053.6131,0
12.935,1053.9128,0
12.936,1054.2125,0
12.937,1054.5122,0
12.938,1054.8119,0
12.939,1055.1117,0
12.940,1055.4114,0
12.941,1055.7111,0
12.942,1056.0108,0
12.943,1056.3105,0
12.944,1056.6102,0
12.945,1056.9099,0
12.946,1057.2097,0
12.947,1057.5094,0
12.948,1057.8091,0
12.949,1058.1088,0
12.950,1058.4085,0
12.951,1058.7082,0
12.952,1059.0079,0
12.953,1059.3076,0
12.954,1059.6074,0
12.955,1059.9071,0
12.956,1060.2068,0
12.957,1060.5065,0
12.958,1060.8062,0
12.959,1061.1059,0
12.960,1061.4056,0
12.961,1061.7054,0
12.962,1062.0051,0
12.963,1062.3048,0
12.964,1062.6045,0
12.965,1062.9042,0
12.966,1063.2039,0
12.967,1063.5036,0
12.968,1063.8034,0
12.969,1064.1031,0
12.970,1064.4028,0
12.971,1064.7025,0
12.972,1065.0022,0
12.973,1065.3019,0
12.974,1065.6016,0
12.975,1065.9013,0
12.976,1066.2011,0
12.977,1066.5008,0
12.978,1066.8005,0
12.979,1067.1002,0
12.980,1067.3999,0
12.981,1067.6996,0
12.982,1067.9993,0
12.983,1068.2991,0
12.984,1068.5988,0
12.985,1068.8985,0
12.986,1069.1982,0
12.987,1069.4979,0
12.988,1069.7976,0
12.989,1070.0973,0
12.990,1070.3970,0
12.991,1070.6968,0
12.992,1070.9965,0
12.993,1071.2962,0
12.994,1071.5959,0
12.995,1071.8956,0
12.996,1072.1953,0
12.997,1072.4950,0
12.998,1072.7948,0
12.999,1073.0945,0
13.000,1073.3942,0
13.001,1073.6939,0
13.002,1073.9936,0
13.003,1074.2933,0
13.004,1074.5930,0
13.005,1074.8927,0
13.006,1075.1925,0
13.007,1075.4922,0
13.008,1075.7919,0
13.009,1076.0916,0
13.010,1076.3913,0
13.011,1076.6910,0
13.012,1076.9907,0
13.013,1077.2905,0
13.014,1077.5902,0
13.015,1077.8899,0
13.016,1078.1896,0
13.017,1078.4893,0
13.018,1078.7890,0
13.019,1079.0887,0
13.020,1079.3885,0
13.021,1079.6882,0
13.022,1079.9879,0
13.023,1080.2876,0
13.024,1080.5873,0
13.025,1080.8870,0
13.026,1081.1867,0
13.027,1081.4864,0
13.028,1081.7862,0
13.029,1082.0859,0
13.030,1082.3856,0
13.031,1082.6853,0
13.032,1082.9850,0
13.033,1083.2847,0
13.034,1083.5844,0
13.035,1083.8842,0
13.036,1084.1839,0
13.037,1084.4836,0
13.038,1084.7833,0
13.039,1085.0830,0
13.040,1085.3827,0
13.041,1085.6824,0
13.042,1085.9821,0
13.043,1086.2819,0
13.044,1086.5816,0
13.045,1086.8813,0
13.046,1087.1810,0
13.047,1087.4807,0
13.048,1087.7804,0
13.049,1088.0801,0
13.050,1088.3799,0
13.051,1088.6796,0
13.052,1088.9793,0
13.053,1089.2790,0
13.054,1089.5787,0
13.055,1089.8784,0
13.056,1090.1781,0
13.057,1090.4779,0
13.058,1090.7776,0
13.059,1091.0773,0
13.060,1091.3770,0
13.061,1091.6767,0
13.062,1091.9764,0
13.063,1092.2761,0
13.064,1092.5758,0
13.065,1092.8756,0
13.066,1093.1753,0
13.067,1093.4750,0
13.068,1093.7747,0
13.069,1094.0744,0
13.070,1094.3741,0
13.071,1094.6738,0
13.072,1094.9736,0
13.073,1095.2733,0
13.074,1095.5730,0
13.075,1095.8727,0
13.076,1096.1724,0
13.077,1096.4721,0
13.078,1096.7718,0
13.079,1097.0715,0
13.080,1097.3713,0
13.081,1097.6710,0
13.082,1097.9707,0
13.083,1098.2704,0
13.084,1098.5701,0
13.085,1098.8698,0
13.086,1099.1695,0
13.087,1099.4693,0
13.088,1099.7690,0
13.089,1100.0687,0
13.090,1100.3684,0
13.091,1100.6681,0
13.092,1100.9678,0
13.093,1101.2675,0
13.094,1101.5673,0
13.095,1101.8670,0
13.096,1102.1667,0
13.097,1102.4664,0
13.098,1102.7661,0
13.099,1103.0658,0
13.100,1103.3655,0
13.101,1103.6652,0
13.102,1103.9650,0
13.103,1104.2647,0
13.104,1104.5644,0
13.105,1104.8641,0
13.106,1105.1638,0
13.107,1105.4635,0
13.108,1105.7632,0
13.109,1106.0630,0
13.110,1106.3627,0
13.111,1106.6624,0
13.112,1106.9621,0
13.113,1107.2618,0
13.114,1107.5615,0
13.115,1107.8612,0
13.116,1108.1610,0
13.117,1108.4607,0
13.118,1108.7604,0
13.119,1109.0601,0
13.120,1109.3598,0
13.121,1109.6595,0
13.122,1109.9592,0
13.123,1110.2589,0
13.124,1110.5587,0
13.125,1110.8584,0
13.126,1111.1581,0
13.127,1111.4578,0
13.128,1111.7575,0
13.129,1112.0572,0
13.130,1112.3569,0
13.131,1112.6567,0
13.132,1112.9564,0
13.133,1113.2561,0
13.134,1113.5558,0
13.135,1113.8555,0
13.136,1114.1552,0
13.137,1114.4549,0
13.138,1114.7547,0
13.139,1115.0544,0
13.140,1115.3541,0
13.141,1115.6538,0
13.142,1115.9535,0
13.143,1116.2532,0
13.144,1116.5529,0
13.145,1116.8526,0
13.146,1117.1524,0
13.147,1117.4521,0
13.148,1117.7518,0
13.149,1118.0515,0
13.150,1118.3512,0
13.151,1118.6509,0
13.152,1118.9506,0
13.153,1119.2504,0
13.154,1119.5501,0
13.155,1119.8498,0
13.156,1120.1495,0
13.157,1120.4492,0
13.158,1120.7489,0
13.159,1121.0486,0
13.160,1121.3484,0
13.161,1121.6481,0
13.162,1121.9478,0
13.163,1122.2475,0
13.164,1122.5472,0
13.165,1122.8469,0
13.166,1123.1466,0
13.167,1123.4464,0
13.168,1123.7461,0
13.169,1124.0458,0
13.170,1124.3455,0
13.171,1124.6452,0
13.172,1124.9449,0
13.173,1125.2446,0
13.174,1125.5443,0
13.175,1125.8441,0
13.176,1126.1438,0
13.177,1126.4435,0
13.178,1126.7432,0
13.179,1127.0429,0
13.180,1127.3426,0
13.181,1127.6423,0
13.182,1127.9421,0
13.183,1128.2418,0
13.184,1128.5415,0
13.185,1128.8412,0
13.186,1129.1409,0
13.187,1129.4406,0
13.188,1129.7403,0
13.189,1130.0401,0
13.190,1130.3398,0
13.191,1130.6395,0
13.192,1130.9392,0
13.193,1131.2389,0
13.194,1131.5386,0
13.195,1131.8383,0
13.196,1132.1380,0
13.197,1132.4378,0
13.198,1132.7375,0
13.199,1133.0372,0
13.200,1133.3369,0
13.201,1133.6366,0
13.202,1133.9363,0
13.203,1134.2360,0
13.204,1134.5358,0
13.205,1134.8355,0
13.206,1135.1352,0
13.207,1135.4349,0
13.208,1135.7346,0
13.209,1136.0343,0
13.210,1136.3340,0
13.211,1136.6338,0
13.212,1136.9335,0
13.213,1137.2332,0
13.214,1137.5329,0
13.215,1137.8326,0
13.216,1138.1323,0
13.217,1138.4320,0
13.218,1138.7318,0
13.219,1139.0315,0
13.220,1139.3312,0
13.221,1139.6309,0
13.222,1139.9306,0
13.223,1140.2303,0
13.224,1140.5300,0
13.225,1140.8297,0
13.226,1141.1295,0
13.227,1141.4292,0
13.228,1141.7289,0
13.229,1142.0286,0
13.230,1142.3283,0
13.231,1142.6280,0
13.232,1142.9277,0
13.233,1143.2275,0
13.234,1143.5272,0
13.235,1143.8269,0
13.236,1144.1266,0
13.237,1144.4263,0
13.238,1144.7260,0
13.239,1145.0257,0
13.240,1145.3255,0
13.241,1145.6252,0
13.242,1145.9249,0
13.243,1146.2246,0
13.244,1146.5243,0
13.245,1146.8240,0
13.246,1147.1237,0
13.247,1147.4235,0
13.248,1147.7232,0
13.249,1148.0229,0
13.250,1148.3226,0
13.251,1148.6223,0
13.252,1148.9220,0
13.253,1149.2217,0
13.254,1149.5214,0
13.255,1149.8212,0
13.256,1150.1209,0
13.257,1150.4206,0
13.258,1150.7203,0
13.259,1151.0200,0
13.260,1151.3197,0
13.261,1151.6194,0
13.262,1151.9192,0
13.263,1152.2189,0
13.264,1152.5186,0
13.265,1152.8183,0
13.266,1153.1180,0
13.267,1153.4177,0
13.268,1153.7174,0
13.269,1154.0172,0
13.270,1154.3169,0
13.271,1154.6166,0
13.272,1154.9163,0
13.273,1155.2160,0
13.274,1155.5157,0
13.275,1155.8154,0
13.276,1156.1152,0
13.277,1156.4149,0
13.278,1156.7146,0
13.279,1157.0143,0
13.280,1157.3140,0
13.281,1157.6137,0
13.282,1157.9134,0
13.283,1158.2131,0
13.284,1158.5129,0
13.285,1158.8126,0
13.286,1159.1123,0
13.287,1159.4120,0
13.288,1159.7117,0
13.289,1160.0114,0
13.290,1160.3111,0
13.291,1160.6109,0
13.292,1160.9106,0
13.293,1161.2103,0
13.294,1161.5100,0
13.295,1161.8097,0
13.296,1162.1094,0
13.297,1162.4091,0
13.298,1162.7089,0
13.299,1163.0086,0
13.300,1163.3083,0
13.301,1163.6080,0
13.302,1163.9077,0
13.303,1164.2074,0
13.304,1164.5071,0
13.305,1164.8069,0
13.306,1165.1066,0
13.307,1165.4063,0
13.308,1165.7060,0
13.309,1166.0057,0
13.310,1166.3054,0
13.311,1166.6051,0
13.312,1166.9049,0
13.313,1167.2046,0
13.314,1167.5043,0
13.315,1167.8040,0
13.316,1168.1037,0
13.317,1168.4034,0
13.318,1168.7031,0
13.319,1169.0029,0
13.320,1169.3026,0
13.321,1169.6023,0
13.322,1169.9020,0
13.323,1170.2017,0
13.324,1170.5014,0
13.325,1170.8011,0
13.326,1171.1008,0
13.327,1171.4006,0
13.328,1171.7003,0
13.329,1172.0000,0
13.330,1172.2997,0
13.331,1172.5994,0
13.332,1172.8991,0
13.333,1173.1988,0
13.334,1173.4986,0
13.335,1173.7983,0
13.336,1174.0980,0
13.337,1174.3977,0
13.338,1174.6974,0
13.339,1174.9971,0
13.340,1175.2968,0
13.341,1175.5966,0
13.342,1175.8963,0
13.343,1176.1960,0
13.344,1176.4957,0
13.345,1176.7954,0
13.346,1177.0951,0
13.347,1177.3948,0
13.348,1177.6946,0
13.349,1177.9943,0
13.350,1178.2940,0
13.351,1178.5937,0
13.352,1178.8934,0
13.353,1179.1931,0
13.354,1179.4928,0
13.355,1179.7926,0
13.356,1180.0923,0
13.357,1180.3920,0
13.358,1180.6917,0
13.359,1180.9914,0
13.360,1181.2911,0
13.361,1181.5908,0
13.362,1181.8905,0
13.363,1182.1903,0
13.364,1182.4900,0
13.365,1182.7897,0
13.366,1183.0894,0
13.367,1183.3891,0
13.368,1183.6888,0
13.369,1183.9885,0
13.370,1184.2883,0
13.371,1184.5880,0
13.372,1184.8877,0
13.373,1185.1874,0
13.374,1185.4871,0
13.375,1185.7868,0
13.376,1186.0865,0
13.377,1186.3863,0
13.378,1186.6860,0
13.379,1186.9857,0
13.380,1187.2854,0
13.381,1187.5851,0
13.382,1187.8848,0
13.383,1188.1845,0
13.384,1188.4843,0
13.385,1188.7840,0
13.386,1189.0837,0
13.387,1189.3834,0
13.388,1189.6831,0
13.389,1189.9828,0
13.390,1190.2825,0
13.391,1190.5823,0
13.392,1190.8820,0
13.393,1191.1817,0
13.394,1191.4814,0
13.395,1191.7811,0
13.396,1192.0808,0
13.397,1192.3805,0
13.398,1192.6803,0
13.399,1192.9800,0
13.400,1193.2797,0
13.401,1193.5794,0
13.402,1193.8791,0
13.403,1194.1788,0
13.404,1194.4785,0
13.405,1194.7783,0
13.406,1195.0780,0
13.407,1195.3777,0
13.408,1195.6774,0
13.409,1195.9771,0
13.410,1196.2768,0
13.411,1196.5765,0
13.412,1196.8762,0
13.413,1197.1760,0
13.414,1197.4757,0
13.415,1197.7754,0
13.416,1198.0751,0
13.417,1198.3748,0
13.418,1198.6745,0
13.419,1198.9742,0
13.420,1199.2740,0
13.421,1199.5737,0
13.422,1199.8734,0
13.423,1200.1731,0
13.424,1200.4728,0
13.425,1200.7725,0
13.426,1201.0722,0
13.427,1201.3720,0
13.428,1201.6717,0
13.429,1201.9714,0
13.430,1202.2711,0
13.431,1202.5708,0
13.432,1202.8705,0
13.433,1203.1702,0
13.434,1203.4700,0
13.435,1203.7697,0
13.436,1204.0694,0
13.437,1204.3691,0
13.438,1204.6688,0
13.439,1204.9685,0
13.440,1205.2682,0
13.441,1205.5680,0
13.442,1205.8677,0
13.443,1206.1674,0
13.444,1206.4671,0
13.445,1206.7668,0
13.446,1207.0665,0
13.447,1207.3662,0
13.448,1207.6660,0
13.449,1207.9657,0
13.450,1208.2654,0
13.451,1208.5651,0
13.452,1208.8648,0
13.453,1209.1645,0
13.454,1209.4642,0
13.455,1209.7640,0
13.456,1210.0637,0
13.457,1210.3634,0
13.458,1210.6631,0
13.459,1210.9628,0
13.460,1211.2625,0
13.461,1211.5622,0
13.462,1211.8620,0
13.463,1212.1617,0
13.464,1212.4614,0
13.465,1212.7611,0
13.466,1213.0608,0
13.467,1213.3605,0
13.468,1213.6602,0
13.469,1213.9600,0
13.470,1214.2597,0
13.471,1214.5594,0
13.472,1214.8591,0
13.473,1215.1588,0
13.474,1215.4585,0
13.475,1215.7582,0
13.476,1216.0579,0
13.477,1216.3577,0
13.478,1216.6574,0
13.479,1216.9571,0
13.480,1217.2568,0
13.481,1217.5565,0
13.482,1217.8562,0
13.483,1218.1559,0
13.484,1218.4557,0
13.485,1218.7554,0
13.486,1219.0551,0
13.487,1219.3548,0
13.488,1219.6545,0
13.489,1219.9542,0
13.490,1220.2539,0
13.491,1220.5537,0
13.492,1220.8534,0
13.493,1221.1531,0
13.494,1221.4528,0
13.495,1221.7525,0
13.496,1222.0522,0
13.497,1222.3519,0
13.498,1222.6517,0
13.499,1222.9514,0
13.500,1223.2511,0
13.501,1223.5508,0
13.502,1223.8505,0
13.503,1224.1502,0
13.504,1224.4499,0
13.505,1224.7497,0
13.506,1225.0494,0
13.507,1225.3491,0
13.508,1225.6488,0
13.509,1225.9485,0
13.510,1226.2482,0
13.511,1226.5479,0
13.512,1226.8477,0
13.513,1227.1474,0
13.514,1227.4471,0
13.515,1227.7468,0
13.516,1228.0465,0
13.517,1228.3462,0
13.518,1228.6459,0
13.519,1228.9457,0
13.520,1229.2454,0
13.521,1229.5451,0
13.522,1229.8448,0
13.523,1230.1445,0
13.524,1230.4442,0
13.525,1230.7439,0
13.526,1231.0437,0
13.527,1231.3434,0
13.528,1231.6431,0
13.529,1231.9428,0
13.530,1232.2425,0
13.531,1232.5422,0
13.532,1232.8419,0
13.533,1233.1417,0
13.534,1233.4414,0
13.535,1233.7411,0
13.536,1234.0408,0
13.537,1234.3405,0
13.538,1234.6402,0
13.539,1234.9399,0
13.540,1235.2397,0
13.541,1235.5394,0
13.542,1235.8391,0
13.543,1236.1388,0
13.544,1236.4385,0
13.545,1236.7382,0
13.546,1237.0379,0
13.547,1237.3377,0
13.548,1237.6374,0
13.549,1237.9371,0
13.550,1238.2368,0
13.551,1238.5365,0
13.552,1238.8362,0
13.553,1239.1359,0
13.554,1239.4357,0
13.555,1239.7354,0
13.556,1240.0351,0
13.557,1240.3348,0
13.558,1240.6345,0
13.559,1240.9342,0
13.560,1241.2339,0
13.561,1241.5337,0
13.562,1241.8334,0
13.563,1242.1331,0
13.564,1242.4328,0
13.565,1242.7325,0
13.566,1243.0322,0
13.567,1243.3319,0
13.568,1243.6317,0
13.569,1243.9314,0
13.570,1244.2311,0
13.571,1244.5308,0
13.572,1244.8305,0
13.573,1245.1302,0
13.574,1245.4299,0
13.575,1245.7297,0
13.576,1246.0294,0
13.577,1246.3291,0
13.578,1246.6288,0
13.579,1246.9285,0
13.580,1247.2282,0
13.581,1247.5279,0
13.582,1247.8277,0
13.583,1248.1274,0
13.584,1248.4271,0
13.585,1248.7268,0
13.586,1249.0265,0
13.587,1249.3262,0
13.588,1249.6259,0
13.589,1249.9256,0
13.590,1250.2254,0
13.591,1250.5251,0
13.592,1250.8248,0
13.593,1251.1245,0
13.594,1251.4242,0
13.595,1251.7239,0
13.596,1252.0236,0
13.597,1252.3234,0
13.598,1252.6231,0
13.599,1252.9228,0
13.600,1253.2225,0
13.601,1253.5222,0
13.602,1253.8219,0
13.603,1254.1216,0
13.604,1254.4214,0
13.605,1254.7211,0
13.606,1255.0208,0
13.607,1255.3205,0
13.608,1255.6202,0
13.609,1255.9199,0
13.610,1256.2196,0
13.611,1256.5194,0
13.612,1256.8191,0
13.613,1257.1188,0
13.614,1257.4185,0
13.615,1257.7182,0
13.616,1258.0179,0
13.617,1258.3176,0
13.618,1258.6174,0
13.619,1258.9171,0
13.620,1259.2168,0
13.621,1259.5165,0
13.622,1259.8162,0
13.623,1260.1159,0
13.624,1260.4156,0
13.625,1260.7154,0
13.626,1261.0151,0
13.627,1261.3148,0
13.628,1261.6145,0
13.629,1261.9142,0
13.630,1262.2139,0
13.631,1262.5136,0
13.632,1262.8134,0
13.633,1263.1131,0
13.634,1263.4128,0
13.635,1263.7125,0
13.636,1264.0122,0
13.637,1264.3119,0
13.638,1264.6116,0
13.639,1264.9114,0
13.640,1265.2111,0
13.641,1265.5108,0
13.642,1265.8105,0
13.643,1266.1102,0
13.644,1266.4099,0
13.645,1266.7096,0
13.646,1267.0094,0
13.647,1267.3091,0
13.648,1267.6088,0
13.649,1267.9085,0
13.650,1268.2082,0
13.651,1268.5079,0
13.652,1268.8076,0
13.653,1269.1074,0
13.654,1269.4071,0
13.655,1269.7068,0
13.656,1270.0065,0
13.657,1270.3062,0
13.658,1270.6059,0
13.659,1270.9056,0
13.660,1271.2054,0
13.661,1271.5051,0
13.662,1271.8048,0
13.663,1272.1045,0
13.664,1272.4042,0
13.665,1272.7039,0
13.666,1273.0036,0
13.667,1273.3034,0
13.668,1273.6031,0
13.669,1273.9028,0
13.670,1274.2025,0
13.671,1274.5022,0
13.672,1274.8019,0
13.673,1275.1016,0
13.674,1275.4014,0
13.675,1275.7011,0
13.676,1276.0008,0
13.677,1276.3005,0
13.678,1276.6002,0
13.679,1276.8999,0
13.680,1277.1996,0
13.681,1277.4994,0
13.682,1277.7991,0
13.683,1278.0988,0
13.684,1278.3985,0
13.685,1278.6982,0
13.686,1278.9979,0
13.687,1279.2976,0
13.688,1279.5974,0
13.689,1279.8971,0
13.690,1280.1968,0
13.691,1280.4965,0
13.692,1280.7962,0
13.693,1281.0959,0
13.694,1281.3956,0
13.695,1281.6954,0
13.696,1281.9951,0
13.697,1282.2948,0
13.698,1282.5945,0
13.699,1282.8942,0
13.700,1283.1939,0
13.701,1283.4936,0
13.702,1283.7934,0
13.703,1284.0931,0
13.704,1284.3928,0
13.705,1284.6925,0
13.706,1284.9922,0
13.707,1285.2919,0
13.708,1285.5916,0
13.709,1285.8914,0
13.710,1286.1911,0
13.711,1286.4908,0
13.712,1286.7905,0
13.713,1287.0902,0
13.714,1287.3899,0
13.715,1287.6896,0
13.716,1287.9894,0
13.717,1288.2891,0
13.718,1288.5888,0
13.719,1288.8885,0
13.720,1289.1882,0
13.721,1289.4879,0
13.722,1289.7876,0
13.723,1290.0874,0
13.724,1290.3871,0
13.725,1290.6868,0
13.726,1290.9865,0
13.727,1291.2862,0
13.728,1291.5859,0
13.729,1291.8857,0
13.730,1292.1854,0
13.731,1292.4851,0
13.732,1292.7848,0
13.733,1293.0845,0
13.734,1293.3842,0
13.735,1293.6839,0
13.736,1293.9837,0
13.737,1294.2834,0
13.738,1294.5831,0
13.739,1294.8828,0
13.740,1295.1825,0
13.741,1295.4822,0
13.742,1295.7819,0
13.743,1296.0817,0
13.744,1296.3814,0
13.745,1296.6811,0
13.746,1296.9808,0
13.747,1297.2805,0
13.748,1297.5802,0
13.749,1297.8799,0
13.750,1298.1797,0
13.751,1298.4794,0
13.752,1298.7791,0
13.753,1299.0788,0
13.754,1299.3785,0
13.755,1299.6782,0
13.756,1299.9779,0
13.757,1300.2777,0
13.758,1300.5774,0
13.759,1300.8771,0
13.760,1301.1768,0
13.761,1301.4765,0
13.762,1301.7762,0
13.763,1302.0759,0
13.764,1302.3757,0
13.765,1302.6754,0
13.766,1302.9751,0
13.767,1303.2748,0
13.768,1303.5745,0
13.769,1303.8742,0
13.770,1304.1739,0
13.771,1304.4737,0
13.772,1304.7734,0
13.773,1305.0731,0
13.774,1305.3728,0
13.775,1305.6725,0
13.776,1305.9722,0
13.777,1306.2719,0
13.778,1306.5717,0
13.779,1306.8714,0
13.780,1307.1711,0
13.781,1307.4708,0
13.782,1307.7705,0
13.783,1308.0702,0
13.784,1308.3699,0
13.785,1308.6697,0
13.786,1308.9694,0
13.787,1309.2691,0
13.788,1309.5688,0
13.789,1309.8685,0
13.790,1310.1682,0
13.791,1310.4679,0
13.792,1310.7677,0
13.793,1311.0674,0
13.794,1311.3671,0
13.795,1311.6668,0
13.796,1311.9665,0
13.797,1312.2662,0
13.798,1312.5659,0
13.799,1312.8657,0
13.800,1313.1654,0
13.801,1313.4651,0
13.802,1313.7648,0
13.803,1314.0645,0
13.804,1314.3642,0
13.805,1314.6639,0
13.806,1314.9637,0
13.807,1315.2634,0
13.808,1315.5631,0
13.809,1315.8628,0
13.810,1316.1625,0
13.811,1316.4622,0
13.812,1316.7619,0
13.813,1317.0617,0
13.814,1317.3614,0
13.815,1317.6611,0
13.816,1317.9608,0
13.817,1318.2605,0
13.818,1318.5602,0
13.819,1318.8599,0
13.820,1319.1597,0
13.821,1319.4594,0
13.822,1319.7591,0
13.823,1320.0588,0
13.824,1320.3585,0
13.825,1320.6582,0
13.826,1320.9579,0
13.827,1321.2577,0
13.828,1321.5574,0
13.829,1321.8571,0
13.830,1322.1568,0
13.831,1322.4565,0
13.832,1322.7562,0
13.833,1323.0559,0
13.834,1323.3557,0
13.835,1323.6554,0
13.836,1323.9551,0
13.837,1324.2548,0
13.838,1324.5545,0
13.839,1324.8542,0
13.840,1325.1539,0
13.841,1325.4537,0
13.842,1325.7534,0
13.843,1326.0531,0
13.844,1326.3528,0
13.845,1326.6525,0
13.846,1326.9522,0
13.847,1327.2520,0
13.848,1327.5517,0
13.849,1327.8514,0
13.850,1328.1511,0
13.851,1328.4508,0
13.852,1328.7505,0
13.853,1329.0502,0
13.854,1329.3500,0
13.855,1329.6497,0
13.856,1329.9494,0
13.857,1330.2491,0
13.858,1330.5488,0
13.859,1330.8485,0
13.860,1331.1482,0
13.861,1331.4480,0
13.862,1331.7477,0
13.863,1332.0474,0
13.864,1332.3471,0
13.865,1332.6468,0
13.866,1332.9465,0
13.867,1333.2462,0
13.868,1333.5460,0
13.869,1333.8457,0
13.870,1334.1454,0
13.871,1334.4451,0
13.872,1334.7448,0
13.873,1335.0445,0
13.874,1335.3442,0
13.875,1335.6440,0
13.876,1335.9437,0
13.877,1336.2434,0
13.878,1336.5431,0
13.879,1336.8428,0
13.880,1337.1425,0
13.881,1337.4422,0
13.882,1337.7420,0
13.883,1338.0417,0
13.884,1338.3414,0
13.885,1338.6411,0
13.886,1338.9408,0
13.887,1339.2405,0
13.888,1339.5402,0
13.889,1339.8400,0
13.890,1340.1397,0
13.891,1340.4394,0
13.892,1340.7391,0
13.893,1341.0388,0
13.894,1341.3385,0
13.895,1341.6382,0
13.896,1341.9380,0
13.897,1342.2377,0
13.898,1342.5374,0
13.899,1342.8371,0
13.900,1343.1368,0
13.901,1343.4365,0
13.902,1343.7362,0
13.903,1344.0360,0
13.904,1344.3357,0
13.905,1344.6354,0
13.906,1344.9351,0
13.907,1345.2348,0
13.908,1345.5345,0
13.909,1345.8342,0
13.910,1346.1340,0
13.911,1346.4337,0
13.912,1346.7334,0
13.913,1347.0331,0
13.914,1347.3328,0
13.915,1347.6325,0
13.916,1347.9323,0
13.917,1348.2320,0
13.918,1348.5317,0
13.919,1348.8314,0
13.920,1349.1311,0
13.921,1349.4308,0
13.922,1349.7305,0
13.923,1350.0303,0
13.924,1350.3300,0
13.925,1350.6297,0
13.926,1350.9294,0
13.927,1351.2291,0
13.928,1351.5288,0
13.929,1351.8285,0
13.930,1352.1283,0
13.931,1352.4280,0
13.932,1352.7277,0
13.933,1353.0274,0
13.934,1353.3271,0
13.935,1353.6268,0
13.936,1353.9265,0
13.937,1354.2263,0
13.938,1354.5260,0
13.939,1354.8257,0
13.940,1355.1254,0
13.941,1355.4251,0
13.942,1355.7248,0
13.943,1356.0245,0
13.944,1356.3243,0
13.945,1356.6240,0
13.946,1356.9237,0
13.947,1357.2234,0
13.948,1357.5231,0
13.949,1357.8228,0
13.950,1358.1225,0
13.951,1358.4223,0
13.952,1358.7220,0
13.953,1359.0217,0
13.954,1359.3214,0
13.955,1359.6211,0
13.956,1359.9208,0
13.957,1360.2205,0
13.958,1360.5203,0
13.959,1360.8200,0
13.960,1361.1197,0
13.961,1361.4194,0
13.962,1361.7191,0
13.963,1362.0188,0
13.964,1362.3185,0
13.965,1362.6183,0
13.966,1362.9180,0
13.967,1363.2177,0
13.968,1363.5174,0
13.969,1363.8171,0
13.970,1364.1168,0
13.971,1364.4166,0
13.972,1364.7163,0
13.973,1365.0160,0
13.974,1365.3157,0
13.975,1365.6154,0
13.976,1365.9151,0
13.977,1366.2148,0
13.978,1366.5146,0
13.979,1366.8143,0
13.980,1367.1140,0
13.981,1367.4137,0
13.982,1367.7134,0
13.983,1368.0131,0
13.984,1368.3128,0
13.985,1368.6126,0
13.986,1368.9123,0
13.987,1369.2120,0
13.988,1369.5117,0
13.989,1369.8114,0
13.990,1370.1111,0
13.991,1370.4108,0
13.992,1370.7106,0
13.993,1371.0103,0
13.994,1371.3100,0
13.995,1371.6097,0
13.996,1371.9094,0
13.997,1372.2091,0
13.998,1372.5088,0
13.999,1372.8086,0
14.000,1373.1083,0
14.001,1373.4080,0
14.002,1373.7077,0
14.003,1374.0074,0
14.004,1374.3071,0
14.005,1374.6068,0
14.006,1374.9066,0
14.007,1375.2063,0
14.008,1375.5060,0
14.009,1375.8057,0
14.010,1376.1054,0
14.011,1376.4051,0
14.012,1376.7048,0
14.013,1377.0046,0
14.014,1377.3043,0
14.015,1377.6040,0
14.016,1377.9037,0
14.017,1378.2034,0
14.018,1378.5031,0
14.019,1378.8029,0
14.020,1379.1026,0
14.021,1379.4023,0
14.022,1379.7020,0
14.023,1380.0017,0
14.024,1380.3014,0
14.025,1380.6011,0
14.026,1380.9009,0
14.027,1381.2006,0
14.028,1381.5003,0
14.029,1381.8000,0
14.030,1382.0997,0
14.031,1382.3994,0
14.032,1382.6991,0
14.033,1382.9989,0
14.034,1383.2986,0
14.035,1383.5983,0
14.036,1383.8980,0
14.037,1384.1977,0
14.038,1384.4974,0
14.039,1384.7971,0
14.040,1385.0969,0
14.041,1385.3966,0
14.042,1385.6963,0
14.043,1385.9960,0
14.044,1386.2957,0
14.045,1386.5954,0
14.046,1386.8951,0
14.047,1387.1949,0
14.048,1387.4946,0
14.049,1387.7943,0
14.050,1388.0940,0
14.051,1388.3937,0
14.052,1388.6934,0
14.053,1388.9931,0
14.054,1389.2929,0
14.055,1389.5926,0
14.056,1389.8923,0
14.057,1390.1920,0
14.058,1390.4917,0
14.059,1390.7914,0
14.060,1391.0911,0
14.061,1391.3909,0
14.062,1391.6906,0
14.063,1391.9903,0
14.064,1392.2900,0
14.065,1392.5897,0
14.066,1392.8894,0
14.067,1393.1892,0
14.068,1393.4889,0
14.069,1393.7886,0
14.070,1394.0883,0
14.071,1394.3880,0
14.072,1394.6877,0
14.073,1394.9874,0
14.074,1395.2872,0
14.075,1395.5869,0
14.076,1395.8866,0
14.077,1396.1863,0
14.078,1396.4860,0
14.079,1396.7857,0
14.080,1397.0854,0
14.081,1397.3852,0
14.082,1397.6849,0
14.083,1397.9846,0
14.084,1398.2843,0
14.085,1398.5840,0
14.086,1398.8837,0
14.087,1399.1834,0
14.088,1399.4832,0
14.089,1399.7829,0
14.090,1400.0826,0
14.091,1400.3823,0
14.092,1400.6820,0
14.093,1400.9817,0
14.094,1401.2814,0
14.095,1401.5812,0
14.096,1401.8809,0
14.097,1402.1806,0
14.098,1402.4803,0
14.099,1402.7800,0
14.100,1403.0797,0
14.101,1403.3795,0
14.102,1403.6792,0
14.103,1403.9789,0
14.104,1404.2786,0
14.105,1404.5783,0
14.106,1404.8780,0
14.107,1405.1777,0
14.108,1405.4775,0
14.109,1405.7772,0
14.110,1406.0769,0
14.111,1406.3766,0
14.112,1406.6763,0
14.113,1406.9760,0
14.114,1407.2757,0
14.115,1407.5755,0
14.116,1407.8752,0
14.117,1408.1749,0
14.118,1408.4746,0
14.119,1408.7743,0
14.120,1409.0740,0
14.121,1409.3737,0
14.122,1409.6735,0
14.123,1409.9732,0
14.124,1410.2729,0
14.125,1410.5726,0
14.126,1410.8723,0
14.127,1411.1720,0
14.128,1411.4717,0
14.129,1411.7715,0
14.130,1412.0712,0
14.131,1412.3709,0
14.132,1412.6706,0
14.133,1412.9703,0
14.134,1413.2700,0
14.135,1413.5697,0
14.136,1413.8695,0
14.137,1414.1692,0
14.138,1414.4689,0
14.139,1414.7686,0
14.140,1415.0683,0
14.141,1415.3680,0
14.142,1415.6678,0
14.143,1415.9675,0
14.144,1416.2672,0
14.145,1416.5669,0
14.146,1416.8666,0
14.147,1417.1663,0
14.148,1417.4660,0
14.149,1417.7658,0
14.150,1418.0655,0
14.151,1418.3652,0
14.152,1418.6649,0
14.153,1418.9646,0
14.154,1419.2643,0
14.155,1419.5640,0
14.156,1419.8638,0
14.157,1420.1635,0
14.158,1420.4632,0
14.159,1420.7629,0
14.160,1421.0626,0
14.161,1421.3623,0
14.162,1421.6620,0
14.163,1421.9618,0
14.164,1422.2615,0
14.165,1422.5612,0
14.166,1422.8609,0
14.167,1423.1606,0
14.168,1423.4603,0
14.169,1423.7600,0
14.170,1424.0598,0
14.171,1424.3595,0
14.172,1424.6592,0
14.173,1424.9589,0
14.174,1425.2586,0
14.175,1425.5583,0
14.176,1425.8581,0
14.177,1426.1578,0
14.178,1426.4575,0
14.179,1426.7572,0
14.180,1427.0569,0
14.181,1427.3566,0
14.182,1427.6563,0
14.183,1427.9561,0
14.184,1428.2558,0
14.185,1428.5555,0
14.186,1428.8552,0
14.187,1429.1549,0
14.188,1429.4546,0
14.189,1429.7543,0
14.190,1430.0541,0
14.191,1430.3538,0
14.192,1430.6535,0
14.193,1430.9532,0
14.194,1431.2529,0
14.195,1431.5526,0
14.196,1431.8523,0
14.197,1432.1521,0
14.198,1432.4518,0
14.199,1432.7515,0
14.200,1433.0512,0
14.201,1433.3509,0
14.202,1433.6506,0
14.203,1433.9503,0
14.204,1434.2501,0
14.205,1434.5498,0
14.206,1434.8495,0
14.207,1435.1492,0
14.208,1435.4489,0
14.209,1435.7486,0
14.210,1436.0484,0
14.211,1436.3481,0
14.212,1436.6478,0
14.213,1436.9475,0
14.214,1437.2472,0
14.215,1437.5469,0
14.216,1437.8466,0
14.217,1438.1464,0
14.218,1438.4461,0
14.219,1438.7458,0
14.220,1439.0455,0
14.221,1439.3452,0
14.222,1439.6449,0
14.223,1439.9446,0
14.224,1440.2444,0
14.225,1440.5441,0
14.226,1440.8438,0
14.227,1441.1435,0
14.228,1441.4432,0
14.229,1441.7429,0
14.230,1442.0426,0
14.231,1442.3424,0
14.232,1442.6421,0
14.233,1442.9418,0
14.234,1443.2415,0
14.235,1443.5412,0
14.236,1443.8409,0
14.237,1444.1407,0
14.238,1444.4404,0
14.239,1444.7401,0
14.240,1445.0398,0
14.241,1445.3395,0
14.242,1445.6392,0
14.243,1445.9389,0
14.244,1446.2387,0
14.245,1446.5384,0
14.246,1446.8381,0
14.247,1447.1378,0
14.248,1447.4375,0
14.249,1447.7372,0
14.250,1448.0369,0
14.251,1448.3367,0
14.252,1448.6364,0
14.253,1448.9361,0
14.254,1449.2358,0
14.255,1449.5355,0
14.256,1449.8352,0
14.257,1450.1349,0
14.258,1450.4347,0
14.259,1450.7344,0
14.260,1451.0341,0
14.261,1451.3338,0
14.262,1451.6335,0
14.263,1451.9332,0
14.264,1452.2329,0
14.265,1452.5327,0
14.266,1452.8324,0
14.267,1453.1321,0
14.268,1453.4318,0
14.269,1453.7315,0
14.270,1454.0312,0
14.271,1454.3310,0
14.272,1454.6307,0
14.273,1454.9304,0
14.274,1455.2301,0
14.275,1455.5298,0
14.276,1455.8295,0
14.277,1456.1292,0
14.278,1456.4290,0
14.279,1456.7287,0
14.280,1457.0284,0
14.281,1457.3281,0
14.282,1457.6278,0
14.283,1457.9275,0
14.284,1458.2272,0
14.285,1458.5270,0
14.286,1458.8267,0
14.287,1459.1264,0
14.288,1459.4261,0
14.289,1459.7258,0
14.290,1460.0255,0
14.291,1460.3252,0
14.292,1460.6250,0
14.293,1460.9247,0
14.294,1461.2244,0
14.295,1461.5241,0
14.296,1461.8238,0
14.297,1462.1235,0
14.298,1462.4233,0
14.299,1462.7230,0
14.300,1463.0227,0
14.301,1463.3224,0
14.302,1463.6221,0
14.303,1463.9218,0
14.304,1464.2215,0
14.305,1464.5213,0
14.306,1464.8210,0
14.307,1465.1207,0
14.308,1465.4204,0
14.309,1465.7201,0
14.310,1466.0198,0
14.311,1466.3195,0
14.312,1466.6193,0
14.313,1466.9190,0
14.314,1467.2187,0
14.315,1467.5184,0
14.316,1467.8181,0
14.317,1468.1178,0
14.318,1468.4175,0
14.319,1468.7173,0
14.320,1469.0170,0
14.321,1469.3167,0
14.322,1469.6164,0
14.323,1469.9161,0
14.324,1470.2158,0
14.325,1470.5156,0
14.326,1470.8153,0
14.327,1471.1150,0
14.328,1471.4147,0
14.329,1471.7144,0
14.330,1472.0141,0
14.331,1472.3138,0
14.332,1472.6136,0
14.333,1472.9133,0
14.334,1473.2130,0
14.335,1473.5127,0
14.336,1473.8124,0
14.337,1474.1121,0
14.338,1474.4118,0
14.339,1474.7116,0
14.340,1475.0113,0
14.341,1475.3110,0
14.342,1475.6107,0
14.343,1475.9104,0
14.344,1476.2101,0
14.345,1476.5098,0
14.346,1476.8096,0
14.347,1477.1093,0
14.348,1477.4090,0
14.349,1477.7087,0
14.350,1478.0084,0
14.351,1478.3081,0
14.352,1478.6079,0
14.353,1478.9076,0
14.354,1479.2073,0
14.355,1479.5070,0
14.356,1479.8067,0
14.357,1480.1064,0
14.358,1480.4061,0
14.359,1480.7059,0
14.360,1481.0056,0
14.361,1481.3053,0
14.362,1481.6050,0
14.363,1481.9047,0
14.364,1482.2044,0
14.365,1482.5041,0
14.366,1482.8039,0
14.367,1483.1036,0
14.368,1483.4033,0
14.369,1483.7030,0
14.370,1484.0027,0
14.371,1484.3024,0
14.372,1484.6021,0
14.373,1484.9019,0
14.374,1485.2016,0
14.375,1485.5013,0
14.376,1485.8010,0
14.377,1486.1007,0
14.378,1486.4004,0
14.379,1486.7002,0
14.380,1486.9999,0
14.381,1487.2996,0
14.382,1487.5993,0
14.383,1487.8990,0
14.384,1488.1987,0
14.385,1488.4984,0
14.386,1488.7982,0
14.387,1489.0979,0
14.388,1489.3976,0
14.389,1489.6973,0
14.390,1489.9970,0
14.391,1490.2967,0
14.392,1490.5964,0
14.393,1490.8962,0
14.394,1491.1959,0
14.395,1491.4956,0
14.396,1491.7953,0
14.397,1492.0950,0
14.398,1492.3947,0
14.399,1492.6944,0
14.400,1492.9942,0
14.401,1493.2939,0
14.402,1493.5936,0
14.403,1493.8933,0
14.404,1494.1930,0
14.405,1494.4927,0
14.406,1494.7925,0
14.407,1495.0922,0
14.408,1495.3919,0
14.409,1495.6916,0
14.410,1495.9913,0
14.411,1496.2910,0
14.412,1496.5907,0
14.413,1496.8905,0
14.414,1497.1902,0
14.415,1497.4899,0
14.416,1497.7896,0
14.417,1498.0893,0
14.418,1498.3890,0
14.419,1498.6887,0
14.420,1498.9885,0
14.421,1499.2882,0
14.422,1499.5879,0
14.423,1499.8876,0
14.424,1500.1873,0
14.425,1500.4870,0
14.426,1500.7868,0
14.427,1501.0865,0
14.428,1501.3862,0
14.429,1501.6859,0
14.430,1501.9856,0
14.431,1502.2853,0
14.432,1502.5850,0
14.433,1502.8848,0
14.434,1503.1845,0
14.435,1503.4842,0
14.436,1503.7839,0
14.437,1504.0836,0
14.438,1504.3833,0
14.439,1504.6830,0
14.440,1504.9828,0
14.441,1505.2825,0
14.442,1505.5822,0
14.443,1505.8819,0
14.444,1506.1816,0
14.445,1506.4813,0
14.446,1506.7810,0
14.447,1507.0808,0
14.448,1507.3805,0
14.449,1507.6802,0
14.450,1507.9799,0
14.451,1508.2796,0
14.452,1508.5793,0
14.453,1508.8791,0
14.454,1509.1788,0
14.455,1509.4785,0
14.456,1509.7782,0
14.457,1510.0779,0
14.458,1510.3776,0
14.459,1510.6773,0
14.460,1510.9771,0
14.461,1511.2768,0
14.462,1511.5765,0
14.463,1511.8762,0
14.464,1512.1759,0
14.465,1512.4756,0
14.466,1512.7753,0
14.467,1513.0751,0
14.468,1513.3748,0
14.469,1513.6745,0
14.470,1513.9742,0
14.471,1514.2739,0
14.472,1514.5736,0
14.473,1514.8734,0
14.474,1515.1731,0
14.475,1515.4728,0
14.476,1515.7725,0
14.477,1516.0722,0
14.478,1516.3719,0
14.479,1516.6716,0
14.480,1516.9714,0
14.481,1517.2711,0
14.482,1517.5708,0
14.483,1517.8705,0
14.484,1518.1702,0
14.485,1518.4699,0
14.486,1518.7696,0
14.487,1519.0694,0
14.488,1519.3691,0
14.489,1519.6688,0
14.490,1519.9685,0
14.491,1520.2682,0
14.492,1520.5679,0
14.493,1520.8676,0
14.494,1521.1674,0
14.495,1521.4671,0
14.496,1521.7668,0
14.497,1522.0665,0
14.498,1522.3662,0
14.499,1522.6659,0
14.500,1522.9657,0
14.501,1523.2654,0
14.502,1523.5651,0
14.503,1523.8648,0
14.504,1524.1645,0
14.505,1524.4642,0
14.506,1524.7639,0
14.507,1525.0637,0
14.508,1525.3634,0
14.509,1525.6631,0
14.510,1525.9628,0
14.511,1526.2625,0
14.512,1526.5622,0
14.513,1526.8619,0
14.514,1527.1617,0
14.515,1527.4614,0
14.516,1527.7611,0
14.517,1528.0608,0
14.518,1528.3605,0
14.519,1528.6602,0
14.520,1528.9600,0
14.521,1529.2597,0
14.522,1529.5594,0
14.523,1529.8591,0
14.524,1530.1588,0
14.525,1530.4585,0
14.526,1530.7582,0
14.527,1531.0580,0
14.528,1531.3577,0
14.529,1531.6574,0
14.530,1531.9571,0
14.531,1532.2568,0
14.532,1532.5565,0
14.533,1532.8562,0
14.534,1533.1560,0
14.535,1533.4557,0
14.536,1533.7554,0
14.537,1534.0551,0
14.538,1534.3548,0
14.539,1534.6545,0
14.540,1534.9543,0
14.541,1535.2540,0
14.542,1535.5537,0
14.543,1535.8534,0
14.544,1536.1531,0
14.545,1536.4528,0
14.546,1536.7525,0
14.547,1537.0523,0
14.548,1537.3520,0
14.549,1537.6517,0
14.550,1537.9514,0
14.551,1538.2511,0
14.552,1538.5508,0
14.553,1538.8505,0
14.554,1539.1503,0
14.555,1539.4500,0
14.556,1539.7497,0
14.557,1540.0494,0
14.558,1540.3491,0
14.559,1540.6488,0
14.560,1540.9485,0
14.561,1541.2483,0
14.562,1541.5480,0
14.563,1541.8477,0
14.564,1542.1474,0
14.565,1542.4471,0
14.566,1542.7468,0
14.567,1543.0466,0
14.568,1543.3463,0
14.569,1543.6460,0
14.570,1543.9457,0
14.571,1544.2454,0
14.572,1544.5451,0
14.573,1544.8448,0
14.574,1545.1446,0
14.575,1545.4443,0
14.576,1545.7440,0
14.577,1546.0437,0
14.578,1546.3434,0
14.579,1546.6431,0
14.580,1546.9428,0
14.581,1547.2426,0
14.582,1547.5423,0
14.583,1547.8420,0
14.584,1548.1417,0
14.585,1548.4414,0
14.586,1548.7411,0
14.587,1549.0409,0
14.588,1549.3406,0
14.589,1549.6403,0
14.590,1549.9400,0
14.591,1550.2397,0
14.592,1550.5394,0
14.593,1550.8391,0
14.594,1551.1389,0
14.595,1551.4386,0
14.596,1551.7383,0
14.597,1552.0380,0
14.598,1552.3377,0
14.599,1552.6374,0
14.600,1552.9371,0
14.601,1553.2369,0
14.602,1553.5366,0
14.603,1553.8363,0
14.604,1554.1360,0
14.605,1554.4357,0
14.606,1554.7354,0
14.607,1555.0352,0
14.608,1555.3349,0
14.609,1555.6346,0
14.610,1555.9343,0
14.611,1556.2340,0
14.612,1556.5337,0
14.613,1556.8334,0
14.614,1557.1332,0
14.615,1557.4329,0
14.616,1557.7326,0
14.617,1558.0323,0
14.618,1558.3320,0
14.619,1558.6317,0
14.620,1558.9314,0
14.621,1559.2312,0
14.622,1559.5309,0
14.623,1559.8306,0
14.624,1560.1303,0
14.625,1560.4300,0
14.626,1560.7297,0
14.627,1561.0295,0
14.628,1561.3292,0
14.629,1561.6289,0
14.630,1561.9286,0
14.631,1562.2283,0
14.632,1562.5280,0
14.633,1562.8277,0
14.634,1563.1275,0
14.635,1563.4272,0
14.636,1563.7269,0
14.637,1564.0266,0
14.638,1564.3263,0
14.639,1564.6260,0
14.640,1564.9257,0
14.641,1565.2255,0
14.642,1565.5252,0
14.643,1565.8249,0
14.644,1566.1246,0
14.645,1566.4243,0
14.646,1566.7240,0
14.647,1567.0238,0
14.648,1567.3235,0
14.649,1567.6232,0
14.650,1567.9229,0
14.651,1568.2226,0
14.652,1568.5223,0
14.653,1568.8220,0
14.654,1569.1218,0
14.655,1569.4215,0
14.656,1569.7212,0
14.657,1570.0209,0
14.658,1570.3206,0
14.659,1570.6203,0
14.660,1570.9200,0
14.661,1571.2198,0
14.662,1571.5195,0
14.663,1571.8192,0
14.664,1572.1189,0
14.665,1572.4186,0
14.666,1572.7183,0
14.667,1573.0181,0
14.668,1573.3178,0
14.669,1573.6175,0
14.670,1573.9172,0
14.671,1574.2169,0
14.672,1574.5166,0
14.673,1574.8163,0
14.674,1575.1161,0
14.675,1575.4158,0
14.676,1575.7155,0
14.677,1576.0152,0
14.678,1576.3149,0
14.679,1576.6146,0
14.680,1576.9143,0
14.681,1577.2141,0
14.682,1577.5138,0
14.683,1577.8135,0
14.684,1578.1132,0
14.685,1578.4129,0
14.686,1578.7126,0
14.687,1579.0124,0
14.688,1579.3121,0
14.689,1579.6118,0
14.690,1579.9115,0
14.691,1580.2112,0
14.692,1580.5109,0
14.693,1580.8106,0
14.694,1581.1104,0
14.695,1581.4101,0
14.696,1581.7098,0
14.697,1582.0095,0
14.698,1582.3092,0
14.699,1582.6089,0
14.700,1582.9086,0
14.701,1583.2084,0
14.702,1583.5081,0
14.703,1583.8078,0
14.704,1584.1075,0
14.705,1584.4072,0
14.706,1584.7069,0
14.707,1585.0067,0
14.708,1585.3064,0
14.709,1585.6061,0
14.710,1585.9058,0
14.711,1586.2055,0
14.712,1586.5052,0
14.713,1586.8049,0
14.714,1587.1047,0
14.715,1587.4044,0
14.716,1587.7041,0
14.717,1588.0038,0
14.718,1588.3035,0
14.719,1588.6032,0
14.720,1588.9029,0
14.721,1589.2027,0
14.722,1589.5024,0
14.723,1589.8021,0
14.724,1590.1018,0
14.725,1590.4015,0
14.726,1590.7012,0
14.727,1591.0010,0
14.728,1591.3007,0
14.729,1591.6004,0
14.730,1591.9001,0
14.731,1592.1998,0
14.732,1592.4995,0
14.733,1592.7992,0
14.734,1593.0990,0
14.735,1593.3987,0
14.736,1593.6984,0
14.737,1593.9981,0
14.738,1594.2978,0
14.739,1594.5975,0
14.740,1594.8972,0
14.741,1595.1970,0
14.742,1595.4967,0
14.743,1595.7964,0
14.744,1596.0961,0
14.745,1596.3958,0
14.746,1596.6955,0
14.747,1596.9953,0
14.748,1597.2950,0
14.749,1597.5947,0
14.750,1597.8944,0
14.751,1598.1941,0
14.752,1598.4938,0
14.753,1598.7935,0
14.754,1599.0933,0
14.755,1599.3930,0
14.756,1599.6927,0
14.757,1599.9924,0
14.758,1600.2921,0
14.759,1600.5918,0
14.760,1600.8916,0
14.761,1601.1913,0
14.762,1601.4910,0
14.763,1601.7907,0
14.764,1602.0904,0
14.765,1602.3901,0
14.766,1602.6898,0
14.767,1602.9896,0
14.768,1603.2893,0
14.769,1603.5890,0
14.770,1603.8887,0
14.771,1604.1884,0
14.772,1604.4881,0
14.773,1604.7878,0
14.774,1605.0876,0
14.775,1605.3873,0
14.776,1605.6870,0
14.777,1605.9867,0
14.778,1606.2864,0
14.779,1606.5861,0
14.780,1606.8859,0
14.781,1607.1856,0
14.782,1607.4853,0
14.783,1607.7850,0
14.784,1608.0847,0
14.785,1608.3844,0
14.786,1608.6841,0
14.787,1608.9839,0
14.788,1609.2836,0
14.789,1609.5833,0
14.790,1609.8830,0
14.791,1610.1827,0
14.792,1610.4824,0
14.793,1610.7821,0
14.794,1611.0819,0
14.795,1611.3816,0
14.796,1611.6813,0
14.797,1611.9810,0
14.798,1612.2807,0
14.799,1612.5804,0
14.800,1612.8802,0
14.801,1613.1799,0
14.802,1613.4796,0
14.803,1613.7793,0
14.804,1614.0790,0
14.805,1614.3787,0
14.806,1614.6784,0
14.807,1614.9782,0
14.808,1615.2779,0
14.809,1615.5776,0
14.810,1615.8773,0
14.811,1616.1770,0
14.812,1616.4767,0
14.813,1616.7764,0
14.814,1617.0762,0
14.815,1617.3759,0
14.816,1617.6756,0
14.817,1617.9753,0
14.818,1618.2750,0
14.819,1618.5747,0
14.820,1618.8745,0
14.821,1619.1742,0
14.822,1619.4739,0
14.823,1619.7736,0
14.824,1620.0733,0
14.825,1620.3730,0
14.826,1620.6727,0
14.827,1620.9725,0
14.828,1621.2722,0
14.829,1621.5719,0
14.830,1621.8716,0
14.831,1622.1713,0
14.832,1622.4710,0
14.833,1622.7708,0
14.834,1623.0705,0
14.835,1623.3702,0
14.836,1623.6699,0
14.837,1623.9696,0
14.838,1624.2693,0
14.839,1624.5690,0
14.840,1624.8688,0
14.841,1625.1685,0
14.842,1625.4682,0
14.843,1625.7679,0
14.844,1626.0676,0
14.845,1626.3673,0
14.846,1626.6670,0
14.847,1626.9668,0
14.848,1627.2665,0
14.849,1627.5662,0
14.850,1627.8659,0
14.851,1628.1656,0
14.852,1628.4653,0
14.853,1628.7651,0
14.854,1629.0648,0
14.855,1629.3645,0
14.856,1629.6642,0
14.857,1629.9639,0
14.858,1630.2636,0
14.859,1630.5633,0
14.860,1630.8631,0
14.861,1631.1628,0
14.862,1631.4625,0
14.863,1631.7622,0
14.864,1632.0619,0
14.865,1632.3616,0
14.866,1632.6613,0
14.867,1632.9611,0
14.868,1633.2608,0
14.869,1633.5605,0
14.870,1633.8602,0
14.871,1634.1599,0
14.872,1634.4596,0
14.873,1634.7594,0
14.874,1635.0591,0
14.875,1635.3588,0
14.876,1635.6585,0
14.877,1635.9582,0
14.878,1636.2579,0
14.879,1636.5576,0
14.880,1636.8574,0
14.881,1637.1571,0
14.882,1637.4568,0
14.883,1637.7565,0
14.884,1638.0562,0
14.885,1638.3559,0
14.886,1638.6557,0
14.887,1638.9554,0
14.888,1639.2551,0
14.889,1639.5548,0
14.890,1639.8545,0
14.891,1640.1542,0
14.892,1640.4539,0
14.893,1640.7537,0
14.894,1641.0534,0
14.895,1641.3531,0
14.896,1641.6528,0
14.897,1641.9525,0
14.898,1642.2522,0
14.899,1642.5519,0
14.900,1642.8517,0
14.901,1643.1514,0
14.902,1643.4511,0
14.903,1643.7508,0
14.904,1644.0505,0
14.905,1644.3502,0
14.906,1644.6500,0
14.907,1644.9497,0
14.908,1645.2494,0
14.909,1645.5491,0
14.910,1645.8488,0
14.911,1646.1485,0
14.912,1646.4482,0
14.913,1646.7480,0
14.914,1647.0477,0
14.915,1647.3474,0
14.916,1647.6471,0
14.917,1647.9468,0
14.918,1648.2465,0
14.919,1648.5462,0
14.920,1648.8460,0
14.921,1649.1457,0
14.922,1649.4454,0
14.923,1649.7451,0
14.924,1650.0448,0
14.925,1650.3445,0
14.926,1650.6443,0
14.927,1650.9440,0
14.928,1651.2437,0
14.929,1651.5434,0
14.930,1651.8431,0
14.931,1652.1428,0
14.932,1652.4425,0
14.933,1652.7423,0
14.934,1653.0420,0
14.935,1653.3417,0
14.936,1653.6414,0
14.937,1653.9411,0
14.938,1654.2408,0
14.939,1654.5406,0
14.940,1654.8403,0
14.941,1655.1400,0
14.942,1655.4397,0
14.943,1655.7394,0
14.944,1656.0391,0
14.945,1656.3388,0
14.946,1656.6386,0
14.947,1656.9383,0
14.948,1657.2380,0
14.949,1657.5377,0
14.950,1657.8374,0
14.951,1658.1371,0
14.952,1658.4368,0
14.953,1658.7366,0
14.954,1659.0363,0
14.955,1659.3360,0
14.956,1659.6357,0
14.957,1659.9354,0
14.958,1660.2351,0
14.959,1660.5349,0
14.960,1660.8346,0
14.961,1661.1343,0
14.962,1661.4340,0
14.963,1661.7337,0
14.964,1662.0334,0
14.965,1662.3331,0
14.966,1662.6329,0
14.967,1662.9326,0
14.968,1663.2323,0
14.969,1663.5320,0
14.970,1663.8317,0
14.971,1664.1314,0
14.972,1664.4312,0
14.973,1664.7309,0
14.974,1665.0306,0
14.975,1665.3303,0
14.976,1665.6300,0
14.977,1665.9297,0
14.978,1666.2294,0
14.979,1666.5292,0
14.980,1666.8289,0
14.981,1667.1286,0
14.982,1667.4283,0
14.983,1667.7280,0
14.984,1668.0277,0
14.985,1668.3274,0
14.986,1668.6272,0
14.987,1668.9269,0
14.988,1669.2266,0
14.989,1669.5263,0
14.990,1669.8260,0
14.991,1670.1257,0
14.992,1670.4255,0
14.993,1670.7252,0
14.994,1671.0249,0
14.995,1671.3246,0
14.996,1671.6243,0
14.997,1671.9240,0
14.998,1672.2237,0
14.999,1672.5235,0
15.000,1672.8232,0
15.001,1673.1229,0
15.002,1673.4226,0
15.003,1673.7223,0
15.004,1674.0220,0
15.005,1674.3218,0
15.006,1674.6215,0
15.007,1674.9212,0
15.008,1675.2209,0
15.009,1675.5206,0
15.010,1675.8203,0
15.011,1676.1200,0
15.012,1676.4198,0
15.013,1676.7195,0
15.014,1677.0192,0
15.015,1677.3189,0
15.016,1677.6186,0
15.017,1677.9183,0
15.018,1678.2180,0
15.019,1678.5178,0
15.020,1678.8175,0
15.021,1679.1172,0
15.022,1679.4169,0
15.023,1679.7166,0
15.024,1680.0163,0
15.025,1680.3161,0
15.026,1680.6158,0
15.027,1680.9155,0
15.028,1681.2152,0
15.029,1681.5149,0
15.030,1681.8146,0
15.031,1682.1143,0
15.032,1682.4141,0
15.033,1682.7138,0
15.034,1683.0135,0
15.035,1683.3132,0
15.036,1683.6129,0
15.037,1683.9126,0
15.038,1684.2124,0
15.039,1684.5121,0
15.040,1684.8118,0
15.041,1685.1115,0
15.042,1685.4112,0
15.043,1685.7109,0
15.044,1686.0106,0
15.045,1686.3104,0
15.046,1686.6101,0
15.047,1686.9098,0
15.048,1687.2095,0
15.049,1687.5092,0
15.050,1687.8089,0
15.051,1688.1087,0
15.052,1688.4084,0
15.053,1688.7081,0
15.054,1689.0078,0
15.055,1689.3075,0
15.056,1689.6072,0
15.057,1689.9069,0
15.058,1690.2067,0
15.059,1690.5064,0
15.060,1690.8061,0
15.061,1691.1058,0
15.062,1691.4055,0
15.063,1691.7052,0
15.064,1692.0049,0
15.065,1692.3047,0
15.066,1692.6044,0
15.067,1692.9041,0
15.068,1693.2038,0
15.069,1693.5035,0
15.070,1693.8032,0
15.071,1694.1030,0
15.072,1694.4027,0
15.073,1694.7024,0
15.074,1695.0021,0
15.075,1695.3018,0
15.076,1695.6015,0
15.077,1695.9012,0
15.078,1696.2010,0
15.079,1696.5007,0
15.080,1696.8004,0
15.081,1697.1001,0
15.082,1697.3998,0
15.083,1697.6995,0
15.084,1697.9993,0
15.085,1698.2990,0
15.086,1698.5987,0
15.087,1698.8984,0
15.088,1699.1981,0
15.089,1699.4978,0
15.090,1699.7975,0
15.091,1700.0973,0
15.092,1700.3970,0
15.093,1700.6967,0
15.094,1700.9964,0
15.095,1701.2961,0
15.096,1701.5958,0
15.097,1701.8955,0
15.098,1702.1953,0
15.099,1702.4950,0
15.100,1702.7947,0
15.101,1703.0944,0
15.102,1703.3941,0
15.103,1703.6938,0
15.104,1703.9936,0
15.105,1704.2933,0
15.106,1704.5930,0
15.107,1704.8927,0
15.108,1705.1924,0
15.109,1705.4921,0
15.110,1705.7918,0
15.111,1706.0916,0
15.112,1706.3913,0
15.113,1706.6910,0
15.114,1706.9907,0
15.115,1707.2904,0
15.116,1707.5901,0
15.117,1707.8899,0
15.118,1708.1896,0
15.119,1708.4893,0
15.120,1708.7890,0
15.121,1709.0887,0
15.122,1709.3884,0
15.123,1709.6881,0
15.124,1709.9879,0
15.125,1710.2876,0
15.126,1710.5873,0
15.127,1710.8870,0
15.128,1711.1867,0
15.129,1711.4864,0
15.130,1711.7862,0
15.131,1712.0859,0
15.132,1712.3856,0
15.133,1712.6853,0
15.134,1712.9850,0
15.135,1713.2847,0
15.136,1713.5844,0
15.137,1713.8842,0
15.138,1714.1839,0
15.139,1714.4836,0
15.140,1714.7833,0
15.141,1715.0830,0
15.142,1715.3827,0
15.143,1715.6824,0
15.144,1715.9822,0
15.145,1716.2819,0
15.146,1716.5816,0
15.147,1716.8813,0
15.148,1717.1810,0
15.149,1717.4807,0
15.150,1717.7805,0
15.151,1718.0802,0
15.152,1718.3799,0
15.153,1718.6796,0
15.154,1718.9793,0
15.155,1719.2790,0
15.156,1719.5787,0
15.157,1719.8785,0
15.158,1720.1782,0
15.159,1720.4779,0
15.160,1720.7776,0
15.161,1721.0773,0
15.162,1721.3770,0
15.163,1721.6768,0
15.164,1721.9765,0
15.165,1722.2762,0
15.166,1722.5759,0
15.167,1722.8756,0
15.168,1723.1753,0
15.169,1723.4750,0
15.170,1723.7748,0
15.171,1724.0745,0
15.172,1724.3742,0
15.173,1724.6739,0
15.174,1724.9736,0
15.175,1725.2733,0
15.176,1725.5731,0
15.177,1725.8728,0
15.178,1726.1725,0
15.179,1726.4722,0
15.180,1726.7719,0
15.181,1727.0716,0
15.182,1727.3713,0
15.183,1727.6711,0
15.184,1727.9708,0
15.185,1728.2705,0
15.186,1728.5702,0
15.187,1728.8699,0
15.188,1729.1696,0
15.189,1729.4693,0
15.190,1729.7691,0
15.191,1730.0688,0
15.192,1730.3685,0
15.193,1730.6682,0
15.194,1730.9679,0
15.195,1731.2676,0
15.196,1731.5674,0
15.197,1731.8671,0
15.198,1732.1668,0
15.199,1732.4665,0
15.200,1732.7662,0
15.201,1733.0659,0
15.202,1733.3656,0
15.203,1733.6654,0
15.204,1733.9651,0
15.205,1734.2648,0
15.206,1734.5645,0
15.207,1734.8642,0
15.208,1735.1639,0
15.209,1735.4637,0
15.210,1735.7634,0
15.211,1736.0631,0
15.212,1736.3628,0
15.213,1736.6625,0
15.214,1736.9622,0
15.215,1737.2619,0
15.216,1737.5617,0
15.217,1737.8614,0
15.218,1738.1611,0
15.219,1738.4608,0
15.220,1738.7605,0
15.221,1739.0602,0
15.222,1739.3600,0
15.223,1739.6597,0
15.224,1739.9594,0
15.225,1740.2591,0
15.226,1740.5588,0
15.227,1740.8585,0
15.228,1741.1582,0
15.229,1741.4580,0
15.230,1741.7577,0
15.231,1742.0574,0
15.232,1742.3571,0
15.233,1742.6568,0
15.234,1742.9565,0
15.235,1743.2563,0
15.236,1743.5560,0
15.237,1743.8557,0
15.238,1744.1554,0
15.239,1744.4551,0
15.240,1744.7548,0
15.241,1745.0545,0
15.242,1745.3543,0
15.243,1745.6540,0
15.244,1745.9537,0
15.245,1746.2534,0
15.246,1746.5531,0
15.247,1746.8528,0
15.248,1747.1525,0
15.249,1747.4523,0
15.250,1747.7520,0
15.251,1748.0517,0
15.252,1748.3514,0
15.253,1748.6511,0
15.254,1748.9508,0
15.255,1749.2506,0
15.256,1749.5503,0
15.257,1749.8500,0
15.258,1750.1497,0
15.259,1750.4494,0
15.260,1750.7491,0
15.261,1751.0488,0
15.262,1751.3486,0
15.263,1751.6483,0
15.264,1751.9480,0
15.265,1752.2477,0
15.266,1752.5474,0
15.267,1752.8471,0
15.268,1753.1469,0
15.269,1753.4466,0
15.270,1753.7463,0
15.271,1754.0460,0
15.272,1754.3457,0
15.273,1754.6454,0
15.274,1754.9451,0
15.275,1755.2449,0
15.276,1755.5446,0
15.277,1755.8443,0
15.278,1756.1440,0
15.279,1756.4437,0
15.280,1756.7434,0
15.281,1757.0432,0
15.282,1757.3429,0
15.283,1757.6426,0
15.284,1757.9423,0
15.285,1758.2420,0
15.286,1758.5417,0
15.287,1758.8414,0
15.288,1759.1412,0
15.289,1759.4409,0
15.290,1759.7406,0
15.291,1760.0403,0
15.292,1760.3400,0
15.293,1760.6397,0
15.294,1760.9395,0
15.295,1761.2392,0
15.296,1761.5389,0
15.297,1761.8386,0
15.298,1762.1383,0
15.299,1762.4380,0
15.300,1762.7377,0
15.301,1763.0375,0
15.302,1763.3372,0
15.303,1763.6369,0
15.304,1763.9366,0
15.305,1764.2363,0
15.306,1764.5360,0
15.307,1764.8358,0
15.308,1765.1355,0
15.309,1765.4352,0
15.310,1765.7349,0
15.311,1766.0346,0
15.312,1766.3343,0
15.313,1766.6340,0
15.314,1766.9338,0
15.315,1767.2335,0
15.316,1767.5332,0
15.317,1767.8329,0
15.318,1768.1326,0
15.319,1768.4323,0
15.320,1768.7320,0
15.321,1769.0318,0
15.322,1769.3315,0
15.323,1769.6312,0
15.324,1769.9309,0
15.325,1770.2306,0
15.326,1770.5303,0
15.327,1770.8301,0
15.328,1771.1298,0
15.329,1771.4295,0
15.330,1771.7292,0
15.331,1772.0289,0
15.332,1772.3286,0
15.333,1772.6283,0
15.334,1772.9281,0
15.335,1773.2278,0
15.336,1773.5275,0
15.337,1773.8272,0
15.338,1774.1269,0
15.339,1774.4266,0
15.340,1774.7264,0
15.341,1775.0261,0
15.342,1775.3258,0
15.343,1775.6255,0
15.344,1775.9252,0
15.345,1776.2249,0
15.346,1776.5246,0
15.347,1776.8244,0
15.348,1777.1241,0
15.349,1777.4238,0
15.350,1777.7235,0
15.351,1778.0232,0
15.352,1778.3229,0
15.353,1778.6227,0
15.354,1778.9224,0
15.355,1779.2221,0
15.356,1779.5218,0
15.357,1779.8215,0
15.358,1780.1212,0
15.359,1780.4209,0
15.360,1780.7207,0
15.361,1781.0204,0
15.362,1781.3201,0
15.363,1781.6198,0
15.364,1781.9195,0
15.365,1782.2192,0
15.366,1782.5190,0
15.367,1782.8187,0
15.368,1783.1184,0
15.369,1783.4181,0
15.370,1783.7178,0
15.371,1784.0175,0
15.372,1784.3172,0
15.373,1784.6170,0
15.374,1784.9167,0
15.375,1785.2164,0
15.376,1785.5161,0
15.377,1785.8158,0
15.378,1786.1155,0
15.379,1786.4153,0
15.380,1786.7150,0
15.381,1787.0147,0
15.382,1787.3144,0
15.383,1787.6141,0
15.384,1787.9138,0
15.385,1788.2135,0
15.386,1788.5133,0
15.387,1788.8130,0
15.388,1789.1127,0
15.389,1789.4124,0
15.390,1789.7121,0
15.391,1790.0118,0
15.392,1790.3116,0
15.393,1790.6113,0
15.394,1790.9110,0
15.395,1791.2107,0
15.396,1791.5104,0
15.397,1791.8101,0
15.398,1792.1098,0
15.399,1792.4096,0
15.400,1792.7093,0
15.401,1793.0090,0
15.402,1793.3087,0
15.403,1793.6084,0
15.404,1793.9081,0
15.405,1794.2079,0
15.406,1794.5076,0
15.407,1794.8073,0
15.408,1795.1070,0
15.409,1795.4067,0
15.410,1795.7064,0
15.411,1796.0061,0
15.412,1796.3059,0
15.413,1796.6056,0
15.414,1796.9053,0
15.415,1797.2050,0
15.416,1797.5047,0
15.417,1797.8044,0
15.418,1798.1041,0
15.419,1798.4039,0
15.420,1798.7036,0
15.421,1799.0033,0
15.422,1799.3030,0
15.423,1799.6027,0
15.424,1799.9024,0
15.425,1800.2022,0
15.426,1800.5019,0
15.427,1800.8016,0
15.428,1801.1013,0
15.429,1801.4010,0
15.430,1801.7007,0
15.431,1802.0004,0
15.432,1802.3002,0
15.433,1802.5999,0
15.434,1802.8996,0
15.435,1803.1993,0
15.436,1803.4990,0
15.437,1803.7987,0
15.438,1804.0985,0
15.439,1804.3982,0
15.440,1804.6979,0
15.441,1804.9976,0
15.442,1805.2973,0
15.443,1805.5970,0
15.444,1805.8967,0
15.445,1806.1965,0
15.446,1806.4962,0
15.447,1806.7959,0
15.448,1807.0956,0
15.449,1807.3953,0
15.450,1807.6950,0
15.451,1807.9948,0
15.452,1808.2945,0
15.453,1808.5942,0
15.454,1808.8939,0
15.455,1809.1936,0
15.456,1809.4933,0
15.457,1809.7930,0
15.458,1810.0928,0
15.459,1810.3925,0
15.460,1810.6922,0
15.461,1810.9919,0
15.462,1811.2916,0
15.463,1811.5913,0
15.464,1811.8911,0
15.465,1812.1908,0
15.466,1812.4905,0
15.467,1812.7902,0
15.468,1813.0899,0
15.469,1813.3896,0
15.470,1813.6893,0
15.471,1813.9891,0
15.472,1814.2888,0
15.473,1814.5885,0
15.474,1814.8882,0
15.475,1815.1879,0
15.476,1815.4876,0
15.477,1815.7874,0
15.478,1816.0871,0
15.479,1816.3868,0
15.480,1816.6865,0
15.481,1816.9862,0
15.482,1817.2859,0
15.483,1817.5856,0
15.484,1817.8854,0
15.485,1818.1851,0
15.486,1818.4848,0
15.487,1818.7845,0
15.488,1819.0842,0
15.489,1819.3839,0
15.490,1819.6837,0
15.491,1819.9834,0
15.492,1820.2831,0
15.493,1820.5828,0
15.494,1820.8825,0
15.495,1821.1822,0
15.496,1821.4819,0
15.497,1821.7817,0
15.498,1822.0814,0
15.499,1822.3811,0
15.500,1822.6808,0
15.501,1822.9805,0
15.502,1823.2802,0
15.503,1823.5800,0
15.504,1823.8797,0
15.505,1824.1794,0
15.506,1824.4791,0
15.507,1824.7788,0
15.508,1825.0785,0
15.509,1825.3782,0
15.510,1825.6780,0
15.511,1825.9777,0
15.512,1826.2774,0
15.513,1826.5771,0
15.514,1826.8768,0
15.515,1827.1765,0
15.516,1827.4763,0
15.517,1827.7760,0
15.518,1828.0757,0
15.519,1828.3754,0
15.520,1828.6751,0
15.521,1828.9748,0
15.522,1829.2745,0
15.523,1829.5743,0
15.524,1829.8740,0
15.525,1830.1737,0
15.526,1830.4734,0
15.527,1830.7731,0
15.528,1831.0728,0
15.529,1831.3726,0
15.530,1831.6723,0
15.531,1831.9720,0
15.532,1832.2717,0
15.533,1832.5714,0
15.534,1832.8711,0
15.535,1833.1708,0
15.536,1833.4706,0
15.537,1833.7703,0
15.538,1834.0700,0
15.539,1834.3697,0
15.540,1834.6694,0
15.541,1834.9691,0
15.542,1835.2689,0
15.543,1835.5686,0
15.544,1835.8683,0
15.545,1836.1680,0
15.546,1836.4677,0
15.547,1836.7674,0
15.548,1837.0671,0
15.549,1837.3669,0
15.550,1837.6666,0
15.551,1837.9663,0
15.552,1838.2660,0
15.553,1838.5657,0
15.554,1838.8654,0
15.555,1839.1652,0
15.556,1839.4649,0
15.557,1839.7646,0
15.558,1840.0643,0
15.559,1840.3640,0
15.560,1840.6637,0
15.561,1840.9634,0
15.562,1841.2632,0
15.563,1841.5629,0
15.564,1841.8626,0
15.565,1842.1623,0
15.566,1842.4620,0
15.567,1842.7617,0
15.568,1843.0615,0
15.569,1843.3612,0
15.570,1843.6609,0
15.571,1843.9606,0
15.572,1844.2603,0
15.573,1844.5600,0
15.574,1844.8597,0
15.575,1845.1595,0
15.576,1845.4592,0
15.577,1845.7589,0
15.578,1846.0586,0
15.579,1846.3583,0
15.580,1846.6580,0
15.581,1846.9578,0
15.582,1847.2575,0
15.583,1847.5572,0
15.584,1847.8569,0
15.585,1848.1566,0
15.586,1848.4563,0
15.587,1848.7560,0
15.588,1849.0558,0
15.589,1849.3555,0
15.590,1849.6552,0
15.591,1849.9549,0
15.592,1850.2546,0
15.593,1850.5543,0
15.594,1850.8541,0
15.595,1851.1538,0
15.596,1851.4535,0
15.597,1851.7532,0
15.598,1852.0529,0
15.599,1852.3526,0
15.600,1852.6523,0
15.601,1852.9521,0
15.602,1853.2518,0
15.603,1853.5515,0
15.604,1853.8512,0
15.605,1854.1509,0
15.606,1854.4506,0
15.607,1854.7504,0
15.608,1855.0501,0
15.609,1855.3498,0
15.610,1855.6495,0
15.611,1855.9492,0
15.612,1856.2489,0
15.613,1856.5486,0
15.614,1856.8484,0
15.615,1857.1481,0
15.616,1857.4478,0
15.617,1857.7475,0
15.618,1858.0472,0
15.619,1858.3469,0
15.620,1858.6467,0
15.621,1858.9464,0
15.622,1859.2461,0
15.623,1859.5458,0
15.624,1859.8455,0
15.625,1860.1452,0
15.626,1860.4449,0
15.627,1860.7447,0
15.628,1861.0444,0
15.629,1861.3441,0
15.630,1861.6438,0
15.631,1861.9435,0
15.632,1862.2432,0
15.633,1862.5430,0
15.634,1862.8427,0
15.635,1863.1424,0
15.636,1863.4421,0
15.637,1863.7418,0
15.638,1864.0415,0
15.639,1864.3412,0
15.640,1864.6410,0
15.641,1864.9407,0
15.642,1865.2404,0
15.643,1865.5401,0
15.644,1865.8398,0
15.645,1866.1395,0
15.646,1866.4393,0
15.647,1866.7390,0
15.648,1867.0387,0
15.649,1867.3384,0
15.650,1867.6381,0
15.651,1867.9378,0
15.652,1868.2375,0
15.653,1868.5373,0
15.654,1868.8370,0
15.655,1869.1367,0
15.656,1869.4364,0
15.657,1869.7361,0
15.658,1870.0358,0
15.659,1870.3356,0
15.660,1870.6353,0
15.661,1870.9350,0
15.662,1871.2347,0
15.663,1871.5344,0
15.664,1871.8341,0
15.665,1872.1338,0
15.666,1872.4336,0
15.667,1872.7333,0
15.668,1873.0330,0
15.669,1873.3327,0
15.670,1873.6324,0
15.671,1873.9321,0
15.672,1874.2319,0
15.673,1874.5316,0
15.674,1874.8313,0
15.675,1875.1310,0
15.676,1875.4307,0
15.677,1875.7304,0
15.678,1876.0301,0
15.679,1876.3299,0
15.680,1876.6296,0
15.681,1876.9293,0
15.682,1877.2290,0
15.683,1877.5287,0
15.684,1877.8284,0
15.685,1878.1282,0
15.686,1878.4279,0
15.687,1878.7276,0
15.688,1879.0273,0
15.689,1879.3270,0
15.690,1879.6267,0
15.691,1879.9264,0
15.692,1880.2262,0
15.693,1880.5259,0
15.694,1880.8256,0
15.695,1881.1253,0
15.696,1881.4250,0
15.697,1881.7247,0
15.698,1882.0245,0
15.699,1882.3242,0
15.700,1882.6239,0
15.701,1882.9236,0
15.702,1883.2233,0
15.703,1883.5230,0
15.704,1883.8227,0
15.705,1884.1225,0
15.706,1884.4222,0
15.707,1884.7219,0
15.708,1885.0216,0
15.709,1885.3213,0
15.710,1885.6210,0
15.711,1885.9208,0
15.712,1886.2205,0
15.713,1886.5202,0
15.714,1886.8199,0
15.715,1887.1196,0
15.716,1887.4193,0
15.717,1887.7190,0
15.718,1888.0188,0
15.719,1888.3185,0
15.720,1888.6182,0
15.721,1888.9179,0
15.722,1889.2176,0
15.723,1889.5173,0
15.724,1889.8171,0
15.725,1890.1168,0
15.726,1890.4165,0
15.727,1890.7162,0
15.728,1891.0159,0
15.729,1891.3156,0
15.730,1891.6153,0
15.731,1891.9151,0
15.732,1892.2148,0
15.733,1892.5145,0
15.734,1892.8142,0
15.735,1893.1139,0
15.736,1893.4136,0
15.737,1893.7134,0
15.738,1894.0131,0
15.739,1894.3128,0
15.740,1894.6125,0
15.741,1894.9122,0
15.742,1895.2119,0
15.743,1895.5116,0
15.744,1895.8114,0
15.745,1896.1111,0
15.746,1896.4108,0
15.747,1896.7105,0
15.748,1897.0102,0
15.749,1897.3099,0
15.750,1897.6097,0
15.751,1897.9094,0
15.752,1898.2091,0
15.753,1898.5088,0
15.754,1898.8085,0
15.755,1899.1082,0
15.756,1899.4079,0
15.757,1899.7077,0
15.758,1900.0074,0
15.759,1900.3071,0
15.760,1900.6068,0
15.761,1900.9065,0
15.762,1901.2062,0
15.763,1901.5060,0
15.764,1901.8057,0
15.765,1902.1054,0
15.766,1902.4051,0
15.767,1902.7048,0
15.768,1903.0045,0
15.769,1903.3042,0
15.770,1903.6040,0
15.771,1903.9037,0
15.772,1904.2034,0
15.773,1904.5031,0
15.774,1904.8028,0
15.775,1905.1025,0
15.776,1905.4023,0
15.777,1905.7020,0
15.778,1906.0017,0
15.779,1906.3014,0
15.780,1906.6011,0
15.781,1906.9008,0
15.782,1907.2005,0
15.783,1907.5003,0
15.784,1907.8000,0
15.785,1908.0997,0
15.786,1908.3994,0
15.787,1908.6991,0
15.788,1908.9988,0
15.789,1909.2986,0
15.790,1909.5983,0
15.791,1909.8980,0
15.792,1910.1977,0
15.793,1910.4974,0
15.794,1910.7971,0
15.795,1911.0968,0
15.796,1911.3966,0
15.797,1911.6963,0
15.798,1911.9960,0
15.799,1912.2957,0
15.800,1912.5954,0
15.801,1912.8951,0
15.802,1913.1949,0
15.803,1913.4946,0
15.804,1913.7943,0
15.805,1914.0940,0
15.806,1914.3937,0
15.807,1914.6934,0
15.808,1914.9932,0
15.809,1915.2929,0
15.810,1915.5926,0
15.811,1915.8923,0
15.812,1916.1920,0
15.813,1916.4917,0
15.814,1916.7914,0
15.815,1917.0912,0
15.816,1917.3909,0
15.817,1917.6906,0
15.818,1917.9903,0
15.819,1918.2900,0
15.820,1918.5897,0
15.821,1918.8895,0
15.822,1919.1892,0
15.823,1919.4889,0
15.824,1919.7886,0
15.825,1920.0883,0
15.826,1920.3880,0
15.827,1920.6877,0
15.828,1920.9875,0
15.829,1921.2872,0
15.830,1921.5869,0
15.831,1921.8866,0
15.832,1922.1863,0
15.833,1922.4860,0
15.834,1922.7858,0
15.835,1923.0855,0
15.836,1923.3852,0
15.837,1923.6849,0
15.838,1923.9846,0
15.839,1924.2843,0
15.840,1924.5840,0
15.841,1924.8838,0
15.842,1925.1835,0
15.843,1925.4832,0
15.844,1925.7829,0
15.845,1926.0826,0
15.846,1926.3823,0
15.847,1926.6821,0
15.848,1926.9818,0
15.849,1927.2815,0
15.850,1927.5812,0
15.851,1927.8809,0
15.852,1928.1806,0
15.853,1928.4803,0
15.854,1928.7801,0
15.855,1929.0798,0
15.856,1929.3795,0
15.857,1929.6792,0
15.858,1929.9789,0
15.859,1930.2786,0
15.860,1930.5784,0
15.861,1930.8781,0
15.862,1931.1778,0
15.863,1931.4775,0
15.864,1931.7772,0
15.865,1932.0769,0
15.866,1932.3766,0
15.867,1932.6764,0
15.868,1932.9761,0
15.869,1933.2758,0
15.870,1933.5755,0
15.871,1933.8752,0
15.872,1934.1749,0
15.873,1934.4747,0
15.874,1934.7744,0
15.875,1935.0741,0
15.876,1935.3738,0
15.877,1935.6735,0
15.878,1935.9732,0
15.879,1936.2729,0
15.880,1936.5727,0
15.881,1936.8724,0
15.882,1937.1721,0
15.883,1937.4718,0
15.884,1937.7715,0
15.885,1938.0712,0
15.886,1938.3710,0
15.887,1938.6707,0
15.888,1938.9704,0
15.889,1939.2701,0
15.890,1939.5698,0
15.891,1939.8695,0
15.892,1940.1692,0
15.893,1940.4690,0
15.894,1940.7687,0
15.895,1941.0684,0
15.896,1941.3681,0
15.897,1941.6678,0
15.898,1941.9675,0
15.899,1942.2673,0
15.900,1942.5670,0
15.901,1942.8667,0
15.902,1943.1664,0
15.903,1943.4661,0
15.904,1943.7658,0
15.905,1944.0655,0
15.906,1944.3653,0
15.907,1944.6650,0
15.908,1944.9647,0
15.909,1945.2644,0
15.910,1945.5641,0
15.911,1945.8638,0
15.912,1946.1636,0
15.913,1946.4633,0
15.914,1946.7630,0
15.915,1947.0627,0
15.916,1947.3624,0
15.917,1947.6621,0
15.918,1947.9619,0
15.919,1948.2616,0
15.920,1948.5613,0
15.921,1948.8610,0
15.922,1949.1607,0
15.923,1949.4604,0
15.924,1949.7601,0
15.925,1950.0599,0
15.926,1950.3596,0
15.927,1950.6593,0
15.928,1950.9590,0
15.929,1951.2587,0
15.930,1951.5584,0
15.931,1951.8582,0
15.932,1952.1579,0
15.933,1952.4576,0
15.934,1952.7573,0
15.935,1953.0570,0
15.936,1953.3567,0
15.937,1953.6564,0
15.938,1953.9562,0
15.939,1954.2559,0
15.940,1954.5556,0
15.941,1954.8553,0
15.942,1955.1550,0
15.943,1955.4547,0
15.944,1955.7545,0
15.945,1956.0542,0
15.946,1956.3539,0
15.947,1956.6536,0
15.948,1956.9533,0
15.949,1957.2530,0
15.950,1957.5527,0
15.951,1957.8525,0
15.952,1958.1522,0
15.953,1958.4519,0
15.954,1958.7516,0
15.955,1959.0513,0
15.956,1959.3510,0
15.957,1959.6508,0
15.958,1959.9505,0
15.959,1960.2502,0
15.960,1960.5499,0
15.961,1960.8496,0
15.962,1961.1493,0
15.963,1961.4490,0
15.964,1961.7488,0
15.965,1962.0485,0
15.966,1962.3482,0
15.967,1962.6479,0
15.968,1962.9476,0
15.969,1963.2473,0
15.970,1963.5471,0
15.971,1963.8468,0
15.972,1964.1465,0
15.973,1964.4462,0
15.974,1964.7459,0
15.975,1965.0456,0
15.976,1965.3453,0
15.977,1965.6451,0
15.978,1965.9448,0
15.979,1966.2445,0
15.980,1966.5442,0
15.981,1966.8439,0
15.982,1967.1436,0
15.983,1967.4434,0
15.984,1967.7431,0
15.985,1968.0428,0
15.986,1968.3425,0
15.987,1968.6422,0
15.988,1968.9419,0
15.989,1969.2417,0
15.990,1969.5414,0
15.991,1969.8411,0
15.992,1970.1408,0
15.993,1970.4405,0
15.994,1970.7402,0
15.995,1971.0399,0
15.996,1971.3397,0
15.997,1971.6394,0
15.998,1971.9391,0
15.999,1972.2388,0
16.000,1972.5385,0
16.001,1972.8382,0
16.002,1973.1380,0
16.003,1973.4377,0
16.004,1973.7374,0
16.005,1974.0371,0
16.006,1974.3368,0
16.007,1974.6365,0
16.008,1974.9362,0
16.009,1975.2360,0
16.010,1975.5357,0
16.011,1975.8354,0
16.012,1976.1351,0
16.013,1976.4348,0
16.014,1976.7345,0
16.015,1977.0343,0
16.016,1977.3340,0
16.017,1977.6337,0
16.018,1977.9334,0
16.019,1978.2331,0
16.020,1978.5328,0
16.021,1978.8325,0
16.022,1979.1323,0
16.023,1979.4320,0
16.024,1979.7317,0
16.025,1980.0314,0
16.026,1980.3311,0
16.027,1980.6308,0
16.028,1980.9306,0
16.029,1981.2303,0
16.030,1981.5300,0
16.031,1981.8297,0
16.032,1982.1294,0
16.033,1982.4291,0
16.034,1982.7288,0
16.035,1983.0286,0
16.036,1983.3283,0
16.037,1983.6280,0
16.038,1983.9277,0
16.039,1984.2274,0
16.040,1984.5271,0
16.041,1984.8269,0
16.042,1985.1266,0
16.043,1985.4263,0
16.044,1985.7260,0
16.045,1986.0257,0
16.046,1986.3254,0
16.047,1986.6251,0
16.048,1986.9249,0
16.049,1987.2246,0
16.050,1987.5243,0
16.051,1987.8240,0
16.052,1988.1237,0
16.053,1988.4234,0
16.054,1988.7232,0
16.055,1989.0229,0
16.056,1989.3226,0
16.057,1989.6223,0
16.058,1989.9220,0
16.059,1990.2217,0
16.060,1990.5215,0
16.061,1990.8212,0
16.062,1991.1209,0
16.063,1991.4206,0
16.064,1991.7203,0
16.065,1992.0200,0
16.066,1992.3197,0
16.067,1992.6195,0
16.068,1992.9192,0
16.069,1993.2189,0
16.070,1993.5186,0
16.071,1993.8183,0
16.072,1994.1180,0
16.073,1994.4178,0
16.074,1994.7175,0
16.075,1995.0172,0
16.076,1995.3169,0
16.077,1995.6166,0
16.078,1995.9163,0
16.079,1996.2160,0
16.080,1996.5158,0
16.081,1996.8155,0
16.082,1997.1152,0
16.083,1997.4149,0
16.084,1997.7146,0
16.085,1998.0143,0
16.086,1998.3141,0
16.087,1998.6138,0
16.088,1998.9135,0
16.089,1999.2132,0
16.090,1999.5129,0
16.091,1999.8126,0
16.092,2000.1123,0
16.093,2000.4121,0
16.094,2000.7118,0
16.095,2001.0115,0
16.096,2001.3112,0
16.097,2001.6109,0
16.098,2001.9106,0
16.099,2002.2104,0
16.100,2002.5101,0
16.101,2002.8098,0
16.102,2003.1095,0
16.103,2003.4092,0
16.104,2003.7089,0
16.105,2004.0086,0
16.106,2004.3084,0
16.107,2004.6081,0
16.108,2004.9078,0
16.109,2005.2075,0
16.110,2005.5072,0
16.111,2005.8069,0
16.112,2006.1067,0
16.113,2006.4064,0
16.114,2006.7061,0
16.115,2007.0058,0
16.116,2007.3055,0
16.117,2007.6052,0
16.118,2007.9050,0
16.119,2008.2047,0
16.120,2008.5044,0
16.121,2008.8041,0
16.122,2009.1038,0
16.123,2009.4035,0
16.124,2009.7032,0
16.125,2010.0030,0
16.126,2010.3027,0
16.127,2010.6024,0
16.128,2010.9021,0
16.129,2011.2018,0
16.130,2011.5015,0
16.131,2011.8013,0
16.132,2012.1010,0
16.133,2012.4007,0
16.134,2012.7004,0
16.135,2013.0001,0
16.136,2013.2998,0
16.137,2013.5995,0
16.138,2013.8993,0
16.139,2014.1990,0
16.140,2014.4987,0
16.141,2014.7984,0
16.142,2015.0981,0
16.143,2015.3978,0
16.144,2015.6976,0
16.145,2015.9973,0
16.146,2016.2970,0
16.147,2016.5967,0
16.148,2016.8964,0
16.149,2017.1961,0
16.150,2017.4958,0
16.151,2017.7956,0
16.152,2018.0953,0
16.153,2018.3950,0
16.154,2018.6947,0
16.155,2018.9944,0
16.156,2019.2941,0
16.157,2019.5939,0
16.158,2019.8936,0
16.159,2020.1933,0
16.160,2020.4930,0
16.161,2020.7927,0
16.162,2021.0924,0
16.163,2021.3922,0
16.164,2021.6919,0
16.165,2021.9916,0
16.166,2022.2913,0
16.167,2022.5910,0
16.168,2022.8907,0
16.169,2023.1904,0
16.170,2023.4902,0
16.171,2023.7899,0
16.172,2024.0896,0
16.173,2024.3893,0
16.174,2024.6890,0
16.175,2024.9887,0
16.176,2025.2885,0
16.177,2025.5882,0
16.178,2025.8879,0
16.179,2026.1876,0
16.180,2026.4873,0
16.181,2026.7870,0
16.182,2027.0867,0
16.183,2027.3865,0
16.184,2027.6862,0
16.185,2027.9859,0
16.186,2028.2856,0
16.187,2028.5853,0
16.188,2028.8850,0
16.189,2029.1848,0
16.190,2029.4845,0
16.191,2029.7842,0
16.192,2030.0839,0
16.193,2030.3836,0
16.194,2030.6833,0
16.195,2030.9830,0
16.196,2031.2828,0
16.197,2031.5825,0
16.198,2031.8822,0
16.199,2032.1819,0
16.200,2032.4816,0
16.201,2032.7813,0
16.202,2033.0811,0
16.203,2033.3808,0
16.204,2033.6805,0
16.205,2033.9802,0
16.206,2034.2799,0
16.207,2034.5796,0
16.208,2034.8793,0
16.209,2035.1791,0
16.210,2035.4788,0
16.211,2035.7785,0
16.212,2036.0782,0
16.213,2036.3779,0
16.214,2036.6776,0
16.215,2036.9774,0
16.216,2037.2771,0
16.217,2037.5768,0
16.218,2037.8765,0
16.219,2038.1762,0
16.220,2038.4759,0
16.221,2038.7757,0
16.222,2039.0754,0
16.223,2039.3751,0
16.224,2039.6748,0
16.225,2039.9745,0
16.226,2040.2742,0
16.227,2040.5739,0
16.228,2040.8737,0
16.229,2041.1734,0
16.230,2041.4731,0
16.231,2041.7728,0
16.232,2042.0725,0
16.233,2042.3722,0
16.234,2042.6720,0
16.235,2042.9717,0
16.236,2043.2714,0
16.237,2043.5711,0
16.238,2043.8708,0
16.239,2044.1705,0
16.240,2044.4702,0
16.241,2044.7700,0
16.242,2045.0697,0
16.243,2045.3694,0
16.244,2045.6691,0
16.245,2045.9688,0
16.246,2046.2685,0
16.247,2046.5683,0
16.248,2046.8680,0
16.249,2047.1677,0
16.250,2047.4674,0
16.251,2047.7671,0
16.252,2048.0668,0
16.253,2048.3665,0
16.254,2048.6663,0
16.255,2048.9660,0
16.256,2049.2657,0
16.257,2049.5654,0
16.258,2049.8651,0
16.259,2050.1648,0
16.260,2050.4646,0
16.261,2050.7643,0
16.262,2051.0640,0
16.263,2051.3637,0
16.264,2051.6634,0
16.265,2051.9631,0
16.266,2052.2629,0
16.267,2052.5626,0
16.268,2052.8623,0
16.269,2053.1620,0
16.270,2053.4617,0
16.271,2053.7614,0
16.272,2054.0611,0
16.273,2054.3609,0
16.274,2054.6606,0
16.275,2054.9603,0
16.276,2055.2600,0
16.277,2055.5597,0
16.278,2055.8594,0
16.279,2056.1592,0
16.280,2056.4589,0
16.281,2056.7586,0
16.282,2057.0583,0
16.283,2057.3580,0
16.284,2057.6577,0
16.285,2057.9574,0
16.286,2058.2572,0
16.287,2058.5569,0
16.288,2058.8566,0
16.289,2059.1563,0
16.290,2059.4560,0
16.291,2059.7557,0
16.292,2060.0555,0
16.293,2060.3552,0
16.294,2060.6549,0
16.295,2060.9546,0
16.296,2061.2543,0
16.297,2061.5540,0
16.298,2061.8538,0
16.299,2062.1535,0
16.300,2062.4532,0
16.301,2062.7529,0
16.302,2063.0526,0
16.303,2063.3523,0
16.304,2063.6520,0
16.305,2063.9518,0
16.306,2064.2515,0
16.307,2064.5512,0
16.308,2064.8509,0
16.309,2065.1506,0
16.310,2065.4503,0
16.311,2065.7501,0
16.312,2066.0498,0
16.313,2066.3495,0
16.314,2066.6492,0
16.315,2066.9489,0
16.316,2067.2486,0
16.317,2067.5483,0
16.318,2067.8481,0
16.319,2068.1478,0
16.320,2068.4475,0
16.321,2068.7472,0
16.322,2069.0469,0
16.323,2069.3466,0
16.324,2069.6464,0
16.325,2069.9461,0
16.326,2070.2458,0
16.327,2070.5455,0
16.328,2070.8452,0
16.329,2071.1449,0
16.330,2071.4446,0
16.331,2071.7444,0
16.332,2072.0441,0
16.333,2072.3438,0
16.334,2072.6435,0
16.335,2072.9432,0
16.336,2073.2429,0
16.337,2073.5427,0
16.338,2073.8424,0
16.339,2074.1421,0
16.340,2074.4418,0
16.341,2074.7415,0
16.342,2075.0412,0
16.343,2075.3410,0
16.344,2075.6407,0
16.345,2075.9404,0
16.346,2076.2401,0
16.347,2076.5398,0
16.348,2076.8395,0
16.349,2077.1392,0
16.350,2077.4390,0
16.351,2077.7387,0
16.352,2078.0384,0
16.353,2078.3381,0
16.354,2078.6378,0
16.355,2078.9375,0
16.356,2079.2373,0
16.357,2079.5370,0
16.358,2079.8367,0
16.359,2080.1364,0
16.360,2080.4361,0
16.361,2080.7358,0
16.362,2081.0355,0
16.363,2081.3353,0
16.364,2081.6350,0
16.365,2081.9347,0
16.366,2082.2344,0
16.367,2082.5341,0
16.368,2082.8338,0
16.369,2083.1336,0
16.370,2083.4333,0
16.371,2083.7330,0
16.372,2084.0327,0
16.373,2084.3324,0
16.374,2084.6321,0
16.375,2084.9318,0
16.376,2085.2316,0
16.377,2085.5313,0
16.378,2085.8310,0
16.379,2086.1307,0
16.380,2086.4304,0
16.381,2086.7301,0
16.382,2087.0299,0
16.383,2087.3296,0
16.384,2087.6293,0
16.385,2087.9290,0
16.386,2088.2287,0
16.387,2088.5284,0
16.388,2088.8282,0
16.389,2089.1279,0
16.390,2089.4276,0
16.391,2089.7273,0
16.392,2090.0270,0
16.393,2090.3267,0
16.394,2090.6264,0
16.395,2090.9262,0
16.396,2091.2259,0
16.397,2091.5256,0
16.398,2091.8253,0
16.399,2092.1250,0
16.400,2092.4247,0
16.401,2092.7245,0
16.402,2093.0242,0
16.403,2093.3239,0
16.404,2093.6236,0
16.405,2093.9233,0
16.406,2094.2230,0
16.407,2094.5227,0
16.408,2094.8225,0
16.409,2095.1222,0
16.410,2095.4219,0
16.411,2095.7216,0
16.412,2096.0213,0
16.413,2096.3210,0
16.414,2096.6208,0
16.415,2096.9205,0
16.416,2097.2202,0
16.417,2097.5199,0
16.418,2097.8196,0
16.419,2098.1193,0
16.420,2098.4191,0
16.421,2098.7188,0
16.422,2099.0185,0
16.423,2099.3182,0
16.424,2099.6179,0
16.425,2099.9176,0
16.426,2100.2173,0
16.427,2100.5171,0
16.428,2100.8168,0
16.429,2101.1165,0
16.430,2101.4162,0
16.431,2101.7159,0
16.432,2102.0156,0
16.433,2102.3154,0
16.434,2102.6151,0
16.435,2102.9148,0
16.436,2103.2145,0
16.437,2103.5142,0
16.438,2103.8139,0
16.439,2104.1136,0
16.440,2104.4134,0
16.441,2104.7131,0
16.442,2105.0128,0
16.443,2105.3125,0
16.444,2105.6122,0
16.445,2105.9119,0
16.446,2106.2117,0
16.447,2106.5114,0
16.448,2106.8111,0
16.449,2107.1108,0
16.450,2107.4105,0
16.451,2107.7102,0
16.452,2108.0100,0
16.453,2108.3097,0
16.454,2108.6094,0
16.455,2108.9091,0
16.456,2109.2088,0
16.457,2109.5085,0
16.458,2109.8082,0
16.459,2110.1080,0
16.460,2110.4077,0
16.461,2110.7074,0
16.462,2111.0071,0
16.463,2111.3068,0
16.464,2111.6065,0
16.465,2111.9063,0
16.466,2112.2060,0
16.467,2112.5057,0
16.468,2112.8054,0
16.469,2113.1051,0
16.470,2113.4048,0
16.471,2113.7045,0
16.472,2114.0043,0
16.473,2114.3040,0
16.474,2114.6037,0
16.475,2114.9034,0
16.476,2115.2031,0
16.477,2115.5028,0
16.478,2115.8026,0
16.479,2116.1023,0
16.480,2116.4020,0
16.481,2116.7017,0
16.482,2117.0014,0
16.483,2117.3011,0
16.484,2117.6009,0
16.485,2117.9006,0
16.486,2118.2003,0
16.487,2118.5000,0
16.488,2118.7997,0
16.489,2119.0994,0
16.490,2119.3991,0
16.491,2119.6989,0
16.492,2119.9986,0
16.493,2120.2983,0
16.494,2120.5980,0
16.495,2120.8977,0
16.496,2121.1974,0
16.497,2121.4972,0
16.498,2121.7969,0
16.499,2122.0966,0
16.500,2122.3963,0
16.501,2122.6960,0
16.502,2122.9957,0
16.503,2123.2954,0
16.504,2123.5952,0
16.505,2123.8949,0
16.506,2124.1946,0
16.507,2124.4943,0
16.508,2124.7940,0
16.509,2125.0937,0
16.510,2125.3935,0
16.511,2125.6932,0
16.512,2125.9929,0
16.513,2126.2926,0
16.514,2126.5923,0
16.515,2126.8920,0
16.516,2127.1917,0
16.517,2127.4915,0
16.518,2127.7912,0
16.519,2128.0909,0
16.520,2128.3906,0
16.521,2128.6903,0
16.522,2128.9900,0
16.523,2129.2898,0
16.524,2129.5895,0
16.525,2129.8892,0
16.526,2130.1889,0
16.527,2130.4886,0
16.528,2130.7883,0
16.529,2131.0881,0
16.530,2131.3878,0
16.531,2131.6875,0
16.532,2131.9872,0
16.533,2132.2869,0
16.534,2132.5866,0
16.535,2132.8863,0
16.536,2133.1861,0
16.537,2133.4858,0
16.538,2133.7855,0
16.539,2134.0852,0
16.540,2134.3849,0
16.541,2134.6846,0
16.542,2134.9844,0
16.543,2135.2841,0
16.544,2135.5838,0
16.545,2135.8835,0
16.546,2136.1832,0
16.547,2136.4829,0
16.548,2136.7826,0
16.549,2137.0824,0
16.550,2137.3821,0
16.551,2137.6818,0
16.552,2137.9815,0
16.553,2138.2812,0
16.554,2138.5809,0
16.555,2138.8807,0
16.556,2139.1804,0
16.557,2139.4801,0
16.558,2139.7798,0
16.559,2140.0795,0
16.560,2140.3792,0
16.561,2140.6790,0
16.562,2140.9787,0
16.563,2141.2784,0
16.564,2141.5781,0
16.565,2141.8778,0
16.566,2142.1775,0
16.567,2142.4772,0
16.568,2142.7770,0
16.569,2143.0767,0
16.570,2143.3764,0
16.571,2143.6761,0
16.572,2143.9758,0
16.573,2144.2755,0
16.574,2144.5753,0
16.575,2144.8750,0
16.576,2145.1747,0
16.577,2145.4744,0
16.578,2145.7741,0
16.579,2146.0738,0
16.580,2146.3735,0
16.581,2146.6733,0
16.582,2146.9730,0
16.583,2147.2727,0
16.584,2147.5724,0
16.585,2147.8721,0
16.586,2148.1718,0
16.587,2148.4716,0
16.588,2148.7713,0
16.589,2149.0710,0
16.590,2149.3707,0
16.591,2149.6704,0
16.592,2149.9701,0
16.593,2150.2699,0
16.594,2150.5696,0
16.595,2150.8693,0
16.596,2151.1690,0
16.597,2151.4687,0
16.598,2151.7684,0
16.599,2152.0681,0
16.600,2152.3679,0
16.601,2152.6676,0
16.602,2152.9673,0
16.603,2153.2670,0
16.604,2153.5667,0
16.605,2153.8664,0
16.606,2154.1662,0
16.607,2154.4659,0
16.608,2154.7656,0
16.609,2155.0653,0
16.610,2155.3650,0
16.611,2155.6647,0
16.612,2155.9645,0
16.613,2156.2642,0
16.614,2156.5639,0
16.615,2156.8636,0
16.616,2157.1633,0
16.617,2157.4630,0
16.618,2157.7627,0
16.619,2158.0625,0
16.620,2158.3622,0
16.621,2158.6619,0
16.622,2158.9616,0
16.623,2159.2613,0
16.624,2159.5610,0
16.625,2159.8608,0
16.626,2160.1605,0
16.627,2160.4602,0
16.628,2160.7599,0
16.629,2161.0596,0
16.630,2161.3593,0
16.631,2161.6590,0
16.632,2161.9588,0
16.633,2162.2585,0
16.634,2162.5582,0
16.635,2162.8579,0
16.636,2163.1576,0
16.637,2163.4573,0
16.638,2163.7571,0
16.639,2164.0568,0
16.640,2164.3565,0
16.641,2164.6562,0
16.642,2164.9559,0
16.643,2165.2556,0
16.644,2165.5554,0
16.645,2165.8551,0
16.646,2166.1548,0
16.647,2166.4545,0
16.648,2166.7542,0
16.649,2167.0539,0
16.650,2167.3536,0
16.651,2167.6534,0
16.652,2167.9531,0
16.653,2168.2528,0
16.654,2168.5525,0
16.655,2168.8522,0
16.656,2169.1519,0
16.657,2169.4517,0
16.658,2169.7514,0
16.659,2170.0511,0
16.660,2170.3508,0
16.661,2170.6505,0
16.662,2170.9502,0
16.663,2171.2499,0
16.664,2171.5497,0
16.665,2171.8494,0
16.666,2172.1491,0
16.667,2172.4488,0
16.668,2172.7485,0
16.669,2173.0482,0
16.670,2173.3480,0
16.671,2173.6477,0
16.672,2173.9474,0
16.673,2174.2471,0
16.674,2174.5468,0
16.675,2174.8465,0
16.676,2175.1463,0
16.677,2175.4460,0
16.678,2175.7457,0
16.679,2176.0454,0
16.680,2176.3451,0
16.681,2176.6448,0
16.682,2176.9445,0
16.683,2177.2443,0
16.684,2177.5440,0
16.685,2177.8437,0
16.686,2178.1434,0
16.687,2178.4431,0
16.688,2178.7428,0
16.689,2179.0426,0
16.690,2179.3423,0
16.691,2179.6420,0
16.692,2179.9417,0
16.693,2180.2414,0
16.694,2180.5411,0
16.695,2180.8408,0
16.696,2181.1406,0
16.697,2181.4403,0
16.698,2181.7400,0
16.699,2182.0397,0
16.700,2182.3394,0
16.701,2182.6391,0
16.702,2182.9389,0
16.703,2183.2386,0
16.704,2183.5383,0
16.705,2183.8380,0
16.706,2184.1377,0
16.707,2184.4374,0
16.708,2184.7372,0
16.709,2185.0369,0
16.710,2185.3366,0
16.711,2185.6363,0
16.712,2185.9360,0
16.713,2186.2357,0
16.714,2186.5354,0
16.715,2186.8352,0
16.716,2187.1349,0
16.717,2187.4346,0
16.718,2187.7343,0
16.719,2188.0340,0
16.720,2188.3337,0
16.721,2188.6335,0
16.722,2188.9332,0
16.723,2189.2329,0
16.724,2189.5326,0
16.725,2189.8323,0
16.726,2190.1320,0
16.727,2190.4317,0
16.728,2190.7315,0
16.729,2191.0312,0
16.730,2191.3309,0
16.731,2191.6306,0
16.732,2191.9303,0
16.733,2192.2300,0
16.734,2192.5298,0
16.735,2192.8295,0
16.736,2193.1292,0
16.737,2193.4289,0
16.738,2193.7286,0
16.739,2194.0283,0
16.740,2194.3281,0
16.741,2194.6278,0
16.742,2194.9275,0
16.743,2195.2272,0
16.744,2195.5269,0
16.745,2195.8266,0
16.746,2196.1263,0
16.747,2196.4261,0
16.748,2196.7258,0
16.749,2197.0255,0
16.750,2197.3252,0
16.751,2197.6249,0
16.752,2197.9246,0
16.753,2198.2244,0
16.754,2198.5241,0
16.755,2198.8238,0
16.756,2199.1235,0
16.757,2199.4232,0
16.758,2199.7229,0
16.759,2200.0227,0
16.760,2200.3224,0
16.761,2200.6221,0
16.762,2200.9218,0
16.763,2201.2215,0
16.764,2201.5212,0
16.765,2201.8209,0
16.766,2202.1207,0
16.767,2202.4204,0
16.768,2202.7201,0
16.769,2203.0198,0
16.770,2203.3195,0
16.771,2203.6192,0
16.772,2203.9190,0
16.773,2204.2187,0
16.774,2204.5184,0
16.775,2204.8181,0
16.776,2205.1178,0
16.777,2205.4175,0
16.778,2205.7172,0
16.779,2206.0170,0
16.780,2206.3167,0
16.781,2206.6164,0
16.782,2206.9161,0
16.783,2207.2158,0
16.784,2207.5155,0
16.785,2207.8153,0
16.786,2208.1150,0
16.787,2208.4147,0
16.788,2208.7144,0
16.789,2209.0141,0
16.790,2209.3138,0
16.791,2209.6136,0
16.792,2209.9133,0
16.793,2210.2130,0
16.794,2210.5127,0
16.795,2210.8124,0
16.796,2211.1121,0
16.797,2211.4118,0
16.798,2211.7116,0
16.799,2212.0113,0
16.800,2212.3110,0
16.801,2212.6107,0
16.802,2212.9104,0
16.803,2213.2101,0
16.804,2213.5099,0
16.805,2213.8096,0
16.806,2214.1093,0
16.807,2214.4090,0
16.808,2214.7087,0
16.809,2215.0084,0
16.810,2215.3082,0
16.811,2215.6079,0
16.812,2215.9076,0
16.813,2216.2073,0
16.814,2216.5070,0
16.815,2216.8067,0
16.816,2217.1064,0
16.817,2217.4062,0
16.818,2217.7059,0
16.819,2218.0056,0
16.820,2218.3053,0
16.821,2218.6050,0
16.822,2218.9047,0
16.823,2219.2045,0
16.824,2219.5042,0
16.825,2219.8039,0
16.826,2220.1036,0
16.827,2220.4033,0
16.828,2220.7030,0
16.829,2221.0027,0
16.830,2221.3025,0
16.831,2221.6022,0
16.832,2221.9019,0
16.833,2222.2016,0
16.834,2222.5013,0
16.835,2222.8010,0
16.836,2223.1008,0
16.837,2223.4005,0
16.838,2223.7002,0
16.839,2223.9999,0
16.840,2224.2996,0
16.841,2224.5993,0
16.842,2224.8991,0
16.843,2225.1988,0
16.844,2225.4985,0
16.845,2225.7982,0
16.846,2226.0979,0
16.847,2226.3976,0
16.848,2226.6973,0
16.849,2226.9971,0
16.850,2227.2968,0
16.851,2227.5965,0
16.852,2227.8962,0
16.853,2228.1959,0
16.854,2228.4956,0
16.855,2228.7954,0
16.856,2229.0951,0
16.857,2229.3948,0
16.858,2229.6945,0
16.859,2229.9942,0
16.860,2230.2939,0
16.861,2230.5936,0
16.862,2230.8934,0
16.863,2231.1931,0
16.864,2231.4928,0
16.865,2231.7925,0
16.866,2232.0922,0
16.867,2232.3919,0
16.868,2232.6917,0
16.869,2232.9914,0
16.870,2233.2911,0
16.871,2233.5908,0
16.872,2233.8905,0
16.873,2234.1902,0
16.874,2234.4900,0
16.875,2234.7897,0
16.876,2235.0894,0
16.877,2235.3891,0
16.878,2235.6888,0
16.879,2235.9885,0
16.880,2236.2882,0
16.881,2236.5880,0
16.882,2236.8877,0
16.883,2237.1874,0
16.884,2237.4871,0
16.885,2237.7868,0
16.886,2238.0865,0
16.887,2238.3863,0
16.888,2238.6860,0
16.889,2238.9857,0
16.890,2239.2854,0
16.891,2239.5851,0
16.892,2239.8848,0
16.893,2240.1846,0
16.894,2240.4843,0
16.895,2240.7840,0
16.896,2241.0837,0
16.897,2241.3834,0
16.898,2241.6831,0
16.899,2241.9828,0
16.900,2242.2826,0
16.901,2242.5823,0
16.902,2242.8820,0
16.903,2243.1817,0
16.904,2243.4814,0
16.905,2243.7811,0
16.906,2244.0809,0
16.907,2244.3806,0
16.908,2244.6803,0
16.909,2244.9800,0
16.910,2245.2797,0
16.911,2245.5794,0
16.912,2245.8792,0
16.913,2246.1789,0
16.914,2246.4786,0
16.915,2246.7783,0
16.916,2247.0780,0
16.917,2247.3777,0
16.918,2247.6774,0
16.919,2247.9772,0
16.920,2248.2769,0
16.921,2248.5766,0
16.922,2248.8763,0
16.923,2249.1760,0
16.924,2249.4757,0
16.925,2249.7755,0
16.926,2250.0752,0
16.927,2250.3749,0
16.928,2250.6746,0
16.929,2250.9743,0
16.930,2251.2740,0
16.931,2251.5737,0
16.932,2251.8735,0
16.933,2252.1732,0
16.934,2252.4729,0
16.935,2252.7726,0
16.936,2253.0723,0
16.937,2253.3720,0
16.938,2253.6718,0
16.939,2253.9715,0
16.940,2254.2712,0
16.941,2254.5709,0
16.942,2254.8706,0
16.943,2255.1703,0
16.944,2255.4701,0
16.945,2255.7698,0
16.946,2256.0695,0
16.947,2256.3692,0
16.948,2256.6689,0
16.949,2256.9686,0
16.950,2257.2683,0
16.951,2257.5681,0
16.952,2257.8678,0
16.953,2258.1675,0
16.954,2258.4672,0
16.955,2258.7669,0
16.956,2259.0666,0
16.957,2259.3664,0
16.958,2259.6661,0
16.959,2259.9658,0
16.960,2260.2655,0
16.961,2260.5652,0
16.962,2260.8649,0
16.963,2261.1647,0
16.964,2261.4644,0
16.965,2261.7641,0
16.966,2262.0638,0
16.967,2262.3635,0
16.968,2262.6632,0
16.969,2262.9629,0
16.970,2263.2627,0
16.971,2263.5624,0
16.972,2263.8621,0
16.973,2264.1618,0
16.974,2264.4615,0
16.975,2264.7612,0
16.976,2265.0610,0
16.977,2265.3607,0
16.978,2265.6604,0
16.979,2265.9601,0
16.980,2266.2598,0
16.981,2266.5595,0
16.982,2266.8592,0
16.983,2267.1590,0
16.984,2267.4587,0
16.985,2267.7584,0
16.986,2268.0581,0
16.987,2268.3578,0
16.988,2268.6575,0
16.989,2268.9573,0
16.990,2269.2570,0
16.991,2269.5567,0
16.992,2269.8564,0
16.993,2270.1561,0
16.994,2270.4558,0
16.995,2270.7556,0
16.996,2271.0553,0
16.997,2271.3550,0
16.998,2271.6547,0
16.999,2271.9544,0
17.000,2272.2541,0
17.001,2272.5538,0
17.002,2272.8536,0
17.003,2273.1533,0
17.004,2273.4530,0
17.005,2273.7527,0
17.006,2274.0524,0
17.007,2274.3521,0
17.008,2274.6519,0
17.009,2274.9516,0
17.010,2275.2513,0
17.011,2275.5510,0
17.012,2275.8507,0
17.013,2276.1504,0
17.014,2276.4502,0
17.015,2276.7499,0
17.016,2277.0496,0
17.017,2277.3493,0
17.018,2277.6490,0
17.019,2277.9487,0
17.020,2278.2484,0
17.021,2278.5482,0
17.022,2278.8479,0
17.023,2279.1476,0
17.024,2279.4473,0
17.025,2279.7470,0
17.026,2280.0467,0
17.027,2280.3465,0
17.028,2280.6462,0
17.029,2280.9459,0
17.030,2281.2456,0
17.031,2281.5453,0
17.032,2281.8450,0
17.033,2282.1448,0
17.034,2282.4445,0
17.035,2282.7442,0
17.036,2283.0439,0
17.037,2283.3436,0
17.038,2283.6433,0
17.039,2283.9430,0
17.040,2284.2428,0
17.041,2284.5425,0
17.042,2284.8422,0
17.043,2285.1419,0
17.044,2285.4416,0
17.045,2285.7413,0
17.046,2286.0411,0
17.047,2286.3408,0
17.048,2286.6405,0
17.049,2286.9402,0
17.050,2287.2399,0
17.051,2287.5396,0
17.052,2287.8393,0
17.053,2288.1391,0
17.054,2288.4388,0
17.055,2288.7385,0
17.056,2289.0382,0
17.057,2289.3379,0
17.058,2289.6376,0
17.059,2289.9374,0
17.060,2290.2371,0
17.061,2290.5368,0
17.062,2290.8365,0
17.063,2291.1362,0
17.064,2291.4359,0
17.065,2291.7357,0
17.066,2292.0354,0
17.067,2292.3351,0
17.068,2292.6348,0
17.069,2292.9345,0
17.070,2293.2342,0
17.071,2293.5339,0
17.072,2293.8337,0
17.073,2294.1334,0
17.074,2294.4331,0
17.075,2294.7328,0
17.076,2295.0325,0
17.077,2295.3322,0
17.078,2295.6320,0
17.079,2295.9317,0
17.080,2296.2314,0
17.081,2296.5311,0
17.082,2296.8308,0
17.083,2297.1305,0
17.084,2297.4303,0
17.085,2297.7300,0
17.086,2298.0297,0
17.087,2298.3294,0
17.088,2298.6291,0
17.089,2298.9288,0
17.090,2299.2285,0
17.091,2299.5283,0
17.092,2299.8280,0
17.093,2300.1277,0
17.094,2300.4274,0
17.095,2300.7271,0
17.096,2301.0268,0
17.097,2301.3266,0
17.098,2301.6263,0
17.099,2301.9260,0
17.100,2302.2257,0
17.101,2302.5254,0
17.102,2302.8251,0
17.103,2303.1249,0
17.104,2303.4246,0
17.105,2303.7243,0
17.106,2304.0240,0
17.107,2304.3237,0
17.108,2304.6234,0
17.109,2304.9231,0
17.110,2305.2229,0
17.111,2305.5226,0
17.112,2305.8223,0
17.113,2306.1220,0
17.114,2306.4217,0
17.115,2306.7214,0
17.116,2307.0212,0
17.117,2307.3209,0
17.118,2307.6206,0
17.119,2307.9203,0
17.120,2308.2200,0
17.121,2308.5197,0
17.122,2308.8194,0
17.123,2309.1192,0
17.124,2309.4189,0
17.125,2309.7186,0
17.126,2310.0183,0
17.127,2310.3180,0
17.128,2310.6177,0
17.129,2310.9175,0
17.130,2311.2172,0
17.131,2311.5169,0
17.132,2311.8166,0
17.133,2312.1163,0
17.134,2312.4160,0
17.135,2312.7158,0
17.136,2313.0155,0
17.137,2313.3152,0
17.138,2313.6149,0
17.139,2313.9146,0
17.140,2314.2143,0
17.141,2314.5140,0
17.142,2314.8138,0
17.143,2315.1135,0
17.144,2315.4132,0
17.145,2315.7129,0
17.146,2316.0126,0
17.147,2316.3123,0
17.148,2316.6121,0
17.149,2316.9118,0
17.150,2317.2115,0
17.151,2317.5112,0
17.152,2317.8109,0
17.153,2318.1106,0
17.154,2318.4104,0
17.155,2318.7101,0
17.156,2319.0098,0
17.157,2319.3095,0
17.158,2319.6092,0
17.159,2319.9089,0
17.160,2320.2086,0
17.161,2320.5084,0
17.162,2320.8081,0
17.163,2321.1078,0
17.164,2321.4075,0
17.165,2321.7072,0
17.166,2322.0069,0
17.167,2322.3067,0
17.168,2322.6064,0
17.169,2322.9061,0
17.170,2323.2058,0
17.171,2323.5055,0
17.172,2323.8052,0
17.173,2324.1050,0
17.174,2324.4047,0
17.175,2324.7044,0
17.176,2325.0041,0
17.177,2325.3038,0
17.178,2325.6035,0
17.179,2325.9032,0
17.180,2326.2030,0
17.181,2326.5027,0
17.182,2326.8024,0
17.183,2327.1021,0
17.184,2327.4018,0
17.185,2327.7015,0
17.186,2328.0013,0
17.187,2328.3010,0
17.188,2328.6007,0
17.189,2328.9004,0
17.190,2329.2001,0
17.191,2329.4998,0
17.192,2329.7996,0
17.193,2330.0993,0
17.194,2330.3990,0
17.195,2330.6987,0
17.196,2330.9984,0
17.197,2331.2981,0
17.198,2331.5978,0
17.199,2331.8976,0
17.200,2332.1973,0
17.201,2332.4970,0
17.202,2332.7967,0
17.203,2333.0964,0
17.204,2333.3961,0
17.205,2333.6959,0
17.206,2333.9956,0
17.207,2334.2953,0
17.208,2334.5950,0
17.209,2334.8947,0
17.210,2335.1944,0
17.211,2335.4942,0
17.212,2335.7939,0
17.213,2336.0936,0
17.214,2336.3933,0
17.215,2336.6930,0
17.216,2336.9927,0
17.217,2337.2924,0
17.218,2337.5922,0
17.219,2337.8919,0
17.220,2338.1916,0
17.221,2338.4913,0
17.222,2338.7910,0
17.223,2339.0907,0
17.224,2339.3905,0
17.225,2339.6902,0
17.226,2339.9899,0
17.227,2340.2896,0
17.228,2340.5893,0
17.229,2340.8890,0
17.230,2341.1887,0
17.231,2341.4885,0
17.232,2341.7882,0
17.233,2342.0879,0
17.234,2342.3876,0
17.235,2342.6873,0
17.236,2342.9870,0
17.237,2343.2868,0
17.238,2343.5865,0
17.239,2343.8862,0
17.240,2344.1859,0
17.241,2344.4856,0
17.242,2344.7853,0
17.243,2345.0851,0
17.244,2345.3848,0
17.245,2345.6845,0
17.246,2345.9842,0
17.247,2346.2839,0
17.248,2346.5836,0
17.249,2346.8833,0
17.250,2347.1831,0
17.251,2347.4828,0
17.252,2347.7825,0
17.253,2348.0822,0
17.254,2348.3819,0
17.255,2348.6816,0
17.256,2348.9814,0
17.257,2349.2811,0
17.258,2349.5808,0
17.259,2349.8805,0
17.260,2350.1802,0
17.261,2350.4799,0
17.262,2350.7797,0
17.263,2351.0794,0
17.264,2351.3791,0
17.265,2351.6788,0
17.266,2351.9785,0
17.267,2352.2782,0
17.268,2352.5779,0
17.269,2352.8777,0
17.270,2353.1774,0
17.271,2353.4771,0
17.272,2353.7768,0
17.273,2354.0765,0
17.274,2354.3762,0
17.275,2354.6760,0
17.276,2354.9757,0
17.277,2355.2754,0
17.278,2355.5751,0
17.279,2355.8748,0
17.280,2356.1745,0
17.281,2356.4743,0
17.282,2356.7740,0
17.283,2357.0737,0
17.284,2357.3734,0
17.285,2357.6731,0
17.286,2357.9728,0
17.287,2358.2725,0
17.288,2358.5723,0
17.289,2358.8720,0
17.290,2359.1717,0
17.291,2359.4714,0
17.292,2359.7711,0
17.293,2360.0708,0
17.294,2360.3706,0
17.295,2360.6703,0
17.296,2360.9700,0
17.297,2361.2697,0
17.298,2361.5694,0
17.299,2361.8691,0
17.300,2362.1689,0
17.301,2362.4686,0
17.302,2362.7683,0
17.303,2363.0680,0
17.304,2363.3677,0
17.305,2363.6674,0
17.306,2363.9671,0
17.307,2364.2669,0
17.308,2364.5666,0
17.309,2364.8663,0
17.310,2365.1660,0
17.311,2365.4657,0
17.312,2365.7654,0
17.313,2366.0652,0
17.314,2366.3649,0
17.315,2366.6646,0
17.316,2366.9643,0
17.317,2367.2640,0
17.318,2367.5637,0
17.319,2367.8635,0
17.320,2368.1632,0
17.321,2368.4629,0
17.322,2368.7626,0
17.323,2369.0623,0
17.324,2369.3620,0
17.325,2369.6617,0
17.326,2369.9615,0
17.327,2370.2612,0
17.328,2370.5609,0
17.329,2370.8606,0
17.330,2371.1603,0
17.331,2371.4600,0
17.332,2371.7598,0
17.333,2372.0595,0
17.334,2372.3592,0
17.335,2372.6589,0
17.336,2372.9586,0
17.337,2373.2583,0
17.338,2373.5581,0
17.339,2373.8578,0
17.340,2374.1575,0
17.341,2374.4572,0
17.342,2374.7569,0
17.343,2375.0566,0
17.344,2375.3563,0
17.345,2375.6561,0
17.346,2375.9558,0
17.347,2376.2555,0
17.348,2376.5552,0
17.349,2376.8549,0
17.350,2377.1546,0
17.351,2377.4544,0
17.352,2377.7541,0
17.353,2378.0538,0
17.354,2378.3535,0
17.355,2378.6532,0
17.356,2378.9529,0
17.357,2379.2527,0
17.358,2379.5524,0
17.359,2379.8521,0
17.360,2380.1518,0
17.361,2380.4515,0
17.362,2380.7512,0
17.363,2381.0509,0
17.364,2381.3507,0
17.365,2381.6504,0
17.366,2381.9501,0
17.367,2382.2498,0
17.368,2382.5495,0
17.369,2382.8492,0
17.370,2383.1490,0
17.371,2383.4487,0
17.372,2383.7484,0
17.373,2384.0481,0
17.374,2384.3478,0
17.375,2384.6475,0
17.376,2384.9472,0
17.377,2385.2470,0
17.378,2385.5467,0
17.379,2385.8464,0
17.380,2386.1461,0
17.381,2386.4458,0
17.382,2386.7455,0
17.383,2387.0453,0
17.384,2387.3450,0
17.385,2387.6447,0
17.386,2387.9444,0
17.387,2388.2441,0
17.388,2388.5438,0
17.389,2388.8436,0
17.390,2389.1433,0
17.391,2389.4430,0
17.392,2389.7427,0
17.393,2390.0424,0
17.394,2390.3421,0
17.395,2390.6418,0
17.396,2390.9416,0
17.397,2391.2413,0
17.398,2391.5410,0
17.399,2391.8407,0
17.400,2392.1404,0
17.401,2392.4401,0
17.402,2392.7399,0
17.403,2393.0396,0
17.404,2393.3393,0
17.405,2393.6390,0
17.406,2393.9387,0
17.407,2394.2384,0
17.408,2394.5382,0
17.409,2394.8379,0
17.410,2395.1376,0
17.411,2395.4373,0
17.412,2395.7370,0
17.413,2396.0367,0
17.414,2396.3364,0
17.415,2396.6362,0
17.416,2396.9359,0
17.417,2397.2356,0
17.418,2397.5353,0
17.419,2397.8350,0
17.420,2398.1347,0
17.421,2398.4345,0
17.422,2398.7342,0
17.423,2399.0339,0
17.424,2399.3336,0
17.425,2399.6333,0
17.426,2399.9330,0
17.427,2400.2328,0
17.428,2400.5325,0
17.429,2400.8322,0
17.430,2401.1319,0
17.431,2401.4316,0
17.432,2401.7313,0
17.433,2402.0310,0
17.434,2402.3308,0
17.435,2402.6305,0
17.436,2402.9302,0
17.437,2403.2299,0
17.438,2403.5296,0
17.439,2403.8293,0
17.440,2404.1291,0
17.441,2404.4288,0
17.442,2404.7285,0
17.443,2405.0282,0
17.444,2405.3279,0
17.445,2405.6276,0
17.446,2405.9274,0
17.447,2406.2271,0
17.448,2406.5268,0
17.449,2406.8265,0
17.450,2407.1262,0
17.451,2407.4259,0
17.452,2407.7256,0
17.453,2408.0254,0
17.454,2408.3251,0
17.455,2408.6248,0
17.456,2408.9245,0
17.457,2409.2242,0
17.458,2409.5239,0
17.459,2409.8237,0
17.460,2410.1234,0
17.461,2410.4231,0
17.462,2410.7228,0
17.463,2411.0225,0
17.464,2411.3222,0
17.465,2411.6220,0
17.466,2411.9217,0
17.467,2412.2214,0
17.468,2412.5211,0
17.469,2412.8208,0
17.470,2413.1205,0
17.471,2413.4202,0
17.472,2413.7200,0
17.473,2414.0197,0
17.474,2414.3194,0
17.475,2414.6191,0
17.476,2414.9188,0
17.477,2415.2185,0
17.478,2415.5183,0
17.479,2415.8180,0
17.480,2416.1177,0
17.481,2416.4174,0
17.482,2416.7171,0
17.483,2417.0168,0
17.484,2417.3166,0
17.485,2417.6163,0
17.486,2417.9160,0
17.487,2418.2157,0
17.488,2418.5154,0
17.489,2418.8151,0
17.490,2419.1148,0
17.491,2419.4146,0
17.492,2419.7143,0
17.493,2420.0140,0
17.494,2420.3137,0
17.495,2420.6134,0
17.496,2420.9131,0
17.497,2421.2129,0
17.498,2421.5126,0
17.499,2421.8123,0
17.500,2422.1120,0
17.501,2422.4117,0
17.502,2422.7114,0
17.503,2423.0112,0
17.504,2423.3109,0
17.505,2423.6106,0
17.506,2423.9103,0
17.507,2424.2100,0
17.508,2424.5097,0
17.509,2424.8094,0
17.510,2425.1092,0
17.511,2425.4089,0
17.512,2425.7086,0
17.513,2426.0083,0
17.514,2426.3080,0
17.515,2426.6077,0
17.516,2426.9075,0
17.517,2427.2072,0
17.518,2427.5069,0
17.519,2427.8066,0
17.520,2428.1063,0
17.521,2428.4060,0
17.522,2428.7058,0
17.523,2429.0055,0
17.524,2429.3052,0
17.525,2429.6049,0
17.526,2429.9046,0
17.527,2430.2043,0
17.528,2430.5040,0
17.529,2430.8038,0
17.530,2431.1035,0
17.531,2431.4032,0
17.532,2431.7029,0
17.533,2432.0026,0
17.534,2432.3023,0
17.535,2432.6021,0
17.536,2432.9018,0
17.537,2433.2015,0
17.538,2433.5012,0
17.539,2433.8009,0
17.540,2434.1006,0
17.541,2434.4004,0
17.542,2434.7001,0
17.543,2434.9998,0
17.544,2435.2995,0
17.545,2435.5992,0
17.546,2435.8989,0
17.547,2436.1986,0
17.548,2436.4984,0
17.549,2436.7981,0
17.550,2437.0978,0
17.551,2437.3975,0
17.552,2437.6972,0
17.553,2437.9969,0
17.554,2438.2967,0
17.555,2438.5964,0
17.556,2438.8961,0
17.557,2439.1958,0
17.558,2439.4955,0
17.559,2439.7952,0
17.560,2440.0950,0
17.561,2440.3947,0
17.562,2440.6944,0
17.563,2440.9941,0
17.564,2441.2938,0
17.565,2441.5935,0
17.566,2441.8932,0
17.567,2442.1930,0
17.568,2442.4927,0
17.569,2442.7924,0
17.570,2443.0921,0
17.571,2443.3918,0
17.572,2443.6915,0
17.573,2443.9913,0
17.574,2444.2910,0
17.575,2444.5907,0
17.576,2444.8904,0
17.577,2445.1901,0
17.578,2445.4898,0
17.579,2445.7896,0
17.580,2446.0893,0
17.581,2446.3890,0
17.582,2446.6887,0
17.583,2446.9884,0
17.584,2447.2881,0
17.585,2447.5878,0
17.586,2447.8876,0
17.587,2448.1873,0
17.588,2448.4870,0
17.589,2448.7867,0
17.590,2449.0864,0
17.591,2449.3861,0
17.592,2449.6859,0
17.593,2449.9856,0
17.594,2450.2853,0
17.595,2450.5850,0
17.596,2450.8847,0
17.597,2451.1844,0
17.598,2451.4842,0
17.599,2451.7839,0
17.600,2452.0836,0
17.601,2452.3833,0
17.602,2452.6830,0
17.603,2452.9827,0
17.604,2453.2824,0
17.605,2453.5822,0
17.606,2453.8819,0
17.607,2454.1816,0
17.608,2454.4813,0
17.609,2454.7810,0
17.610,2455.0807,0
17.611,2455.3805,0
17.612,2455.6802,0
17.613,2455.9799,0
17.614,2456.2796,0
17.615,2456.5793,0
17.616,2456.8790,0
17.617,2457.1788,0
17.618,2457.4785,0
17.619,2457.7782,0
17.620,2458.0779,0
17.621,2458.3776,0
17.622,2458.6773,0
17.623,2458.9770,0
17.624,2459.2768,0
17.625,2459.5765,0
17.626,2459.8762,0
17.627,2460.1759,0
17.628,2460.4756,0
17.629,2460.7753,0
17.630,2461.0751,0
17.631,2461.3748,0
17.632,2461.6745,0
17.633,2461.9742,0
17.634,2462.2739,0
17.635,2462.5736,0
17.636,2462.8734,0
17.637,2463.1731,0
17.638,2463.4728,0
17.639,2463.7725,0
17.640,2464.0722,0
17.641,2464.3719,0
17.642,2464.6716,0
17.643,2464.9714,0
17.644,2465.2711,0
17.645,2465.5708,0
17.646,2465.8705,0
17.647,2466.1702,0
17.648,2466.4699,0
17.649,2466.7697,0
17.650,2467.0694,0
17.651,2467.3691,0
17.652,2467.6688,0
17.653,2467.9685,0
17.654,2468.2682,0
17.655,2468.5680,0
17.656,2468.8677,0
17.657,2469.1674,0
17.658,2469.4671,0
17.659,2469.7668,0
17.660,2470.0665,0
17.661,2470.3662,0
17.662,2470.6660,0
17.663,2470.9657,0
17.664,2471.2654,0
17.665,2471.5651,0
17.666,2471.8648,0
17.667,2472.1645,0
17.668,2472.4643,0
17.669,2472.7640,0
17.670,2473.0637,0
17.671,2473.3634,0
17.672,2473.6631,0
17.673,2473.9628,0
17.674,2474.2626,0
17.675,2474.5623,0
17.676,2474.8620,0
17.677,2475.1617,0
17.678,2475.4614,0
17.679,2475.7611,0
17.680,2476.0609,0
17.681,2476.3606,0
17.682,2476.6603,0
17.683,2476.9600,0
17.684,2477.2597,0
17.685,2477.5594,0
17.686,2477.8591,0
17.687,2478.1589,0
17.688,2478.4586,0
17.689,2478.7583,0
17.690,2479.0580,0
17.691,2479.3577,0
17.692,2479.6574,0
17.693,2479.9572,0
17.694,2480.2569,0
17.695,2480.5566,0
17.696,2480.8563,0
17.697,2481.1560,0
17.698,2481.4557,0
17.699,2481.7555,0
17.700,2482.0552,0
17.701,2482.3549,0
17.702,2482.6546,0
17.703,2482.9543,0
17.704,2483.2540,0
17.705,2483.5537,0
17.706,2483.8535,0
17.707,2484.1532,0
17.708,2484.4529,0
17.709,2484.7526,0
17.710,2485.0523,0
17.711,2485.3520,0
17.712,2485.6518,0
17.713,2485.9515,0
17.714,2486.2512,0
17.715,2486.5509,0
17.716,2486.8506,0
17.717,2487.1503,0
17.718,2487.4501,0
17.719,2487.7498,0
17.720,2488.0495,0
17.721,2488.3492,0
17.722,2488.6489,0
17.723,2488.9486,0
17.724,2489.2483,0
17.725,2489.5481,0
17.726,2489.8478,0
17.727,2490.1475,0
17.728,2490.4472,0
17.729,2490.7469,0
17.730,2491.0466,0
17.731,2491.3464,0
17.732,2491.6461,0
17.733,2491.9458,0
17.734,2492.2455,0
17.735,2492.5452,0
17.736,2492.8449,0
17.737,2493.1447,0
17.738,2493.4444,0
17.739,2493.7441,0
17.740,2494.0438,0
17.741,2494.3435,0
17.742,2494.6432,0
17.743,2494.9429,0
17.744,2495.2427,0
17.745,2495.5424,0
17.746,2495.8421,0
17.747,2496.1418,0
17.748,2496.4415,0
17.749,2496.7412,0
17.750,2497.0410,0
17.751,2497.3407,0
17.752,2497.6404,0
17.753,2497.9401,0
17.754,2498.2398,0
17.755,2498.5395,0
17.756,2498.8393,0
17.757,2499.1390,0
17.758,2499.4387,0
17.759,2499.7384,0
17.760,2500.0381,0
17.761,2500.3378,0
17.762,2500.6375,0
17.763,2500.9373,0
17.764,2501.2370,0
17.765,2501.5367,0
17.766,2501.8364,0
17.767,2502.1361,0
17.768,2502.4358,0
17.769,2502.7356,0
17.770,2503.0353,0
17.771,2503.3350,0
17.772,2503.6347,0
17.773,2503.9344,0
17.774,2504.2341,0
17.775,2504.5339,0
17.776,2504.8336,0
17.777,2505.1333,0
17.778,2505.4330,0
17.779,2505.7327,0
17.780,2506.0324,0
17.781,2506.3321,0
17.782,2506.6319,0
17.783,2506.9316,0
17.784,2507.2313,0
17.785,2507.5310,0
17.786,2507.8307,0
17.787,2508.1304,0
17.788,2508.4302,0
17.789,2508.7299,0
17.790,2509.0296,0
17.791,2509.3293,0
17.792,2509.6290,0
17.793,2509.9287,0
17.794,2510.2285,0
17.795,2510.5282,0
17.796,2510.8279,0
17.797,2511.1276,0
17.798,2511.4273,0
17.799,2511.7270,0
17.800,2512.0267,0
17.801,2512.3265,0
17.802,2512.6262,0
17.803,2512.9259,0
17.804,2513.2256,0
17.805,2513.5253,0
17.806,2513.8250,0
17.807,2514.1248,0
17.808,2514.4245,0
17.809,2514.7242,0
17.810,2515.0239,0
17.811,2515.3236,0
17.812,2515.6233,0
17.813,2515.9231,0
17.814,2516.2228,0
17.815,2516.5225,0
17.816,2516.8222,0
17.817,2517.1219,0
17.818,2517.4216,0
17.819,2517.7213,0
17.820,2518.0211,0
17.821,2518.3208,0
17.822,2518.6205,0
17.823,2518.9202,0
17.824,2519.2199,0
17.825,2519.5196,0
17.826,2519.8194,0
17.827,2520.1191,0
17.828,2520.4188,0
17.829,2520.7185,0
17.830,2521.0182,0
17.831,2521.3179,0
17.832,2521.6177,0
17.833,2521.9174,0
17.834,2522.2171,0
17.835,2522.5168,0
17.836,2522.8165,0
17.837,2523.1162,0
17.838,2523.4159,0
17.839,2523.7157,0
17.840,2524.0154,0
17.841,2524.3151,0
17.842,2524.6148,0
17.843,2524.9145,0
17.844,2525.2142,0
17.845,2525.5140,0
17.846,2525.8137,0
17.847,2526.1134,0
17.848,2526.4131,0
17.849,2526.7128,0
17.850,2527.0125,0
17.851,2527.3123,0
17.852,2527.6120,0
17.853,2527.9117,0
17.854,2528.2114,0
17.855,2528.5111,0
17.856,2528.8108,0
17.857,2529.1106,0
17.858,2529.4103,0
17.859,2529.7100,0
17.860,2530.0097,0
17.861,2530.3094,0
17.862,2530.6091,0
17.863,2530.9088,0
17.864,2531.2086,0
17.865,2531.5083,0
17.866,2531.8080,0
17.867,2532.1077,0
17.868,2532.4074,0
17.869,2532.7071,0
17.870,2533.0069,0
17.871,2533.3066,0
17.872,2533.6063,0
17.873,2533.9060,0
17.874,2534.2057,0
17.875,2534.5054,0
17.876,2534.8052,0
17.877,2535.1049,0
17.878,2535.4046,0
17.879,2535.7043,0
17.880,2536.0040,0
17.881,2536.3037,0
17.882,2536.6034,0
17.883,2536.9032,0
17.884,2537.2029,0
17.885,2537.5026,0
17.886,2537.8023,0
17.887,2538.1020,0
17.888,2538.4017,0
17.889,2538.7015,0
17.890,2539.0012,0
17.891,2539.3009,0
17.892,2539.6006,0
17.893,2539.9003,0
17.894,2540.2000,0
17.895,2540.4998,0
17.896,2540.7995,0
17.897,2541.0992,0
17.898,2541.3989,0
17.899,2541.6986,0
17.900,2541.9983,0
17.901,2542.2980,0
17.902,2542.5978,0
17.903,2542.8975,0
17.904,2543.1972,0
17.905,2543.4969,0
17.906,2543.7966,0
17.907,2544.0963,0
17.908,2544.3961,0
17.909,2544.6958,0
17.910,2544.9955,0
17.911,2545.2952,0
17.912,2545.5949,0
17.913,2545.8946,0
17.914,2546.1944,0
17.915,2546.4941,0
17.916,2546.7938,0
17.917,2547.0935,0
17.918,2547.3932,0
17.919,2547.6929,0
17.920,2547.9926,0
17.921,2548.2924,0
17.922,2548.5921,0
17.923,2548.8918,0
17.924,2549.1915,0
17.925,2549.4912,0
17.926,2549.7909,0
17.927,2550.0907,0
17.928,2550.3904,0
17.929,2550.6901,0
17.930,2550.9898,0
17.931,2551.2895,0
17.932,2551.5892,0
17.933,2551.8890,0
17.934,2552.1887,0
17.935,2552.4884,0
17.936,2552.7881,0
17.937,2553.0878,0
17.938,2553.3875,0
17.939,2553.6872,0
17.940,2553.9870,0
17.941,2554.2867,0
17.942,2554.5864,0
17.943,2554.8861,0
17.944,2555.1858,0
17.945,2555.4855,0
17.946,2555.7853,0
17.947,2556.0850,0
17.948,2556.3847,0
17.949,2556.6844,0
17.950,2556.9841,0
17.951,2557.2838,0
17.952,2557.5836,0
17.953,2557.8833,0
17.954,2558.1830,0
17.955,2558.4827,0
17.956,2558.7824,0
17.957,2559.0821,0
17.958,2559.3819,0
17.959,2559.6816,0
17.960,2559.9813,0
17.961,2560.2810,0
17.962,2560.5807,0
17.963,2560.8804,0
17.964,2561.1801,0
17.965,2561.4799,0
17.966,2561.7796,0
17.967,2562.0793,0
17.968,2562.3790,0
17.969,2562.6787,0
17.970,2562.9784,0
17.971,2563.2782,0
17.972,2563.5779,0
17.973,2563.8776,0
17.974,2564.1773,0
17.975,2564.4770,0
17.976,2564.7767,0
17.977,2565.0765,0
17.978,2565.3762,0
17.979,2565.6759,0
17.980,2565.9756,0
17.981,2566.2753,0
17.982,2566.5750,0
17.983,2566.8747,0
17.984,2567.1745,0
17.985,2567.4742,0
17.986,2567.7739,0
17.987,2568.0736,0
17.988,2568.3733,0
17.989,2568.6730,0
17.990,2568.9728,0
17.991,2569.2725,0
17.992,2569.5722,0
17.993,2569.8719,0
17.994,2570.1716,0
17.995,2570.4713,0
17.996,2570.7711,0
17.997,2571.0708,0
17.998,2571.3705,0
17.999,2571.6702,0
18.000,2571.9699,0
18.001,2572.2696,0
18.002,2572.5693,0
18.003,2572.8691,0
18.004,2573.1688,0
18.005,2573.4685,0
18.006,2573.7682,0
18.007,2574.0679,0
18.008,2574.3676,0
18.009,2574.6674,0
18.010,2574.9671,0
18.011,2575.2668,0
18.012,2575.5665,0
18.013,2575.8662,0
18.014,2576.1659,0
18.015,2576.4657,0
18.016,2576.7654,0
18.017,2577.0651,0
18.018,2577.3648,0
18.019,2577.6645,0
18.020,2577.9642,0
18.021,2578.2639,0
18.022,2578.5637,0
18.023,2578.8634,0
18.024,2579.1631,0
18.025,2579.4628,0
18.026,2579.7625,0
18.027,2580.0622,0
18.028,2580.3620,0
18.029,2580.6617,0
18.030,2580.9614,0
18.031,2581.2611,0
18.032,2581.5608,0
18.033,2581.8605,0
18.034,2582.1603,0
18.035,2582.4600,0
18.036,2582.7597,0
18.037,2583.0594,0
18.038,2583.3591,0
18.039,2583.6588,0
18.040,2583.9586,0
18.041,2584.2583,0
18.042,2584.5580,0
18.043,2584.8577,0
18.044,2585.1574,0
18.045,2585.4571,0
18.046,2585.7568,0
18.047,2586.0566,0
18.048,2586.3563,0
18.049,2586.6560,0
18.050,2586.9557,0
18.051,2587.2554,0
18.052,2587.5551,0
18.053,2587.8549,0
18.054,2588.1546,0
18.055,2588.4543,0
18.056,2588.7540,0
18.057,2589.0537,0
18.058,2589.3534,0
18.059,2589.6532,0
18.060,2589.9529,0
18.061,2590.2526,0
18.062,2590.5523,0
18.063,2590.8520,0
18.064,2591.1517,0
18.065,2591.4514,0
18.066,2591.7512,0
18.067,2592.0509,0
18.068,2592.3506,0
18.069,2592.6503,0
18.070,2592.9500,0
18.071,2593.2497,0
18.072,2593.5495,0
18.073,2593.8492,0
18.074,2594.1489,0
18.075,2594.4486,0
18.076,2594.7483,0
18.077,2595.0480,0
18.078,2595.3478,0
18.079,2595.6475,0
18.080,2595.9472,0
18.081,2596.2469,0
18.082,2596.5466,0
18.083,2596.8463,0
18.084,2597.1460,0
18.085,2597.4458,0
18.086,2597.7455,0
18.087,2598.0452,0
18.088,2598.3449,0
18.089,2598.6446,0
18.090,2598.9443,0
18.091,2599.2441,0
18.092,2599.5438,0
18.093,2599.8435,0
18.094,2600.1432,0
18.095,2600.4429,0
18.096,2600.7426,0
18.097,2601.0424,0
18.098,2601.3421,0
18.099,2601.6418,0
18.100,2601.9415,0
18.101,2602.2412,0
18.102,2602.5409,0
18.103,2602.8406,0
18.104,2603.1404,0
18.105,2603.4401,0
18.106,2603.7398,0
18.107,2604.0395,0
18.108,2604.3392,0
18.109,2604.6389,0
18.110,2604.9387,0
18.111,2605.2384,0
18.112,2605.5381,0
18.113,2605.8378,0
18.114,2606.1375,0
18.115,2606.4372,0
18.116,2606.7370,0
18.117,2607.0367,0
18.118,2607.3364,0
18.119,2607.6361,0
18.120,2607.9358,0
18.121,2608.2355,0
18.122,2608.5353,0
18.123,2608.8350,0
18.124,2609.1347,0
18.125,2609.4344,0
18.126,2609.7341,0
18.127,2610.0338,0
18.128,2610.3335,0
18.129,2610.6333,0
18.130,2610.9330,0
18.131,2611.2327,0
18.132,2611.5324,0
18.133,2611.8321,0
18.134,2612.1318,0
18.135,2612.4316,0
18.136,2612.7313,0
18.137,2613.0310,0
18.138,2613.3307,0
18.139,2613.6304,0
18.140,2613.9301,0
18.141,2614.2299,0
18.142,2614.5296,0
18.143,2614.8293,0
18.144,2615.1290,0
18.145,2615.4287,0
18.146,2615.7284,0
18.147,2616.0281,0
18.148,2616.3279,0
18.149,2616.6276,0
18.150,2616.9273,0
18.151,2617.2270,0
18.152,2617.5267,0
18.153,2617.8264,0
18.154,2618.1262,0
18.155,2618.4259,0
18.156,2618.7256,0
18.157,2619.0253,0
18.158,2619.3250,0
18.159,2619.6247,0
18.160,2619.9245,0
18.161,2620.2242,0
18.162,2620.5239,0
18.163,2620.8236,0
18.164,2621.1233,0
18.165,2621.4230,0
18.166,2621.7227,0
18.167,2622.0225,0
18.168,2622.3222,0
18.169,2622.6219,0
18.170,2622.9216,0
18.171,2623.2213,0
18.172,2623.5210,0
18.173,2623.8208,0
18.174,2624.1205,0
18.175,2624.4202,0
18.176,2624.7199,0
18.177,2625.0196,0
18.178,2625.3193,0
18.179,2625.6191,0
18.180,2625.9188,0
18.181,2626.2185,0
18.182,2626.5182,0
18.183,2626.8179,0
18.184,2627.1176,0
18.185,2627.4174,0
18.186,2627.7171,0
18.187,2628.0168,0
18.188,2628.3165,0
18.189,2628.6162,0
18.190,2628.9159,0
18.191,2629.2156,0
18.192,2629.5154,0
18.193,2629.8151,0
18.194,2630.1148,0
18.195,2630.4145,0
18.196,2630.7142,0
18.197,2631.0139,0
18.198,2631.3137,0
18.199,2631.6134,0
18.200,2631.9131,0
18.201,2632.2128,0
18.202,2632.5125,0
18.203,2632.8122,0
18.204,2633.1120,0
18.205,2633.4117,0
18.206,2633.7114,0
18.207,2634.0111,0
18.208,2634.3108,0
18.209,2634.6105,0
18.210,2634.9102,0
18.211,2635.2100,0
18.212,2635.5097,0
18.213,2635.8094,0
18.214,2636.1091,0
18.215,2636.4088,0
18.216,2636.7085,0
18.217,2637.0083,0
18.218,2637.3080,0
18.219,2637.6077,0
18.220,2637.9074,0
18.221,2638.2071,0
18.222,2638.5068,0
18.223,2638.8066,0
18.224,2639.1063,0
18.225,2639.4060,0
18.226,2639.7057,0
18.227,2640.0054,0
18.228,2640.3051,0
18.229,2640.6048,0
18.230,2640.9046,0
18.231,2641.2043,0
18.232,2641.5040,0
18.233,2641.8037,0
18.234,2642.1034,0
18.235,2642.4031,0
18.236,2642.7029,0
18.237,2643.0026,0
18.238,2643.3023,0
18.239,2643.6020,0
18.240,2643.9017,0
18.241,2644.2014,0
18.242,2644.5012,0
18.243,2644.8009,0
18.244,2645.1006,0
18.245,2645.4003,0
18.246,2645.7000,0
18.247,2645.9997,0
18.248,2646.2995,0
18.249,2646.5992,0
18.250,2646.8989,0
18.251,2647.1986,0
18.252,2647.4983,0
18.253,2647.7980,0
18.254,2648.0977,0
18.255,2648.3975,0
18.256,2648.6972,0
18.257,2648.9969,0
18.258,2649.2966,0
18.259,2649.5963,0
18.260,2649.8960,0
18.261,2650.1958,0
18.262,2650.4955,0
18.263,2650.7952,0
18.264,2651.0949,0
18.265,2651.3946,0
18.266,2651.6943,0
18.267,2651.9941,0
18.268,2652.2938,0
18.269,2652.5935,0
18.270,2652.8932,0
18.271,2653.1929,0
18.272,2653.4926,0
18.273,2653.7923,0
18.274,2654.0921,0
18.275,2654.3918,0
18.276,2654.6915,0
18.277,2654.9912,0
18.278,2655.2909,0
18.279,2655.5906,0
18.280,2655.8904,0
18.281,2656.1901,0
18.282,2656.4898,0
18.283,2656.7895,0
18.284,2657.0892,0
18.285,2657.3889,0
18.286,2657.6887,0
18.287,2657.9884,0
18.288,2658.2881,0
18.289,2658.5878,0
18.290,2658.8875,0
18.291,2659.1872,0
18.292,2659.4869,0
18.293,2659.7867,0
18.294,2660.0864,0
18.295,2660.3861,0
18.296,2660.6858,0
18.297,2660.9855,0
18.298,2661.2852,0
18.299,2661.5850,0
18.300,2661.8847,0
18.301,2662.1844,0
18.302,2662.4841,0
18.303,2662.7838,0
18.304,2663.0835,0
18.305,2663.3833,0
18.306,2663.6830,0
18.307,2663.9827,0
18.308,2664.2824,0
18.309,2664.5821,0
18.310,2664.8818,0
18.311,2665.1816,0
18.312,2665.4813,0
18.313,2665.7810,0
18.314,2666.0807,0
18.315,2666.3804,0
18.316,2666.6801,0
18.317,2666.9798,0
18.318,2667.2796,0
18.319,2667.5793,0
18.320,2667.8790,0
18.321,2668.1787,0
18.322,2668.4784,0
18.323,2668.7781,0
18.324,2669.0779,0
18.325,2669.3776,0
18.326,2669.6773,0
18.327,2669.9770,0
18.328,2670.2767,0
18.329,2670.5764,0
18.330,2670.8762,0
18.331,2671.1759,0
18.332,2671.4756,0
18.333,2671.7753,0
18.334,2672.0750,0
18.335,2672.3747,0
18.336,2672.6744,0
18.337,2672.9742,0
18.338,2673.2739,0
18.339,2673.5736,0
18.340,2673.8733,0
18.341,2674.1730,0
18.342,2674.4727,0
18.343,2674.7725,0
18.344,2675.0722,0
18.345,2675.3719,0
18.346,2675.6716,0
18.347,2675.9713,0
18.348,2676.2710,0
18.349,2676.5708,0
18.350,2676.8705,0
18.351,2677.1702,0
18.352,2677.4699,0
18.353,2677.7696,0
18.354,2678.0693,0
18.355,2678.3691,0
18.356,2678.6688,0
18.357,2678.9685,0
18.358,2679.2682,0
18.359,2679.5679,0
18.360,2679.8676,0
18.361,2680.1673,0
18.362,2680.4671,0
18.363,2680.7668,0
18.364,2681.0665,0
18.365,2681.3662,0
18.366,2681.6659,0
18.367,2681.9656,0
18.368,2682.2654,0
18.369,2682.5651,0
18.370,2682.8648,0
18.371,2683.1645,0
18.372,2683.4642,0
18.373,2683.7639,0
18.374,2684.0637,0
18.375,2684.3634,0
18.376,2684.6631,0
18.377,2684.9628,0
18.378,2685.2625,0
18.379,2685.5622,0
18.380,2685.8619,0
18.381,2686.1617,0
18.382,2686.4614,0
18.383,2686.7611,0
18.384,2687.0608,0
18.385,2687.3605,0
18.386,2687.6602,0
18.387,2687.9600,0
18.388,2688.2597,0
18.389,2688.5594,0
18.390,2688.8591,0
18.391,2689.1588,0
18.392,2689.4585,0
18.393,2689.7583,0
18.394,2690.0580,0
18.395,2690.3577,0
18.396,2690.6574,0
18.397,2690.9571,0
18.398,2691.2568,0
18.399,2691.5565,0
18.400,2691.8563,0
18.401,2692.1560,0
18.402,2692.4557,0
18.403,2692.7554,0
18.404,2693.0551,0
18.405,2693.3548,0
18.406,2693.6546,0
18.407,2693.9543,0
18.408,2694.2540,0
18.409,2694.5537,0
18.410,2694.8534,0
18.411,2695.1531,0
18.412,2695.4529,0
18.413,2695.7526,0
18.414,2696.0523,0
18.415,2696.3520,0
18.416,2696.6517,0
18.417,2696.9514,0
18.418,2697.2512,0
18.419,2697.5509,0
18.420,2697.8506,0
18.421,2698.1503,0
18.422,2698.4500,0
18.423,2698.7497,0
18.424,2699.0494,0
18.425,2699.3492,0
18.426,2699.6489,0
18.427,2699.9486,0
18.428,2700.2483,0
18.429,2700.5480,0
18.430,2700.8477,0
18.431,2701.1475,0
18.432,2701.4472,0
18.433,2701.7469,0
18.434,2702.0466,0
18.435,2702.3463,0
18.436,2702.6460,0
18.437,2702.9458,0
18.438,2703.2455,0
18.439,2703.5452,0
18.440,2703.8449,0
18.441,2704.1446,0
18.442,2704.4443,0
18.443,2704.7440,0
18.444,2705.0438,0
18.445,2705.3435,0
18.446,2705.6432,0
18.447,2705.9429,0
18.448,2706.2426,0
18.449,2706.5423,0
18.450,2706.8421,0
18.451,2707.1418,0
18.452,2707.4415,0
18.453,2707.7412,0
18.454,2708.0409,0
18.455,2708.3406,0
18.456,2708.6404,0
18.457,2708.9401,0
18.458,2709.2398,0
18.459,2709.5395,0
18.460,2709.8392,0
18.461,2710.1389,0
18.462,2710.4387,0
18.463,2710.7384,0
18.464,2711.0381,0
18.465,2711.3378,0
18.466,2711.6375,0
18.467,2711.9372,0
18.468,2712.2369,0
18.469,2712.5367,0
18.470,2712.8364,0
18.471,2713.1361,0
18.472,2713.4358,0
18.473,2713.7355,0
18.474,2714.0352,0
18.475,2714.3350,0
18.476,2714.6347,0
18.477,2714.9344,0
18.478,2715.2341,0
18.479,2715.5338,0
18.480,2715.8335,0
18.481,2716.1333,0
18.482,2716.4330,0
18.483,2716.7327,0
18.484,2717.0324,0
18.485,2717.3321,0
18.486,2717.6318,0
18.487,2717.9315,0
18.488,2718.2313,0
18.489,2718.5310,0
18.490,2718.8307,0
18.491,2719.1304,0
18.492,2719.4301,0
18.493,2719.7298,0
18.494,2720.0296,0
18.495,2720.3293,0
18.496,2720.6290,0
18.497,2720.9287,0
18.498,2721.2284,0
18.499,2721.5281,0
18.500,2721.8279,0
18.501,2722.1276,0
18.502,2722.4273,0
18.503,2722.7270,0
18.504,2723.0267,0
18.505,2723.3264,0
18.506,2723.6262,0
18.507,2723.9259,0
18.508,2724.2256,0
18.509,2724.5253,0
18.510,2724.8250,0
18.511,2725.1247,0
18.512,2725.4244,0
18.513,2725.7242,0
18.514,2726.0239,0
18.515,2726.3236,0
18.516,2726.6233,0
18.517,2726.9230,0
18.518,2727.2227,0
18.519,2727.5225,0
18.520,2727.8222,0
18.521,2728.1219,0
18.522,2728.4216,0
18.523,2728.7213,0
18.524,2729.0210,0
18.525,2729.3208,0
18.526,2729.6205,0
18.527,2729.9202,0
18.528,2730.2199,0
18.529,2730.5196,0
18.530,2730.8193,0
18.531,2731.1190,0
18.532,2731.4188,0
18.533,2731.7185,0
18.534,2732.0182,0
18.535,2732.3179,0
18.536,2732.6176,0
18.537,2732.9173,0
18.538,2733.2171,0
18.539,2733.5168,0
18.540,2733.8165,0
18.541,2734.1162,0
18.542,2734.4159,0
18.543,2734.7156,0
18.544,2735.0154,0
18.545,2735.3151,0
18.546,2735.6148,0
18.547,2735.9145,0
18.548,2736.2142,0
18.549,2736.5139,0
18.550,2736.8137,0
18.551,2737.1134,0
18.552,2737.4131,0
18.553,2737.7128,0
18.554,2738.0125,0
18.555,2738.3122,0
18.556,2738.6119,0
18.557,2738.9117,0
18.558,2739.2114,0
18.559,2739.5111,0
18.560,2739.8108,0
18.561,2740.1105,0
18.562,2740.4102,0
18.563,2740.7100,0
18.564,2741.0097,0
18.565,2741.3094,0
18.566,2741.6091,0
18.567,2741.9088,0
18.568,2742.2085,0
18.569,2742.5083,0
18.570,2742.8080,0
18.571,2743.1077,0
18.572,2743.4074,0
18.573,2743.7071,0
18.574,2744.0068,0
18.575,2744.3065,0
18.576,2744.6063,0
18.577,2744.9060,0
18.578,2745.2057,0
18.579,2745.5054,0
18.580,2745.8051,0
18.581,2746.1048,0
18.582,2746.4046,0
18.583,2746.7043,0
18.584,2747.0040,0
18.585,2747.3037,0
18.586,2747.6034,0
18.587,2747.9031,0
18.588,2748.2029,0
18.589,2748.5026,0
18.590,2748.8023,0
18.591,2749.1020,0
18.592,2749.4017,0
18.593,2749.7014,0
18.594,2750.0012,0
18.595,2750.3009,0
18.596,2750.6006,0
18.597,2750.9003,0
18.598,2751.2000,0
18.599,2751.4997,0
18.600,2751.7994,0
18.601,2752.0992,0
18.602,2752.3989,0
18.603,2752.6986,0
18.604,2752.9983,0
18.605,2753.2980,0
18.606,2753.5977,0
18.607,2753.8975,0
18.608,2754.1972,0
18.609,2754.4969,0
18.610,2754.7966,0
18.611,2755.0963,0
18.612,2755.3960,0
18.613,2755.6958,0
18.614,2755.9955,0
18.615,2756.2952,0
18.616,2756.5949,0
18.617,2756.8946,0
18.618,2757.1943,0
18.619,2757.4940,0
18.620,2757.7938,0
18.621,2758.0935,0
18.622,2758.3932,0
18.623,2758.6929,0
18.624,2758.9926,0
18.625,2759.2923,0
18.626,2759.5921,0
18.627,2759.8918,0
18.628,2760.1915,0
18.629,2760.4912,0
18.630,2760.7909,0
18.631,2761.0906,0
18.632,2761.3904,0
18.633,2761.6901,0
18.634,2761.9898,0
18.635,2762.2895,0
18.636,2762.5892,0
18.637,2762.8889,0
18.638,2763.1887,0
18.639,2763.4884,0
18.640,2763.7881,0
18.641,2764.0878,0
18.642,2764.3875,0
18.643,2764.6872,0
18.644,2764.9869,0
18.645,2765.2867,0
18.646,2765.5864,0
18.647,2765.8861,0
18.648,2766.1858,0
18.649,2766.4855,0
18.650,2766.7852,0
18.651,2767.0850,0
18.652,2767.3847,0
18.653,2767.6844,0
18.654,2767.9841,0
18.655,2768.2838,0
18.656,2768.5835,0
18.657,2768.8833,0
18.658,2769.1830,0
18.659,2769.4827,0
18.660,2769.7824,0
18.661,2770.0821,0
18.662,2770.3818,0
18.663,2770.6815,0
18.664,2770.9813,0
18.665,2771.2810,0
18.666,2771.5807,0
18.667,2771.8804,0
18.668,2772.1801,0
18.669,2772.4798,0
18.670,2772.7796,0
18.671,2773.0793,0
18.672,2773.3790,0
18.673,2773.6787,0
18.674,2773.9784,0
18.675,2774.2781,0
18.676,2774.5779,0
18.677,2774.8776,0
18.678,2775.1773,0
18.679,2775.4770,0
18.680,2775.7767,0
18.681,2776.0764,0
18.682,2776.3762,0
18.683,2776.6759,0
18.684,2776.9756,0
18.685,2777.2753,0
18.686,2777.5750,0
18.687,2777.8747,0
18.688,2778.1744,0
18.689,2778.4742,0
18.690,2778.7739,0
18.691,2779.0736,0
18.692,2779.3733,0
18.693,2779.6730,0
18.694,2779.9727,0
18.695,2780.2725,0
18.696,2780.5722,0
18.697,2780.8719,0
18.698,2781.1716,0
18.699,2781.4713,0
18.700,2781.7710,0
18.701,2782.0708,0
18.702,2782.3705,0
18.703,2782.6702,0
18.704,2782.9699,0
18.705,2783.2696,0
18.706,2783.5693,0
18.707,2783.8690,0
18.708,2784.1688,0
18.709,2784.4685,0
18.710,2784.7682,0
18.711,2785.0679,0
18.712,2785.3676,0
18.713,2785.6673,0
18.714,2785.9671,0
18.715,2786.2668,0
18.716,2786.5665,0
18.717,2786.8662,0
18.718,2787.1659,0
18.719,2787.4656,0
18.720,2787.7654,0
18.721,2788.0651,0
18.722,2788.3648,0
18.723,2788.6645,0
18.724,2788.9642,0
18.725,2789.2639,0
18.726,2789.5637,0
18.727,2789.8634,0
18.728,2790.1631,0
18.729,2790.4628,0
18.730,2790.7625,0
18.731,2791.0622,0
18.732,2791.3619,0
18.733,2791.6617,0
18.734,2791.9614,0
18.735,2792.2611,0
18.736,2792.5608,0
18.737,2792.8605,0
18.738,2793.1602,0
18.739,2793.4600,0
18.740,2793.7597,0
18.741,2794.0594,0
18.742,2794.3591,0
18.743,2794.6588,0
18.744,2794.9585,0
18.745,2795.2583,0
18.746,2795.5580,0
18.747,2795.8577,0
18.748,2796.1574,0
18.749,2796.4571,0
18.750,2796.7568,0
18.751,2797.0566,0
18.752,2797.3563,0
18.753,2797.6560,0
18.754,2797.9557,0
18.755,2798.2554,0
18.756,2798.5551,0
18.757,2798.8548,0
18.758,2799.1546,0
18.759,2799.4543,0
18.760,2799.7540,0
18.761,2800.0537,0
18.762,2800.3534,0
18.763,2800.6531,0
18.764,2800.9529,0
18.765,2801.2526,0
18.766,2801.5523,0
18.767,2801.8520,0
18.768,2802.1517,0
18.769,2802.4514,0
18.770,2802.7512,0
18.771,2803.0509,0
18.772,2803.3506,0
18.773,2803.6503,0
18.774,2803.9500,0
18.775,2804.2497,0
18.776,2804.5494,0
18.777,2804.8492,0
18.778,2805.1489,0
18.779,2805.4486,0
18.780,2805.7483,0
18.781,2806.0480,0
18.782,2806.3477,0
18.783,2806.6475,0
18.784,2806.9472,0
18.785,2807.2469,0
18.786,2807.5466,0
18.787,2807.8463,0
18.788,2808.1460,0
18.789,2808.4458,0
18.790,2808.7455,0
18.791,2809.0452,0
18.792,2809.3449,0
18.793,2809.6446,0
18.794,2809.9443,0
18.795,2810.2441,0
18.796,2810.5438,0
18.797,2810.8435,0
18.798,2811.1432,0
18.799,2811.4429,0
18.800,2811.7426,0
18.801,2812.0423,0
18.802,2812.3421,0
18.803,2812.6418,0
18.804,2812.9415,0
18.805,2813.2412,0
18.806,2813.5409,0
18.807,2813.8406,0
18.808,2814.1404,0
18.809,2814.4401,0
18.810,2814.7398,0
18.811,2815.0395,0
18.812,2815.3392,0
18.813,2815.6389,0
18.814,2815.9387,0
18.815,2816.2384,0
18.816,2816.5381,0
18.817,2816.8378,0
18.818,2817.1375,0
18.819,2817.4372,0
18.820,2817.7369,0
18.821,2818.0367,0
18.822,2818.3364,0
18.823,2818.6361,0
18.824,2818.9358,0
18.825,2819.2355,0
18.826,2819.5352,0
18.827,2819.8350,0
18.828,2820.1347,0
18.829,2820.4344,0
18.830,2820.7341,0
18.831,2821.0338,0
18.832,2821.3335,0
18.833,2821.6333,0
18.834,2821.9330,0
18.835,2822.2327,0
18.836,2822.5324,0
18.837,2822.8321,0
18.838,2823.1318,0
18.839,2823.4316,0
18.840,2823.7313,0
18.841,2824.0310,0
18.842,2824.3307,0
18.843,2824.6304,0
18.844,2824.9301,0
18.845,2825.2298,0
18.846,2825.5296,0
18.847,2825.8293,0
18.848,2826.1290,0
18.849,2826.4287,0
18.850,2826.7284,0
18.851,2827.0281,0
18.852,2827.3279,0
18.853,2827.6276,0
18.854,2827.9273,0
18.855,2828.2270,0
18.856,2828.5267,0
18.857,2828.8264,0
18.858,2829.1262,0
18.859,2829.4259,0
18.860,2829.7256,0
18.861,2830.0253,0
18.862,2830.3250,0
18.863,2830.6247,0
18.864,2830.9245,0
18.865,2831.2242,0
18.866,2831.5239,0
18.867,2831.8236,0
18.868,2832.1233,0
18.869,2832.4230,0
18.870,2832.7227,0
18.871,2833.0225,0
18.872,2833.3222,0
18.873,2833.6219,0
18.874,2833.9216,0
18.875,2834.2213,0
18.876,2834.5210,0
18.877,2834.8208,0
18.878,2835.1205,0
18.879,2835.4202,0
18.880,2835.7199,0
18.881,2836.0196,0
18.882,2836.3193,0
18.883,2836.6191,0
18.884,2836.9188,0
18.885,2837.2185,0
18.886,2837.5182,0
18.887,2837.8179,0
18.888,2838.1176,0
18.889,2838.4173,0
18.890,2838.7171,0
18.891,2839.0168,0
18.892,2839.3165,0
18.893,2839.6162,0
18.894,2839.9159,0
18.895,2840.2156,0
18.896,2840.5154,0
18.897,2840.8151,0
18.898,2841.1148,0
18.899,2841.4145,0
18.900,2841.7142,0
18.901,2842.0139,0
18.902,2842.3137,0
18.903,2842.6134,0
18.904,2842.9131,0
18.905,2843.2128,0
18.906,2843.5125,0
18.907,2843.8122,0
18.908,2844.1120,0
18.909,2844.4117,0
18.910,2844.7114,0
18.911,2845.0111,0
18.912,2845.3108,0
18.913,2845.6105,0
18.914,2845.9102,0
18.915,2846.2100,0
18.916,2846.5097,0
18.917,2846.8094,0
18.918,2847.1091,0
18.919,2847.4088,0
18.920,2847.7085,0
18.921,2848.0083,0
18.922,2848.3080,0
18.923,2848.6077,0
18.924,2848.9074,0
18.925,2849.2071,0
18.926,2849.5068,0
18.927,2849.8066,0
18.928,2850.1063,0
18.929,2850.4060,0
18.930,2850.7057,0
18.931,2851.0054,0
18.932,2851.3051,0
18.933,2851.6049,0
18.934,2851.9046,0
18.935,2852.2043,0
18.936,2852.5040,0
18.937,2852.8037,0
18.938,2853.1034,0
18.939,2853.4031,0
18.940,2853.7029,0
18.941,2854.0026,0
18.942,2854.3023,0
18.943,2854.6020,0
18.944,2854.9017,0
18.945,2855.2014,0
18.946,2855.5012,0
18.947,2855.8009,0
18.948,2856.1006,0
18.949,2856.4003,0
18.950,2856.7000,0
18.951,2856.9997,0
18.952,2857.2995,0
18.953,2857.5992,0
18.954,2857.8989,0
18.955,2858.1986,0
18.956,2858.4983,0
18.957,2858.7980,0
18.958,2859.0977,0
18.959,2859.3975,0
18.960,2859.6972,0
18.961,2859.9969,0
18.962,2860.2966,0
18.963,2860.5963,0
18.964,2860.8960,0
18.965,2861.1958,0
18.966,2861.4955,0
18.967,2861.7952,0
18.968,2862.0949,0
18.969,2862.3946,0
18.970,2862.6943,0
18.971,2862.9941,0
18.972,2863.2938,0
18.973,2863.5935,0
18.974,2863.8932,0
18.975,2864.1929,0
18.976,2864.4926,0
18.977,2864.7924,0
18.978,2865.0921,0
18.979,2865.3918,0
18.980,2865.6915,0
18.981,2865.9912,0
18.982,2866.2909,0
18.983,2866.5906,0
18.984,2866.8904,0
18.985,2867.1901,0
18.986,2867.4898,0
18.987,2867.7895,0
18.988,2868.0892,0
18.989,2868.3889,0
18.990,2868.6887,0
18.991,2868.9884,0
18.992,2869.2881,0
18.993,2869.5878,0
18.994,2869.8875,0
18.995,2870.1872,0
18.996,2870.4870,0
18.997,2870.7867,0
18.998,2871.0864,0
18.999,2871.3861,0
19.000,2871.6858,0
19.001,2871.9855,0
19.002,2872.2853,0
19.003,2872.5850,0
19.004,2872.8847,0
19.005,2873.1844,0
19.006,2873.4841,0
19.007,2873.7838,0
19.008,2874.0835,0
19.009,2874.3833,0
19.010,2874.6830,0
19.011,2874.9827,0
19.012,2875.2824,0
19.013,2875.5821,0
19.014,2875.8818,0
19.015,2876.1816,0
19.016,2876.4813,0
19.017,2876.7810,0
19.018,2877.0807,0
19.019,2877.3804,0
19.020,2877.6801,0
19.021,2877.9799,0
19.022,2878.2796,0
19.023,2878.5793,0
19.024,2878.8790,0
19.025,2879.1787,0
19.026,2879.4784,0
19.027,2879.7782,0
19.028,2880.0779,0
19.029,2880.3776,0
19.030,2880.6773,0
19.031,2880.9770,0
19.032,2881.2767,0
19.033,2881.5764,0
19.034,2881.8762,0
19.035,2882.1759,0
19.036,2882.4756,0
19.037,2882.7753,0
19.038,2883.0750,0
19.039,2883.3747,0
19.040,2883.6745,0
19.041,2883.9742,0
19.042,2884.2739,0
19.043,2884.5736,0
19.044,2884.8733,0
19.045,2885.1730,0
19.046,2885.4728,0
19.047,2885.7725,0
19.048,2886.0722,0
19.049,2886.3719,0
19.050,2886.6716,0
19.051,2886.9713,0
19.052,2887.2710,0
19.053,2887.5708,0
19.054,2887.8705,0
19.055,2888.1702,0
19.056,2888.4699,0
19.057,2888.7696,0
19.058,2889.0693,0
19.059,2889.3691,0
19.060,2889.6688,0
19.061,2889.9685,0
19.062,2890.2682,0
19.063,2890.5679,0
19.064,2890.8676,0
19.065,2891.1674,0
19.066,2891.4671,0
19.067,2891.7668,0
19.068,2892.0665,0
19.069,2892.3662,0
19.070,2892.6659,0
19.071,2892.9657,0
19.072,2893.2654,0
19.073,2893.5651,0
19.074,2893.8648,0
19.075,2894.1645,0
19.076,2894.4642,0
19.077,2894.7639,0
19.078,2895.0637,0
19.079,2895.3634,0
19.080,2895.6631,0
19.081,2895.9628,0
19.082,2896.2625,0
19.083,2896.5622,0
19.084,2896.8620,0
19.085,2897.1617,0
19.086,2897.4614,0
19.087,2897.7611,0
19.088,2898.0608,0
19.089,2898.3605,0
19.090,2898.6603,0
19.091,2898.9600,0
19.092,2899.2597,0
19.093,2899.5594,0
19.094,2899.8591,0
19.095,2900.1588,0
19.096,2900.4586,0
19.097,2900.7583,0
19.098,2901.0580,0
19.099,2901.3577,0
19.100,2901.6574,0
19.101,2901.9571,0
19.102,2902.2568,0
19.103,2902.5566,0
19.104,2902.8563,0
19.105,2903.1560,0
19.106,2903.4557,0
19.107,2903.7554,0
19.108,2904.0551,0
19.109,2904.3549,0
19.110,2904.6546,0
19.111,2904.9543,0
19.112,2905.2540,0
19.113,2905.5537,0
19.114,2905.8534,0
19.115,2906.1532,0
19.116,2906.4529,0
19.117,2906.7526,0
19.118,2907.0523,0
19.119,2907.3520,0
19.120,2907.6517,0
19.121,2907.9515,0
19.122,2908.2512,0
19.123,2908.5509,0
19.124,2908.8506,0
19.125,2909.1503,0
19.126,2909.4500,0
19.127,2909.7497,0
19.128,2910.0495,0
19.129,2910.3492,0
19.130,2910.6489,0
19.131,2910.9486,0
19.132,2911.2483,0
19.133,2911.5480,0
19.134,2911.8478,0
19.135,2912.1475,0
19.136,2912.4472,0
19.137,2912.7469,0
19.138,2913.0466,0
19.139,2913.3463,0
19.140,2913.6461,0
19.141,2913.9458,0
19.142,2914.2455,0
19.143,2914.5452,0
19.144,2914.8449,0
19.145,2915.1446,0
19.146,2915.4443,0
19.147,2915.7441,0
19.148,2916.0438,0
19.149,2916.3435,0
19.150,2916.6432,0
19.151,2916.9429,0
19.152,2917.2426,0
19.153,2917.5424,0
19.154,2917.8421,0
19.155,2918.1418,0
19.156,2918.4415,0
19.157,2918.7412,0
19.158,2919.0409,0
19.159,2919.3407,0
19.160,2919.6404,0
19.161,2919.9401,0
19.162,2920.2398,0
19.163,2920.5395,0
19.164,2920.8392,0
19.165,2921.1390,0
19.166,2921.4387,0
19.167,2921.7384,0
19.168,2922.0381,0
19.169,2922.3378,0
19.170,2922.6375,0
19.171,2922.9372,0
19.172,2923.2370,0
19.173,2923.5367,0
19.174,2923.8364,0
19.175,2924.1361,0
19.176,2924.4358,0
19.177,2924.7355,0
19.178,2925.0353,0
19.179,2925.3350,0
19.180,2925.6347,0
19.181,2925.9344,0
19.182,2926.2341,0
19.183,2926.5338,0
19.184,2926.8336,0
19.185,2927.1333,0
19.186,2927.4330,0
19.187,2927.7327,0
19.188,2928.0324,0
19.189,2928.3321,0
19.190,2928.6319,0
19.191,2928.9316,0
19.192,2929.2313,0
19.193,2929.5310,0
19.194,2929.8307,0
19.195,2930.1304,0
19.196,2930.4301,0
19.197,2930.7299,0
19.198,2931.0296,0
19.199,2931.3293,0
19.200,2931.6290,0
19.201,2931.9287,0
19.202,2932.2284,0
19.203,2932.5282,0
19.204,2932.8279,0
19.205,2933.1276,0
19.206,2933.4273,0
19.207,2933.7270,0
19.208,2934.0267,0
19.209,2934.3265,0
19.210,2934.6262,0
19.211,2934.9259,0
19.212,2935.2256,0
19.213,2935.5253,0
19.214,2935.8250,0
19.215,2936.1248,0
19.216,2936.4245,0
19.217,2936.7242,0
19.218,2937.0239,0
19.219,2937.3236,0
19.220,2937.6233,0
19.221,2937.9230,0
19.222,2938.2228,0
19.223,2938.5225,0
19.224,2938.8222,0
19.225,2939.1219,0
19.226,2939.4216,0
19.227,2939.7213,0
19.228,2940.0211,0
19.229,2940.3208,0
19.230,2940.6205,0
19.231,2940.9202,0
19.232,2941.2199,0
19.233,2941.5196,0
19.234,2941.8194,0
19.235,2942.1191,0
19.236,2942.4188,0
19.237,2942.7185,0
19.238,2943.0182,0
19.239,2943.3179,0
19.240,2943.6176,0
19.241,2943.9174,0
19.242,2944.2171,0
19.243,2944.5168,0
19.244,2944.8165,0
19.245,2945.1162,0
19.246,2945.4159,0
19.247,2945.7157,0
19.248,2946.0154,0
19.249,2946.3151,0
19.250,2946.6148,0
19.251,2946.9145,0
19.252,2947.2142,0
19.253,2947.5140,0
19.254,2947.8137,0
19.255,2948.1134,0
19.256,2948.4131,0
19.257,2948.7128,0
19.258,2949.0125,0
19.259,2949.3123,0
19.260,2949.6120,0
19.261,2949.9117,0
19.262,2950.2114,0
19.263,2950.5111,0
19.264,2950.8108,0
19.265,2951.1105,0
19.266,2951.4103,0
19.267,2951.7100,0
19.268,2952.0097,0
19.269,2952.3094,0
19.270,2952.6091,0
19.271,2952.9088,0
19.272,2953.2086,0
19.273,2953.5083,0
19.274,2953.8080,0
19.275,2954.1077,0
19.276,2954.4074,0
19.277,2954.7071,0
19.278,2955.0069,0
19.279,2955.3066,0
19.280,2955.6063,0
19.281,2955.9060,0
19.282,2956.2057,0
19.283,2956.5054,0
19.284,2956.8052,0
19.285,2957.1049,0
19.286,2957.4046,0
19.287,2957.7043,0
19.288,2958.0040,0
19.289,2958.3037,0
19.290,2958.6034,0
19.291,2958.9032,0
19.292,2959.2029,0
19.293,2959.5026,0
19.294,2959.8023,0
19.295,2960.1020,0
19.296,2960.4017,0
19.297,2960.7015,0
19.298,2961.0012,0
19.299,2961.3009,0
19.300,2961.6006,0
19.301,2961.9003,0
19.302,2962.2000,0
19.303,2962.4998,0
19.304,2962.7995,0
19.305,2963.0992,0
19.306,2963.3989,0
19.307,2963.6986,0
19.308,2963.9983,0
19.309,2964.2981,0
19.310,2964.5978,0
19.311,2964.8975,0
19.312,2965.1972,0
19.313,2965.4969,0
19.314,2965.7966,0
19.315,2966.0963,0
19.316,2966.3961,0
19.317,2966.6958,0
19.318,2966.9955,0
19.319,2967.2952,0
19.320,2967.5949,0
19.321,2967.8946,0
19.322,2968.1944,0
19.323,2968.4941,0
19.324,2968.7938,0
19.325,2969.0935,0
19.326,2969.3932,0
19.327,2969.6929,0
19.328,2969.9927,0
19.329,2970.2924,0
19.330,2970.5921,0
19.331,2970.8918,0
19.332,2971.1915,0
19.333,2971.4912,0
19.334,2971.7910,0
19.335,2972.0907,0
19.336,2972.3904,0
19.337,2972.6901,0
19.338,2972.9898,0
19.339,2973.2895,0
19.340,2973.5892,0
19.341,2973.8890,0
19.342,2974.1887,0
19.343,2974.4884,0
19.344,2974.7881,0
19.345,2975.0878,0
19.346,2975.3875,0
19.347,2975.6873,0
19.348,2975.9870,0
19.349,2976.2867,0
19.350,2976.5864,0
19.351,2976.8861,0
19.352,2977.1858,0
19.353,2977.4856,0
19.354,2977.7853,0
19.355,2978.0850,0
19.356,2978.3847,0
19.357,2978.6844,0
19.358,2978.9841,0
19.359,2979.2839,0
19.360,2979.5836,0
19.361,2979.8833,0
19.362,2980.1830,0
19.363,2980.4827,0
19.364,2980.7824,0
19.365,2981.0821,0
19.366,2981.3819,0
19.367,2981.6816,0
19.368,2981.9813,0
19.369,2982.2810,0
19.370,2982.5807,0
19.371,2982.8804,0
19.372,2983.1802,0
19.373,2983.4799,0
19.374,2983.7796,0
19.375,2984.0793,0
19.376,2984.3790,0
19.377,2984.6787,0
19.378,2984.9785,0
19.379,2985.2782,0
19.380,2985.5779,0
19.381,2985.8776,0
19.382,2986.1773,0
19.383,2986.4770,0
19.384,2986.7768,0
19.385,2987.0765,0
19.386,2987.3762,0
19.387,2987.6759,0
19.388,2987.9756,0
19.389,2988.2753,0
19.390,2988.5750,0
19.391,2988.8748,0
19.392,2989.1745,0
19.393,2989.4742,0
19.394,2989.7739,0
19.395,2990.0736,0
19.396,2990.3733,0
19.397,2990.6731,0
19.398,2990.9728,0
19.399,2991.2725,0
19.400,2991.5722,0
19.401,2991.8719,0
19.402,2992.1716,0
19.403,2992.4714,0
19.404,2992.7711,0
19.405,2993.0708,0
19.406,2993.3705,0
19.407,2993.6702,0
19.408,2993.9699,0
19.409,2994.2696,0
19.410,2994.5694,0
19.411,2994.8691,0
19.412,2995.1688,0
19.413,2995.4685,0
19.414,2995.7682,0
19.415,2996.0679,0
19.416,2996.3677,0
19.417,2996.6674,0
19.418,2996.9671,0
19.419,2997.2668,0
19.420,2997.5665,0
19.421,2997.8662,0
19.422,2998.1660,0
19.423,2998.4657,0
19.424,2998.7654,0
19.425,2999.0651,0
19.426,2999.3648,0
19.427,2999.6645,0
19.428,2999.9643,0
19.429,3000.2640,0
19.430,3000.5637,0
19.431,3000.8634,0
19.432,3001.1631,0
19.433,3001.4628,0
19.434,3001.7625,0
19.435,3002.0623,0
19.436,3002.3620,0
19.437,3002.6617,0
19.438,3002.9614,0
19.439,3003.2611,0
19.440,3003.5608,0
19.441,3003.8606,0
19.442,3004.1603,0
19.443,3004.4600,0
19.444,3004.7597,0
19.445,3005.0594,0
19.446,3005.3591,0
19.447,3005.6589,0
19.448,3005.9586,0
19.449,3006.2583,0
19.450,3006.5580,0
19.451,3006.8577,0
19.452,3007.1574,0
19.453,3007.4572,0
19.454,3007.7569,0
19.455,3008.0566,0
19.456,3008.3563,0
19.457,3008.6560,0
19.458,3008.9557,0
19.459,3009.2554,0
19.460,3009.5552,0
19.461,3009.8549,0
19.462,3010.1546,0
19.463,3010.4543,0
19.464,3010.7540,0
19.465,3011.0537,0
19.466,3011.3535,0
19.467,3011.6532,0
19.468,3011.9529,0
19.469,3012.2526,0
19.470,3012.5523,0
19.471,3012.8520,0
19.472,3013.1518,0
19.473,3013.4515,0
19.474,3013.7512,0
19.475,3014.0509,0
19.476,3014.3506,0
19.477,3014.6503,0
19.478,3014.9501,0
19.479,3015.2498,0
19.480,3015.5495,0
19.481,3015.8492,0
19.482,3016.1489,0
19.483,3016.4486,0
19.484,3016.7483,0
19.485,3017.0481,0
19.486,3017.3478,0
19.487,3017.6475,0
19.488,3017.9472,0
19.489,3018.2469,0
19.490,3018.5466,0
19.491,3018.8464,0
19.492,3019.1461,0
19.493,3019.4458,0
19.494,3019.7455,0
19.495,3020.0452,0
19.496,3020.3449,0
19.497,3020.6447,0
19.498,3020.9444,0
19.499,3021.2441,0
19.500,3021.5438,0
19.501,3021.8435,0
19.502,3022.1432,0
19.503,3022.4430,0
19.504,3022.7427,0
19.505,3023.0424,0
19.506,3023.3421,0
19.507,3023.6418,0
19.508,3023.9415,0
19.509,3024.2412,0
19.510,3024.5410,0
19.511,3024.8407,0
19.512,3025.1404,0
19.513,3025.4401,0
19.514,3025.7398,0
19.515,3026.0395,0
19.516,3026.3393,0
19.517,3026.6390,0
19.518,3026.9387,0
19.519,3027.2384,0
19.520,3027.5381,0
19.521,3027.8378,0
19.522,3028.1376,0
19.523,3028.4373,0
19.524,3028.7370,0
19.525,3029.0367,0
19.526,3029.3364,0
19.527,3029.6361,0
19.528,3029.9359,0
19.529,3030.2356,0
19.530,3030.5353,0
19.531,3030.8350,0
19.532,3031.1347,0
19.533,3031.4344,0
19.534,3031.7341,0
19.535,3032.0339,0
19.536,3032.3336,0
19.537,3032.6333,0
19.538,3032.9330,0
19.539,3033.2327,0
19.540,3033.5324,0
19.541,3033.8322,0
19.542,3034.1319,0
19.543,3034.4316,0
19.544,3034.7313,0
19.545,3035.0310,0
19.546,3035.3307,0
19.547,3035.6305,0
19.548,3035.9302,0
19.549,3036.2299,0
19.550,3036.5296,0
19.551,3036.8293,0
19.552,3037.1290,0
19.553,3037.4288,0
19.554,3037.7285,0
19.555,3038.0282,0
19.556,3038.3279,0
19.557,3038.6276,0
19.558,3038.9273,0
19.559,3039.2270,0
19.560,3039.5268,0
19.561,3039.8265,0
19.562,3040.1262,0
19.563,3040.4259,0
19.564,3040.7256,0
19.565,3041.0253,0
19.566,3041.3251,0
19.567,3041.6248,0
19.568,3041.9245,0
19.569,3042.2242,0
19.570,3042.5239,0
19.571,3042.8236,0
19.572,3043.1234,0
19.573,3043.4231,0
19.574,3043.7228,0
19.575,3044.0225,0
19.576,3044.3222,0
19.577,3044.6219,0
19.578,3044.9217,0
19.579,3045.2214,0
19.580,3045.5211,0
19.581,3045.8208,0
19.582,3046.1205,0
19.583,3046.4202,0
19.584,3046.7199,0
19.585,3047.0197,0
19.586,3047.3194,0
19.587,3047.6191,0
19.588,3047.9188,0
19.589,3048.2185,0
19.590,3048.5182,0
19.591,3048.8180,0
19.592,3049.1177,0
19.593,3049.4174,0
19.594,3049.7171,0
19.595,3050.0168,0
19.596,3050.3165,0
19.597,3050.6163,0
19.598,3050.9160,0
19.599,3051.2157,0
19.600,3051.5154,0
19.601,3051.8151,0
19.602,3052.1148,0
19.603,3052.4146,0
19.604,3052.7143,0
19.605,3053.0140,0
19.606,3053.3137,0
19.607,3053.6134,0
19.608,3053.9131,0
19.609,3054.2128,0
19.610,3054.5126,0
19.611,3054.8123,0
19.612,3055.1120,0
19.613,3055.4117,0
19.614,3055.7114,0
19.615,3056.0111,0
19.616,3056.3109,0
19.617,3056.6106,0
19.618,3056.9103,0
19.619,3057.2100,0
19.620,3057.5097,0
19.621,3057.8094,0
19.622,3058.1092,0
19.623,3058.4089,0
19.624,3058.7086,0
19.625,3059.0083,0
19.626,3059.3080,0
19.627,3059.6077,0
19.628,3059.9075,0
19.629,3060.2072,0
19.630,3060.5069,0
19.631,3060.8066,0
19.632,3061.1063,0
19.633,3061.4060,0
19.634,3061.7057,0
19.635,3062.0055,0
19.636,3062.3052,0
19.637,3062.6049,0
19.638,3062.9046,0
19.639,3063.2043,0
19.640,3063.5040,0
19.641,3063.8038,0
19.642,3064.1035,0
19.643,3064.4032,0
19.644,3064.7029,0
19.645,3065.0026,0
19.646,3065.3023,0
19.647,3065.6021,0
19.648,3065.9018,0
19.649,3066.2015,0
19.650,3066.5012,0
19.651,3066.8009,0
19.652,3067.1006,0
19.653,3067.4004,0
19.654,3067.7001,0
19.655,3067.9998,0
19.656,3068.2995,0
19.657,3068.5992,0
19.658,3068.8989,0
19.659,3069.1986,0
19.660,3069.4984,0
19.661,3069.7981,0
19.662,3070.0978,0
19.663,3070.3975,0
19.664,3070.6972,0
19.665,3070.9969,0
19.666,3071.2967,0
19.667,3071.5964,0
19.668,3071.8961,0
19.669,3072.1958,0
19.670,3072.4955,0
19.671,3072.7952,0
19.672,3073.0950,0
19.673,3073.3947,0
19.674,3073.6944,0
19.675,3073.9941,0
19.676,3074.2938,0
19.677,3074.5935,0
19.678,3074.8933,0
19.679,3075.1930,0
19.680,3075.4927,0
19.681,3075.7924,0
19.682,3076.0921,0
19.683,3076.3918,0
19.684,3076.6915,0
19.685,3076.9913,0
19.686,3077.2910,0
19.687,3077.5907,0
19.688,3077.8904,0
19.689,3078.1901,0
19.690,3078.4898,0
19.691,3078.7896,0
19.692,3079.0893,0
19.693,3079.3890,0
19.694,3079.6887,0
19.695,3079.9884,0
19.696,3080.2881,0
19.697,3080.5879,0
19.698,3080.8876,0
19.699,3081.1873,0
19.700,3081.4870,0
19.701,3081.7867,0
19.702,3082.0864,0
19.703,3082.3862,0
19.704,3082.6859,0
19.705,3082.9856,0
19.706,3083.2853,0
19.707,3083.5850,0
19.708,3083.8847,0
19.709,3084.1844,0
19.710,3084.4842,0
19.711,3084.7839,0
19.712,3085.0836,0
19.713,3085.3833,0
19.714,3085.6830,0
19.715,3085.9827,0
19.716,3086.2825,0
19.717,3086.5822,0
19.718,3086.8819,0
19.719,3087.1816,0
19.720,3087.4813,0
19.721,3087.7810,0
19.722,3088.0808,0
19.723,3088.3805,0
19.724,3088.6802,0
19.725,3088.9799,0
19.726,3089.2796,0
19.727,3089.5793,0
19.728,3089.8791,0
19.729,3090.1788,0
19.730,3090.4785,0
19.731,3090.7782,0
19.732,3091.0779,0
19.733,3091.3776,0
19.734,3091.6773,0
19.735,3091.9771,0
19.736,3092.2768,0
19.737,3092.5765,0
19.738,3092.8762,0
19.739,3093.1759,0
19.740,3093.4756,0
19.741,3093.7754,0
19.742,3094.0751,0
19.743,3094.3748,0
19.744,3094.6745,0
19.745,3094.9742,0
19.746,3095.2739,0
19.747,3095.5737,0
19.748,3095.8734,0
19.749,3096.1731,0
19.750,3096.4728,0
19.751,3096.7725,0
19.752,3097.0722,0
19.753,3097.3720,0
19.754,3097.6717,0
19.755,3097.9714,0
19.756,3098.2711,0
19.757,3098.5708,0
19.758,3098.8705,0
19.759,3099.1702,0
19.760,3099.4700,0
19.761,3099.7697,0
19.762,3100.0694,0
19.763,3100.3691,0
19.764,3100.6688,0
19.765,3100.9685,0
19.766,3101.2683,0
19.767,3101.5680,0
19.768,3101.8677,0
19.769,3102.1674,0
19.770,3102.4671,0
19.771,3102.7668,0
19.772,3103.0666,0
19.773,3103.3663,0
19.774,3103.6660,0
19.775,3103.9657,0
19.776,3104.2654,0
19.777,3104.5651,0
19.778,3104.8649,0
19.779,3105.1646,0
19.780,3105.4643,0
19.781,3105.7640,0
19.782,3106.0637,0
19.783,3106.3634,0
19.784,3106.6631,0
19.785,3106.9629,0
19.786,3107.2626,0
19.787,3107.5623,0
19.788,3107.8620,0
19.789,3108.1617,0
19.790,3108.4614,0
19.791,3108.7612,0
19.792,3109.0609,0
19.793,3109.3606,0
19.794,3109.6603,0
19.795,3109.9600,0
19.796,3110.2597,0
19.797,3110.5595,0
19.798,3110.8592,0
19.799,3111.1589,0
19.800,3111.4586,0
19.801,3111.7583,0
19.802,3112.0580,0
19.803,3112.3578,0
19.804,3112.6575,0
19.805,3112.9572,0
19.806,3113.2569,0
19.807,3113.5566,0
19.808,3113.8563,0
19.809,3114.1560,0
19.810,3114.4558,0
19.811,3114.7555,0
19.812,3115.0552,0
19.813,3115.3549,0
19.814,3115.6546,0
19.815,3115.9543,0
19.816,3116.2541,0
19.817,3116.5538,0
19.818,3116.8535,0
19.819,3117.1532,0
19.820,3117.4529,0
19.821,3117.7526,0
19.822,3118.0524,0
19.823,3118.3521,0
19.824,3118.6518,0
19.825,3118.9515,0
19.826,3119.2512,0
19.827,3119.5509,0
19.828,3119.8507,0
19.829,3120.1504,0
19.830,3120.4501,0
19.831,3120.7498,0
19.832,3121.0495,0
19.833,3121.3492,0
19.834,3121.6489,0
19.835,3121.9487,0
19.836,3122.2484,0
19.837,3122.5481,0
19.838,3122.8478,0
19.839,3123.1475,0
19.840,3123.4472,0
19.841,3123.7470,0
19.842,3124.0467,0
19.843,3124.3464,0
19.844,3124.6461,0
19.845,3124.9458,0
19.846,3125.2455,0
19.847,3125.5453,0
19.848,3125.8450,0
19.849,3126.1447,0
19.850,3126.4444,0
19.851,3126.7441,0
19.852,3127.0438,0
19.853,3127.3436,0
19.854,3127.6433,0
19.855,3127.9430,0
19.856,3128.2427,0
19.857,3128.5424,0
19.858,3128.8421,0
19.859,3129.1418,0
19.860,3129.4416,0
19.861,3129.7413,0
19.862,3130.0410,0
19.863,3130.3407,0
19.864,3130.6404,0
19.865,3130.9401,0
19.866,3131.2399,0
19.867,3131.5396,0
19.868,3131.8393,0
19.869,3132.1390,0
19.870,3132.4387,0
19.871,3132.7384,0
19.872,3133.0382,0
19.873,3133.3379,0
19.874,3133.6376,0
19.875,3133.9373,0
19.876,3134.2370,0
19.877,3134.5367,0
19.878,3134.8365,0
19.879,3135.1362,0
19.880,3135.4359,0
19.881,3135.7356,0
19.882,3136.0353,0
19.883,3136.3350,0
19.884,3136.6347,0
19.885,3136.9345,0
19.886,3137.2342,0
19.887,3137.5339,0
19.888,3137.8336,0
19.889,3138.1333,0
19.890,3138.4330,0
19.891,3138.7328,0
19.892,3139.0325,0
19.893,3139.3322,0
19.894,3139.6319,0
19.895,3139.9316,0
19.896,3140.2313,0
19.897,3140.5311,0
19.898,3140.8308,0
19.899,3141.1305,0
19.900,3141.4302,0
19.901,3141.7299,0
19.902,3142.0296,0
19.903,3142.3294,0
19.904,3142.6291,0
19.905,3142.9288,0
19.906,3143.2285,0
19.907,3143.5282,0
19.908,3143.8279,0
19.909,3144.1277,0
19.910,3144.4274,0
19.911,3144.7271,0
19.912,3145.0268,0
19.913,3145.3265,0
19.914,3145.6262,0
19.915,3145.9259,0
19.916,3146.2257,0
19.917,3146.5254,0
19.918,3146.8251,0
19.919,3147.1248,0
19.920,3147.4245,0
19.921,3147.7242,0
19.922,3148.0240,0
19.923,3148.3237,0
19.924,3148.6234,0
19.925,3148.9231,0
19.926,3149.2228,0
19.927,3149.5225,0
19.928,3149.8223,0
19.929,3150.1220,0
19.930,3150.4217,0
19.931,3150.7214,0
19.932,3151.0211,0
19.933,3151.3208,0
19.934,3151.6206,0
19.935,3151.9203,0
19.936,3152.2200,0
19.937,3152.5197,0
19.938,3152.8194,0
19.939,3153.1191,0
19.940,3153.4188,0
19.941,3153.7186,0
19.942,3154.0183,0
19.943,3154.3180,0
19.944,3154.6177,0
19.945,3154.9174,0
19.946,3155.2171,0
19.947,3155.5169,0
19.948,3155.8166,0
19.949,3156.1163,0
19.950,3156.4160,0
19.951,3156.7157,0
19.952,3157.0154,0
19.953,3157.3152,0
19.954,3157.6149,0
19.955,3157.9146,0
19.956,3158.2143,0
19.957,3158.5140,0
19.958,3158.8137,0
19.959,3159.1135,0
19.960,3159.4132,0
19.961,3159.7129,0
19.962,3160.0126,0
19.963,3160.3123,0
19.964,3160.6120,0
19.965,3160.9117,0
19.966,3161.2115,0
19.967,3161.5112,0
19.968,3161.8109,0
19.969,3162.1106,0
19.970,3162.4103,0
19.971,3162.7100,0
19.972,3163.0098,0
19.973,3163.3095,0
19.974,3163.6092,0
19.975,3163.9089,0
19.976,3164.2086,0
19.977,3164.5083,0
19.978,3164.8081,0
19.979,3165.1078,0
19.980,3165.4075,0
19.981,3165.7072,0
19.982,3166.0069,0
19.983,3166.3066,0
19.984,3166.6064,0
19.985,3166.9061,0
19.986,3167.2058,0
19.987,3167.5055,0
19.988,3167.8052,0
19.989,3168.1049,0
19.990,3168.4046,0
19.991,3168.7044,0
19.992,3169.0041,0
19.993,3169.3038,0
19.994,3169.6035,0
19.995,3169.9032,0
19.996,3170.2029,0
19.997,3170.5027,0
19.998,3170.8024,0
19.999,3171.1021,0
20.000,3171.4018,0
20.001,3171.7015,0
20.002,3172.0012,0
20.003,3172.3010,0
20.004,3172.6007,0
20.005,3172.9004,0
20.006,3173.2001,0
20.007,3173.4998,0
20.008,3173.7995,0
20.009,3174.0993,0
20.010,3174.3990,0
20.011,3174.6987,0
20.012,3174.9984,0
20.013,3175.2981,0
20.014,3175.5978,0
20.015,3175.8975,0
20.016,3176.1973,0
20.017,3176.4970,0
20.018,3176.7967,0
20.019,3177.0964,0
20.020,3177.3961,0
20.021,3177.6958,0
20.022,3177.9956,0
20.023,3178.2953,0
20.024,3178.5950,0
20.025,3178.8947,0
20.026,3179.1944,0
20.027,3179.4941,0
20.028,3179.7939,0
20.029,3180.0936,0
20.030,3180.3933,0
20.031,3180.6930,0
20.032,3180.9927,0
20.033,3181.2924,0
20.034,3181.5922,0
20.035,3181.8919,0
20.036,3182.1916,0
20.037,3182.4913,0
20.038,3182.7910,0
20.039,3183.0907,0
20.040,3183.3904,0
20.041,3183.6902,0
20.042,3183.9899,0
20.043,3184.2896,0
20.044,3184.5893,0
20.045,3184.8890,0
20.046,3185.1887,0
20.047,3185.4885,0
20.048,3185.7882,0
20.049,3186.0879,0
20.050,3186.3876,0
20.051,3186.6873,0
20.052,3186.9870,0
20.053,3187.2868,0
20.054,3187.5865,0
20.055,3187.8862,0
20.056,3188.1859,0
20.057,3188.4856,0
20.058,3188.7853,0
20.059,3189.0851,0
20.060,3189.3848,0
20.061,3189.6845,0
20.062,3189.9842,0
20.063,3190.2839,0
20.064,3190.5836,0
20.065,3190.8833,0
20.066,3191.1831,0
20.067,3191.4828,0
20.068,3191.7825,0
20.069,3192.0822,0
20.070,3192.3819,0
20.071,3192.6816,0
20.072,3192.9814,0
20.073,3193.2811,0
20.074,3193.5808,0
20.075,3193.8805,0
20.076,3194.1802,0
20.077,3194.4799,0
20.078,3194.7797,0
20.079,3195.0794,0
20.080,3195.3791,0
20.081,3195.6788,0
20.082,3195.9785,0
20.083,3196.2782,0
20.084,3196.5780,0
20.085,3196.8777,0
20.086,3197.1774,0
20.087,3197.4771,0
20.088,3197.7768,0
20.089,3198.0765,0
20.090,3198.3763,0
20.091,3198.6760,0
20.092,3198.9757,0
20.093,3199.2754,0
20.094,3199.5751,0
20.095,3199.8748,0
20.096,3200.1745,0
20.097,3200.4743,0
20.098,3200.7740,0
20.099,3201.0737,0
20.100,3201.3734,0
20.101,3201.6731,0
20.102,3201.9728,0
20.103,3202.2726,0
20.104,3202.5723,0
20.105,3202.8720,0
20.106,3203.1717,0
20.107,3203.4714,0
20.108,3203.7711,0
20.109,3204.0709,0
20.110,3204.3706,0
20.111,3204.6703,0
20.112,3204.9700,0
20.113,3205.2697,0
20.114,3205.5694,0
20.115,3205.8692,0
20.116,3206.1689,0
20.117,3206.4686,0
20.118,3206.7683,0
20.119,3207.0680,0
20.120,3207.3677,0
20.121,3207.6674,0
20.122,3207.9672,0
20.123,3208.2669,0
20.124,3208.5666,0
20.125,3208.8663,0
20.126,3209.1660,0
20.127,3209.4657,0
20.128,3209.7655,0
20.129,3210.0652,0
20.130,3210.3649,0
20.131,3210.6646,0
20.132,3210.9643,0
20.133,3211.2640,0
20.134,3211.5638,0
20.135,3211.8635,0
20.136,3212.1632,0
20.137,3212.4629,0
20.138,3212.7626,0
20.139,3213.0623,0
20.140,3213.3621,0
20.141,3213.6618,0
20.142,3213.9615,0
20.143,3214.2612,0
20.144,3214.5609,0
20.145,3214.8606,0
20.146,3215.1603,0
20.147,3215.4601,0
20.148,3215.7598,0
20.149,3216.0595,0
20.150,3216.3592,0
20.151,3216.6589,0
20.152,3216.9586,0
20.153,3217.2584,0
20.154,3217.5581,0
20.155,3217.8578,0
20.156,3218.1575,0
20.157,3218.4572,0
20.158,3218.7569,0
20.159,3219.0567,0
20.160,3219.3564,0
20.161,3219.6561,0
20.162,3219.9558,0
20.163,3220.2555,0
20.164,3220.5552,0
20.165,3220.8550,0
20.166,3221.1547,0
20.167,3221.4544,0
20.168,3221.7541,0
20.169,3222.0538,0
20.170,3222.3535,0
20.171,3222.6532,0
20.172,3222.9530,0
20.173,3223.2527,0
20.174,3223.5524,0
20.175,3223.8521,0
20.176,3224.1518,0
20.177,3224.4515,0
20.178,3224.7513,0
20.179,3225.0510,0
20.180,3225.3507,0
20.181,3225.6504,0
20.182,3225.9501,0
20.183,3226.2498,0
20.184,3226.5496,0
20.185,3226.8493,0
20.186,3227.1490,0
20.187,3227.4487,0
20.188,3227.7484,0
20.189,3228.0481,0
20.190,3228.3479,0
20.191,3228.6476,0
20.192,3228.9473,0
20.193,3229.2470,0
20.194,3229.5467,0
20.195,3229.8464,0
20.196,3230.1461,0
20.197,3230.4459,0
20.198,3230.7456,0
20.199,3231.0453,0
20.200,3231.3450,0
20.201,3231.6447,0
20.202,3231.9444,0
20.203,3232.2442,0
20.204,3232.5439,0
20.205,3232.8436,0
20.206,3233.1433,0
20.207,3233.4430,0
20.208,3233.7427,0
20.209,3234.0425,0
20.210,3234.3422,0
20.211,3234.6419,0
20.212,3234.9416,0
20.213,3235.2413,0
20.214,3235.5410,0
20.215,3235.8408,0
20.216,3236.1405,0
20.217,3236.4402,0
20.218,3236.7399,0
20.219,3237.0396,0
20.220,3237.3393,0
20.221,3237.6391,0
20.222,3237.9388,0
20.223,3238.2385,0
20.224,3238.5382,0
20.225,3238.8379,0
20.226,3239.1376,0
20.227,3239.4373,0
20.228,3239.7371,0
20.229,3240.0368,0
20.230,3240.3365,0
20.231,3240.6362,0
20.232,3240.9359,0
20.233,3241.2356,0
20.234,3241.5354,0
20.235,3241.8351,0
20.236,3242.1348,0
20.237,3242.4345,0
20.238,3242.7342,0
20.239,3243.0339,0
20.240,3243.3337,0
20.241,3243.6334,0
20.242,3243.9331,0
20.243,3244.2328,0
20.244,3244.5325,0
20.245,3244.8322,0
20.246,3245.1320,0
20.247,3245.4317,0
20.248,3245.7314,0
20.249,3246.0311,0
20.250,3246.3308,0
20.251,3246.6305,0
20.252,3246.9302,0
20.253,3247.2300,0
20.254,3247.5297,0
20.255,3247.8294,0
20.256,3248.1291,0
20.257,3248.4288,0
20.258,3248.7285,0
20.259,3249.0283,0
20.260,3249.3280,0
20.261,3249.6277,0
20.262,3249.9274,0
20.263,3250.2271,0
20.264,3250.5268,0
20.265,3250.8266,0
20.266,3251.1263,0
20.267,3251.4260,0
20.268,3251.7257,0
20.269,3252.0254,0
20.270,3252.3251,0
20.271,3252.6249,0
20.272,3252.9246,0
20.273,3253.2243,0
20.274,3253.5240,0
20.275,3253.8237,0
20.276,3254.1234,0
20.277,3254.4231,0
20.278,3254.7229,0
20.279,3255.0226,0
20.280,3255.3223,0
20.281,3255.6220,0
20.282,3255.9217,0
20.283,3256.2214,0
20.284,3256.5212,0
20.285,3256.8209,0
20.286,3257.1206,0
20.287,3257.4203,0
20.288,3257.7200,0
20.289,3258.0197,0
20.290,3258.3195,0
20.291,3258.6192,0
20.292,3258.9189,0
20.293,3259.2186,0
20.294,3259.5183,0
20.295,3259.8180,0
20.296,3260.1178,0
20.297,3260.4175,0
20.298,3260.7172,0
20.299,3261.0169,0
20.300,3261.3166,0
20.301,3261.6163,0
20.302,3261.9160,0
20.303,3262.2158,0
20.304,3262.5155,0
20.305,3262.8152,0
20.306,3263.1149,0
20.307,3263.4146,0
20.308,3263.7143,0
20.309,3264.0141,0
20.310,3264.3138,0
20.311,3264.6135,0
20.312,3264.9132,0
20.313,3265.2129,0
20.314,3265.5126,0
20.315,3265.8124,0
20.316,3266.1121,0
20.317,3266.4118,0
20.318,3266.7115,0
20.319,3267.0112,0
20.320,3267.3109,0
20.321,3267.6107,0
20.322,3267.9104,0
20.323,3268.2101,0
20.324,3268.5098,0
20.325,3268.8095,0
20.326,3269.1092,0
20.327,3269.4090,0
20.328,3269.7087,0
20.329,3270.0084,0
20.330,3270.3081,0
20.331,3270.6078,0
20.332,3270.9075,0
20.333,3271.2072,0
20.334,3271.5070,0
20.335,3271.8067,0
20.336,3272.1064,0
20.337,3272.4061,0
20.338,3272.7058,0
20.339,3273.0055,0
20.340,3273.3053,0
20.341,3273.6050,0
20.342,3273.9047,0
20.343,3274.2044,0
20.344,3274.5041,0
20.345,3274.8038,0
20.346,3275.1036,0
20.347,3275.4033,0
20.348,3275.7030,0
20.349,3276.0027,0
20.350,3276.3024,0
20.351,3276.6021,0
20.352,3276.9019,0
20.353,3277.2016,0
20.354,3277.5013,0
20.355,3277.8010,0
20.356,3278.1007,0
20.357,3278.4004,0
20.358,3278.7001,0
20.359,3278.9999,0
20.360,3279.2996,0
20.361,3279.5993,0
20.362,3279.8990,0
20.363,3280.1987,0
20.364,3280.4984,0
20.365,3280.7982,0
20.366,3281.0979,0
20.367,3281.3976,0
20.368,3281.6973,0
20.369,3281.9970,0
20.370,3282.2967,0
20.371,3282.5965,0
20.372,3282.8962,0
20.373,3283.1959,0
20.374,3283.4956,0
20.375,3283.7953,0
20.376,3284.0950,0
20.377,3284.3948,0
20.378,3284.6945,0
20.379,3284.9942,0
20.380,3285.2939,0
20.381,3285.5936,0
20.382,3285.8933,0
20.383,3286.1930,0
20.384,3286.4928,0
20.385,3286.7925,0
20.386,3287.0922,0
20.387,3287.3919,0
20.388,3287.6916,0
20.389,3287.9913,0
20.390,3288.2911,0
20.391,3288.5908,0
20.392,3288.8905,0
20.393,3289.1902,0
20.394,3289.4899,0
20.395,3289.7896,0
20.396,3290.0894,0
20.397,3290.3891,0
20.398,3290.6888,0
20.399,3290.9885,0
20.400,3291.2882,0
20.401,3291.5879,0
20.402,3291.8877,0
20.403,3292.1874,0
20.404,3292.4871,0
20.405,3292.7868,0
20.406,3293.0865,0
20.407,3293.3862,0
20.408,3293.6860,0
20.409,3293.9857,0
20.410,3294.2854,0
20.411,3294.5851,0
20.412,3294.8848,0
20.413,3295.1845,0
20.414,3295.4842,0
20.415,3295.7840,0
20.416,3296.0837,0
20.417,3296.3834,0
20.418,3296.6831,0
20.419,3296.9828,0
20.420,3297.2825,0
20.421,3297.5823,0
20.422,3297.8820,0
20.423,3298.1817,0
20.424,3298.4814,0
20.425,3298.7811,0
20.426,3299.0808,0
20.427,3299.3806,0
20.428,3299.6803,0
20.429,3299.9800,0
20.430,3300.2797,0
20.431,3300.5794,0
20.432,3300.8791,0
20.433,3301.1789,0
20.434,3301.4786,0
20.435,3301.7783,0
20.436,3302.0780,0
20.437,3302.3777,0
20.438,3302.6774,0
20.439,3302.9771,0
20.440,3303.2769,0
20.441,3303.5766,0
20.442,3303.8763,0
20.443,3304.1760,0
20.444,3304.4757,0
20.445,3304.7754,0
20.446,3305.0752,0
20.447,3305.3749,0
20.448,3305.6746,0
20.449,3305.9743,0
20.450,3306.2740,0
20.451,3306.5737,0
20.452,3306.8735,0
20.453,3307.1732,0
20.454,3307.4729,0
20.455,3307.7726,0
20.456,3308.0723,0
20.457,3308.3720,0
20.458,3308.6718,0
20.459,3308.9715,0
20.460,3309.2712,0
20.461,3309.5709,0
20.462,3309.8706,0
20.463,3310.1703,0
20.464,3310.4700,0
20.465,3310.7698,0
20.466,3311.0695,0
20.467,3311.3692,0
20.468,3311.6689,0
20.469,3311.9686,0
20.470,3312.2683,0
20.471,3312.5681,0
20.472,3312.8678,0
20.473,3313.1675,0
20.474,3313.4672,0
20.475,3313.7669,0
20.476,3314.0666,0
20.477,3314.3664,0
20.478,3314.6661,0
20.479,3314.9658,0
20.480,3315.2655,0
20.481,3315.5652,0
20.482,3315.8649,0
20.483,3316.1647,0
20.484,3316.4644,0
20.485,3316.7641,0
20.486,3317.0638,0
20.487,3317.3635,0
20.488,3317.6632,0
20.489,3317.9630,0
20.490,3318.2627,0
20.491,3318.5624,0
20.492,3318.8621,0
20.493,3319.1618,0
20.494,3319.4615,0
20.495,3319.7612,0
20.496,3320.0610,0
20.497,3320.3607,0
20.498,3320.6604,0
20.499,3320.9601,0
20.500,3321.2598,0
20.501,3321.5595,0
20.502,3321.8593,0
20.503,3322.1590,0
20.504,3322.4587,0
20.505,3322.7584,0
20.506,3323.0581,0
20.507,3323.3578,0
20.508,3323.6576,0
20.509,3323.9573,0
20.510,3324.2570,0
20.511,3324.5567,0
20.512,3324.8564,0
20.513,3325.1561,0
20.514,3325.4559,0
20.515,3325.7556,0
20.516,3326.0553,0
20.517,3326.3550,0
20.518,3326.6547,0
20.519,3326.9544,0
20.520,3327.2541,0
20.521,3327.5539,0
20.522,3327.8536,0
20.523,3328.1533,0
20.524,3328.4530,0
20.525,3328.7527,0
20.526,3329.0524,0
20.527,3329.3522,0
20.528,3329.6519,0
20.529,3329.9516,0
20.530,3330.2513,0
20.531,3330.5510,0
20.532,3330.8507,0
20.533,3331.1505,0
20.534,3331.4502,0
20.535,3331.7499,0
20.536,3332.0496,0
20.537,3332.3493,0
20.538,3332.6490,0
20.539,3332.9488,0
20.540,3333.2485,0
20.541,3333.5482,0
20.542,3333.8479,0
20.543,3334.1476,0
20.544,3334.4473,0
20.545,3334.7470,0
20.546,3335.0468,0
20.547,3335.3465,0
20.548,3335.6462,0
20.549,3335.9459,0
20.550,3336.2456,0
20.551,3336.5453,0
20.552,3336.8451,0
20.553,3337.1448,0
20.554,3337.4445,0
20.555,3337.7442,0
20.556,3338.0439,0
20.557,3338.3436,0
20.558,3338.6434,0
20.559,3338.9431,0
20.560,3339.2428,0
20.561,3339.5425,0
20.562,3339.8422,0
20.563,3340.1419,0
20.564,3340.4417,0
20.565,3340.7414,0
20.566,3341.0411,0
20.567,3341.3408,0
20.568,3341.6405,0
20.569,3341.9402,0
20.570,3342.2400,0
20.571,3342.5397,0
20.572,3342.8394,0
20.573,3343.1391,0
20.574,3343.4388,0
20.575,3343.7385,0
20.576,3344.0382,0
20.577,3344.3380,0
20.578,3344.6377,0
20.579,3344.9374,0
20.580,3345.2371,0
20.581,3345.5368,0
20.582,3345.8365,0
20.583,3346.1363,0
20.584,3346.4360,0
20.585,3346.7357,0
20.586,3347.0354,0
20.587,3347.3351,0
20.588,3347.6348,0
20.589,3347.9346,0
20.590,3348.2343,0
20.591,3348.5340,0
20.592,3348.8337,0
20.593,3349.1334,0
20.594,3349.4331,0
20.595,3349.7329,0
20.596,3350.0326,0
20.597,3350.3323,0
20.598,3350.6320,0
20.599,3350.9317,0
20.600,3351.2314,0
20.601,3351.5311,0
20.602,3351.8309,0
20.603,3352.1306,0
20.604,3352.4303,0
20.605,3352.7300,0
20.606,3353.0297,0
20.607,3353.3294,0
20.608,3353.6292,0
20.609,3353.9289,0
20.610,3354.2286,0
20.611,3354.5283,0
20.612,3354.8280,0
20.613,3355.1277,0
20.614,3355.4275,0
20.615,3355.7272,0
20.616,3356.0269,0
20.617,3356.3266,0
20.618,3356.6263,0
20.619,3356.9260,0
20.620,3357.2258,0
20.621,3357.5255,0
20.622,3357.8252,0
20.623,3358.1249,0
20.624,3358.4246,0
20.625,3358.7243,0
20.626,3359.0241,0
20.627,3359.3238,0
20.628,3359.6235,0
20.629,3359.9232,0
20.630,3360.2229,0
20.631,3360.5226,0
20.632,3360.8223,0
20.633,3361.1221,0
20.634,3361.4218,0
20.635,3361.7215,0
20.636,3362.0212,0
20.637,3362.3209,0
20.638,3362.6206,0
20.639,3362.9204,0
20.640,3363.2201,0
20.641,3363.5198,0
20.642,3363.8195,0
20.643,3364.1192,0
20.644,3364.4189,0
20.645,3364.7187,0
20.646,3365.0184,0
20.647,3365.3181,0
20.648,3365.6178,0
20.649,3365.9175,0
20.650,3366.2172,0
20.651,3366.5170,0
20.652,3366.8167,0
20.653,3367.1164,0
20.654,3367.4161,0
20.655,3367.7158,0
20.656,3368.0155,0
20.657,3368.3152,0
20.658,3368.6150,0
20.659,3368.9147,0
20.660,3369.2144,0
20.661,3369.5141,0
20.662,3369.8138,0
20.663,3370.1135,0
20.664,3370.4133,0
20.665,3370.7130,0
20.666,3371.0127,0
20.667,3371.3124,0
20.668,3371.6121,0
20.669,3371.9118,0
20.670,3372.2116,0
20.671,3372.5113,0
20.672,3372.8110,0
20.673,3373.1107,0
20.674,3373.4104,0
20.675,3373.7101,0
20.676,3374.0099,0
20.677,3374.3096,0
20.678,3374.6093,0
20.679,3374.9090,0
20.680,3375.2087,0
20.681,3375.5084,0
20.682,3375.8081,0
20.683,3376.1079,0
20.684,3376.4076,0
20.685,3376.7073,0
20.686,3377.0070,0
20.687,3377.3067,0
20.688,3377.6064,0
20.689,3377.9062,0
20.690,3378.2059,0
20.691,3378.5056,0
20.692,3378.8053,0
20.693,3379.1050,0
20.694,3379.4047,0
20.695,3379.7045,0
20.696,3380.0042,0
20.697,3380.3039,0
20.698,3380.6036,0
20.699,3380.9033,0
20.700,3381.2030,0
20.701,3381.5028,0
20.702,3381.8025,0
20.703,3382.1022,0
20.704,3382.4019,0
20.705,3382.7016,0
20.706,3383.0013,0
20.707,3383.3011,0
20.708,3383.6008,0
20.709,3383.9005,0
20.710,3384.2002,0
20.711,3384.4999,0
20.712,3384.7996,0
20.713,3385.0993,0
20.714,3385.3991,0
20.715,3385.6988,0
20.716,3385.9985,0
20.717,3386.2982,0
20.718,3386.5979,0
20.719,3386.8976,0
20.720,3387.1974,0
20.721,3387.4971,0
20.722,3387.7968,0
20.723,3388.0965,0
20.724,3388.3962,0
20.725,3388.6959,0
20.726,3388.9957,0
20.727,3389.2954,0
20.728,3389.5951,0
20.729,3389.8948,0
20.730,3390.1945,0
20.731,3390.4942,0
20.732,3390.7940,0
20.733,3391.0937,0
20.734,3391.3934,0
20.735,3391.6931,0
20.736,3391.9928,0
20.737,3392.2925,0
20.738,3392.5922,0
20.739,3392.8920,0
20.740,3393.1917,0
20.741,3393.4914,0
20.742,3393.7911,0
20.743,3394.0908,0
20.744,3394.3905,0
20.745,3394.6903,0
20.746,3394.9900,0
20.747,3395.2897,0
20.748,3395.5894,0
20.749,3395.8891,0
20.750,3396.1888,0
20.751,3396.4886,0
20.752,3396.7883,0
20.753,3397.0880,0
20.754,3397.3877,0
20.755,3397.6874,0
20.756,3397.9871,0
20.757,3398.2869,0
20.758,3398.5866,0
20.759,3398.8863,0
20.760,3399.1860,0
20.761,3399.4857,0
20.762,3399.7854,0
20.763,3400.0852,0
20.764,3400.3849,0
20.765,3400.6846,0
20.766,3400.9843,0
20.767,3401.2840,0
20.768,3401.5837,0
20.769,3401.8834,0
20.770,3402.1832,0
20.771,3402.4829,0
20.772,3402.7826,0
20.773,3403.0823,0
20.774,3403.3820,0
20.775,3403.6817,0
20.776,3403.9815,0
20.777,3404.2812,0
20.778,3404.5809,0
20.779,3404.8806,0
20.780,3405.1803,0
20.781,3405.4800,0
20.782,3405.7798,0
20.783,3406.0795,0
20.784,3406.3792,0
20.785,3406.6789,0
20.786,3406.9786,0
20.787,3407.2783,0
20.788,3407.5781,0
20.789,3407.8778,0
20.790,3408.1775,0
20.791,3408.4772,0
20.792,3408.7769,0
20.793,3409.0766,0
20.794,3409.3763,0
20.795,3409.6761,0
20.796,3409.9758,0
20.797,3410.2755,0
20.798,3410.5752,0
20.799,3410.8749,0
20.800,3411.1746,0
20.801,3411.4744,0
20.802,3411.7741,0
20.803,3412.0738,0
20.804,3412.3735,0
20.805,3412.6732,0
20.806,3412.9729,0
20.807,3413.2727,0
20.808,3413.5724,0
20.809,3413.8721,0
20.810,3414.1718,0
20.811,3414.4715,0
20.812,3414.7712,0
20.813,3415.0710,0
20.814,3415.3707,0
20.815,3415.6704,0
20.816,3415.9701,0
20.817,3416.2698,0
20.818,3416.5695,0
20.819,3416.8693,0
20.820,3417.1690,0
20.821,3417.4687,0
20.822,3417.7684,0
20.823,3418.0681,0
20.824,3418.3678,0
20.825,3418.6675,0
20.826,3418.9673,0
20.827,3419.2670,0
20.828,3419.5667,0
20.829,3419.8664,0
20.830,3420.1661,0
20.831,3420.4658,0
20.832,3420.7656,0
20.833,3421.0653,0
20.834,3421.3650,0
20.835,3421.6647,0
20.836,3421.9644,0
20.837,3422.2641,0
20.838,3422.5639,0
20.839,3422.8636,0
20.840,3423.1633,0
20.841,3423.4630,0
20.842,3423.7627,0
20.843,3424.0624,0
20.844,3424.3622,0
20.845,3424.6619,0
20.846,3424.9616,0
20.847,3425.2613,0
20.848,3425.5610,0
20.849,3425.8607,0
20.850,3426.1604,0
20.851,3426.4602,0
20.852,3426.7599,0
20.853,3427.0596,0
20.854,3427.3593,0
20.855,3427.6590,0
20.856,3427.9587,0
20.857,3428.2585,0
20.858,3428.5582,0
20.859,3428.8579,0
20.860,3429.1576,0
20.861,3429.4573,0
20.862,3429.7570,0
20.863,3430.0568,0
20.864,3430.3565,0
20.865,3430.6562,0
20.866,3430.9559,0
20.867,3431.2556,0
20.868,3431.5553,0
20.869,3431.8551,0
20.870,3432.1548,0
20.871,3432.4545,0
20.872,3432.7542,0
20.873,3433.0539,0
20.874,3433.3536,0
20.875,3433.6534,0
20.876,3433.9531,0
20.877,3434.2528,0
20.878,3434.5525,0
20.879,3434.8522,0
20.880,3435.1519,0
20.881,3435.4516,0
20.882,3435.7514,0
20.883,3436.0511,0
20.884,3436.3508,0
20.885,3436.6505,0
20.886,3436.9502,0
20.887,3437.2499,0
20.888,3437.5497,0
20.889,3437.8494,0
20.890,3438.1491,0
20.891,3438.4488,0
20.892,3438.7485,0
20.893,3439.0482,0
20.894,3439.3480,0
20.895,3439.6477,0
20.896,3439.9474,0
20.897,3440.2471,0
20.898,3440.5468,0
20.899,3440.8465,0
20.900,3441.1463,0
20.901,3441.4460,0
20.902,3441.7457,0
20.903,3442.0454,0
20.904,3442.3451,0
20.905,3442.6448,0
20.906,3442.9445,0
20.907,3443.2443,0
20.908,3443.5440,0
20.909,3443.8437,0
20.910,3444.1434,0
20.911,3444.4431,0
20.912,3444.7428,0
20.913,3445.0426,0
20.914,3445.3423,0
20.915,3445.6420,0
20.916,3445.9417,0
20.917,3446.2414,0
20.918,3446.5411,0
20.919,3446.8409,0
20.920,3447.1406,0
20.921,3447.4403,0
20.922,3447.7400,0
20.923,3448.0397,0
20.924,3448.3394,0
20.925,3448.6392,0
20.926,3448.9389,0
20.927,3449.2386,0
20.928,3449.5383,0
20.929,3449.8380,0
20.930,3450.1377,0
20.931,3450.4375,0
20.932,3450.7372,0
20.933,3451.0369,0
20.934,3451.3366,0
20.935,3451.6363,0
20.936,3451.9360,0
20.937,3452.2357,0
20.938,3452.5355,0
20.939,3452.8352,0
20.940,3453.1349,0
20.941,3453.4346,0
20.942,3453.7343,0
20.943,3454.0340,0
20.944,3454.3338,0
20.945,3454.6335,0
20.946,3454.9332,0
20.947,3455.2329,0
20.948,3455.5326,0
20.949,3455.8323,0
20.950,3456.1321,0
20.951,3456.4318,0
20.952,3456.7315,0
20.953,3457.0312,0
20.954,3457.3309,0
20.955,3457.6306,0
20.956,3457.9304,0
20.957,3458.2301,0
20.958,3458.5298,0
20.959,3458.8295,0
20.960,3459.1292,0
20.961,3459.4289,0
20.962,3459.7286,0
20.963,3460.0284,0
20.964,3460.3281,0
20.965,3460.6278,0
20.966,3460.9275,0
20.967,3461.2272,0
20.968,3461.5269,0
20.969,3461.8267,0
20.970,3462.1264,0
20.971,3462.4261,0
20.972,3462.7258,0
20.973,3463.0255,0
20.974,3463.3252,0
20.975,3463.6250,0
20.976,3463.9247,0
20.977,3464.2244,0
20.978,3464.5241,0
20.979,3464.8238,0
20.980,3465.1235,0
20.981,3465.4233,0
20.982,3465.7230,0
20.983,3466.0227,0
20.984,3466.3224,0
20.985,3466.6221,0
20.986,3466.9218,0
20.987,3467.2216,0
20.988,3467.5213,0
20.989,3467.8210,0
20.990,3468.1207,0
20.991,3468.4204,0
20.992,3468.7201,0
20.993,3469.0198,0
20.994,3469.3196,0
20.995,3469.6193,0
20.996,3469.9190,0
20.997,3470.2187,0
20.998,3470.5184,0
20.999,3470.8181,0
21.000,3471.1179,0
21.001,3471.4176,0
21.002,3471.7173,0
21.003,3472.0170,0
21.004,3472.3167,0
21.005,3472.6164,0
21.006,3472.9162,0
21.007,3473.2159,0
21.008,3473.5156,0
21.009,3473.8153,0
21.010,3474.1150,0
21.011,3474.4147,0
21.012,3474.7145,0
21.013,3475.0142,0
21.014,3475.3139,0
21.015,3475.6136,0
21.016,3475.9133,0
21.017,3476.2130,0
21.018,3476.5127,0
21.019,3476.8125,0
21.020,3477.1122,0
21.021,3477.4119,0
21.022,3477.7116,0
21.023,3478.0113,0
21.024,3478.3110,0
21.025,3478.6108,0
21.026,3478.9105,0
21.027,3479.2102,0
21.028,3479.5099,0
21.029,3479.8096,0
21.030,3480.1093,0
21.031,3480.4091,0
21.032,3480.7088,0
21.033,3481.0085,0
21.034,3481.3082,0
21.035,3481.6079,0
21.036,3481.9076,0
21.037,3482.2074,0
21.038,3482.5071,0
21.039,3482.8068,0
21.040,3483.1065,0
21.041,3483.4062,0
21.042,3483.7059,0
21.043,3484.0057,0
21.044,3484.3054,0
21.045,3484.6051,0
21.046,3484.9048,0
21.047,3485.2045,0
21.048,3485.5042,0
21.049,3485.8039,0
21.050,3486.1037,0
21.051,3486.4034,0
21.052,3486.7031,0
21.053,3487.0028,0
21.054,3487.3025,0
21.055,3487.6022,0
21.056,3487.9020,0
21.057,3488.2017,0
21.058,3488.5014,0
21.059,3488.8011,0
21.060,3489.1008,0
21.061,3489.4005,0
21.062,3489.7003,0
21.063,3490.0000,0
21.064,3490.2997,0
21.065,3490.5994,0
21.066,3490.8991,0
21.067,3491.1988,0
21.068,3491.4986,0
21.069,3491.7983,0
21.070,3492.0980,0
21.071,3492.3977,0
21.072,3492.6974,0
21.073,3492.9971,0
21.074,3493.2968,0
21.075,3493.5966,0
21.076,3493.8963,0
21.077,3494.1960,0
21.078,3494.4957,0
21.079,3494.7954,0
21.080,3495.0951,0
21.081,3495.3949,0
21.082,3495.6946,0
21.083,3495.9943,0
21.084,3496.2940,0
21.085,3496.5937,0
21.086,3496.8934,0
21.087,3497.1932,0
21.088,3497.4929,0
21.089,3497.7926,0
21.090,3498.0923,0
21.091,3498.3920,0
21.092,3498.6917,0
21.093,3498.9915,0
21.094,3499.2912,0
21.095,3499.5909,0
21.096,3499.8906,0
21.097,3500.1903,0
21.098,3500.4900,0
21.099,3500.7898,0
21.100,3501.0895,0
21.101,3501.3892,0
21.102,3501.6889,0
21.103,3501.9886,0
21.104,3502.2883,0
21.105,3502.5880,0
21.106,3502.8878,0
21.107,3503.1875,0
21.108,3503.4872,0
21.109,3503.7869,0
21.110,3504.0866,0
21.111,3504.3863,0
21.112,3504.6861,0
21.113,3504.9858,0
21.114,3505.2855,0
21.115,3505.5852,0
21.116,3505.8849,0
21.117,3506.1846,0
21.118,3506.4844,0
21.119,3506.7841,0
21.120,3507.0838,0
21.121,3507.3835,0
21.122,3507.6832,0
21.123,3507.9829,0
21.124,3508.2827,0
21.125,3508.5824,0
21.126,3508.8821,0
21.127,3509.1818,0
21.128,3509.4815,0
21.129,3509.7812,0
21.130,3510.0810,0
21.131,3510.3807,0
21.132,3510.6804,0
21.133,3510.9801,0
21.134,3511.2798,0
21.135,3511.5795,0
21.136,3511.8792,0
21.137,3512.1790,0
21.138,3512.4787,0
21.139,3512.7784,0
21.140,3513.0781,0
21.141,3513.3778,0
21.142,3513.6775,0
21.143,3513.9773,0
21.144,3514.2770,0
21.145,3514.5767,0
21.146,3514.8764,0
21.147,3515.1761,0
21.148,3515.4758,0
21.149,3515.7756,0
21.150,3516.0753,0
21.151,3516.3750,0
21.152,3516.6747,0
21.153,3516.9744,0
21.154,3517.2741,0
21.155,3517.5739,0
21.156,3517.8736,0
21.157,3518.1733,0
21.158,3518.4730,0
21.159,3518.7727,0
21.160,3519.0724,0
21.161,3519.3721,0
21.162,3519.6719,0
21.163,3519.9716,0
21.164,3520.2713,0
21.165,3520.5710,0
21.166,3520.8707,0
21.167,3521.1704,0
21.168,3521.4702,0
21.169,3521.7699,0
21.170,3522.0696,0
21.171,3522.3693,0
21.172,3522.6690,0
21.173,3522.9687,0
21.174,3523.2685,0
21.175,3523.5682,0
21.176,3523.8679,0
21.177,3524.1676,0
21.178,3524.4673,0
21.179,3524.7670,0
21.180,3525.0668,0
21.181,3525.3665,0
21.182,3525.6662,0
21.183,3525.9659,0
21.184,3526.2656,0
21.185,3526.5653,0
21.186,3526.8651,0
21.187,3527.1648,0
21.188,3527.4645,0
21.189,3527.7642,0
21.190,3528.0639,0
21.191,3528.3636,0
21.192,3528.6633,0
21.193,3528.9631,0
21.194,3529.2628,0
21.195,3529.5625,0
21.196,3529.8622,0
21.197,3530.1619,0
21.198,3530.4616,0
21.199,3530.7614,0
21.200,3531.0611,0
21.201,3531.3608,0
21.202,3531.6605,0
21.203,3531.9602,0
21.204,3532.2599,0
21.205,3532.5597,0
21.206,3532.8594,0
21.207,3533.1591,0
21.208,3533.4588,0
21.209,3533.7585,0
21.210,3534.0582,0
21.211,3534.3580,0
21.212,3534.6577,0
21.213,3534.9574,0
21.214,3535.2571,0
21.215,3535.5568,0
21.216,3535.8565,0
21.217,3536.1563,0
21.218,3536.4560,0
21.219,3536.7557,0
21.220,3537.0554,0
21.221,3537.3551,0
21.222,3537.6548,0
21.223,3537.9545,0
21.224,3538.2543,0
21.225,3538.5540,0
21.226,3538.8537,0
21.227,3539.1534,0
21.228,3539.4531,0
21.229,3539.7528,0
21.230,3540.0526,0
21.231,3540.3523,0
21.232,3540.6520,0
21.233,3540.9517,0
21.234,3541.2514,0
21.235,3541.5511,0
21.236,3541.8509,0
21.237,3542.1506,0
21.238,3542.4503,0
21.239,3542.7500,0
21.240,3543.0497,0
21.241,3543.3494,0
21.242,3543.6492,0
21.243,3543.9489,0
21.244,3544.2486,0
21.245,3544.5483,0
21.246,3544.8480,0
21.247,3545.1477,0
21.248,3545.4474,0
21.249,3545.7472,0
21.250,3546.0469,0
21.251,3546.3466,0
21.252,3546.6463,0
21.253,3546.9460,0
21.254,3547.2457,0
21.255,3547.5455,0
21.256,3547.8452,0
21.257,3548.1449,0
21.258,3548.4446,0
21.259,3548.7443,0
21.260,3549.0440,0
21.261,3549.3438,0
21.262,3549.6435,0
21.263,3549.9432,0
21.264,3550.2429,0
21.265,3550.5426,0
21.266,3550.8423,0
21.267,3551.1421,0
21.268,3551.4418,0
21.269,3551.7415,0
21.270,3552.0412,0
21.271,3552.3409,0
21.272,3552.6406,0
21.273,3552.9404,0
21.274,3553.2401,0
21.275,3553.5398,0
21.276,3553.8395,0
21.277,3554.1392,0
21.278,3554.4389,0
21.279,3554.7386,0
21.280,3555.0384,0
21.281,3555.3381,0
21.282,3555.6378,0
21.283,3555.9375,0
21.284,3556.2372,0
21.285,3556.5369,0
21.286,3556.8367,0
21.287,3557.1364,0
21.288,3557.4361,0
21.289,3557.7358,0
21.290,3558.0355,0
21.291,3558.3352,0
21.292,3558.6350,0
21.293,3558.9347,0
21.294,3559.2344,0
21.295,3559.5341,0
21.296,3559.8338,0
21.297,3560.1335,0
21.298,3560.4333,0
21.299,3560.7330,0
21.300,3561.0327,0
21.301,3561.3324,0
21.302,3561.6321,0
21.303,3561.9318,0
21.304,3562.2315,0
21.305,3562.5313,0
21.306,3562.8310,0
21.307,3563.1307,0
21.308,3563.4304,0
21.309,3563.7301,0
21.310,3564.0298,0
21.311,3564.3296,0
21.312,3564.6293,0
21.313,3564.9290,0
21.314,3565.2287,0
21.315,3565.5284,0
21.316,3565.8281,0
21.317,3566.1279,0
21.318,3566.4276,0
21.319,3566.7273,0
21.320,3567.0270,0
21.321,3567.3267,0
21.322,3567.6264,0
21.323,3567.9262,0
21.324,3568.2259,0
21.325,3568.5256,0
21.326,3568.8253,0
21.327,3569.1250,0
21.328,3569.4247,0
21.329,3569.7245,0
21.330,3570.0242,0
21.331,3570.3239,0
21.332,3570.6236,0
21.333,3570.9233,0
21.334,3571.2230,0
21.335,3571.5227,0
21.336,3571.8225,0
21.337,3572.1222,0
21.338,3572.4219,0
21.339,3572.7216,0
21.340,3573.0213,0
21.341,3573.3210,0
21.342,3573.6208,0
21.343,3573.9205,0
21.344,3574.2202,0
21.345,3574.5199,0
21.346,3574.8196,0
21.347,3575.1193,0
21.348,3575.4191,0
21.349,3575.7188,0
21.350,3576.0185,0
21.351,3576.3182,0
21.352,3576.6179,0
21.353,3576.9176,0
21.354,3577.2174,0
21.355,3577.5171,0
21.356,3577.8168,0
21.357,3578.1165,0
21.358,3578.4162,0
21.359,3578.7159,0
21.360,3579.0157,0
21.361,3579.3154,0
21.362,3579.6151,0
21.363,3579.9148,0
21.364,3580.2145,0
21.365,3580.5142,0
21.366,3580.8139,0
21.367,3581.1137,0
21.368,3581.4134,0
21.369,3581.7131,0
21.370,3582.0128,0
21.371,3582.3125,0
21.372,3582.6122,0
21.373,3582.9120,0
21.374,3583.2117,0
21.375,3583.5114,0
21.376,3583.8111,0
21.377,3584.1108,0
21.378,3584.4105,0
21.379,3584.7103,0
21.380,3585.0100,0
21.381,3585.3097,0
21.382,3585.6094,0
21.383,3585.9091,0
21.384,3586.2088,0
21.385,3586.5086,0
21.386,3586.8083,0
21.387,3587.1080,0
21.388,3587.4077,0
21.389,3587.7074,0
21.390,3588.0071,0
21.391,3588.3069,0
21.392,3588.6066,0
21.393,3588.9063,0
21.394,3589.2060,0
21.395,3589.5057,0
21.396,3589.8054,0
21.397,3590.1051,0
21.398,3590.4049,0
21.399,3590.7046,0
21.400,3591.0043,0
21.401,3591.3040,0
21.402,3591.6037,0
21.403,3591.9034,0
21.404,3592.2032,0
21.405,3592.5029,0
21.406,3592.8026,0
21.407,3593.1023,0
21.408,3593.4020,0
21.409,3593.7017,0
21.410,3594.0015,0
21.411,3594.3012,0
21.412,3594.6009,0
21.413,3594.9006,0
21.414,3595.2003,0
21.415,3595.5000,0
21.416,3595.7998,0
21.417,3596.0995,0
21.418,3596.3992,0
21.419,3596.6989,0
21.420,3596.9986,0
21.421,3597.2983,0
21.422,3597.5980,0
21.423,3597.8978,0
21.424,3598.1975,0
21.425,3598.4972,0
21.426,3598.7969,0
21.427,3599.0966,0
21.428,3599.3963,0
21.429,3599.6961,0
21.430,3599.9958,0
21.431,3600.2955,0
21.432,3600.5952,0
21.433,3600.8949,0
21.434,3601.1946,0
21.435,3601.4944,0
21.436,3601.7941,0
21.437,3602.0938,0
21.438,3602.3935,0
21.439,3602.6932,0
21.440,3602.9929,0
21.441,3603.2927,0
21.442,3603.5924,0
21.443,3603.8921,0
21.444,3604.1918,0
21.445,3604.4915,0
21.446,3604.7912,0
21.447,3605.0910,0
21.448,3605.3907,0
21.449,3605.6904,0
21.450,3605.9901,0
21.451,3606.2898,0
21.452,3606.5895,0
21.453,3606.8892,0
21.454,3607.1890,0
21.455,3607.4887,0
21.456,3607.7884,0
21.457,3608.0881,0
21.458,3608.3878,0
21.459,3608.6875,0
21.460,3608.9873,0
21.461,3609.2870,0
21.462,3609.5867,0
21.463,3609.8864,0
21.464,3610.1861,0
21.465,3610.4858,0
21.466,3610.7856,0
21.467,3611.0853,0
21.468,3611.3850,0
21.469,3611.6847,0
21.470,3611.9844,0
21.471,3612.2841,0
21.472,3612.5839,0
21.473,3612.8836,0
21.474,3613.1833,0
21.475,3613.4830,0
21.476,3613.7827,0
21.477,3614.0824,0
21.478,3614.3822,0
21.479,3614.6819,0
21.480,3614.9816,0
21.481,3615.2813,0
21.482,3615.5810,0
21.483,3615.8807,0
21.484,3616.1804,0
21.485,3616.4802,0
21.486,3616.7799,0
21.487,3617.0796,0
21.488,3617.3793,0
21.489,3617.6790,0
21.490,3617.9787,0
21.491,3618.2785,0
21.492,3618.5782,0
21.493,3618.8779,0
21.494,3619.1776,0
21.495,3619.4773,0
21.496,3619.7770,0
21.497,3620.0768,0
21.498,3620.3765,0
21.499,3620.6762,0
21.500,3620.9759,0
21.501,3621.2756,0
21.502,3621.5753,0
21.503,3621.8751,0
21.504,3622.1748,0
21.505,3622.4745,0
21.506,3622.7742,0
21.507,3623.0739,0
21.508,3623.3736,0
21.509,3623.6733,0
21.510,3623.9731,0
21.511,3624.2728,0
21.512,3624.5725,0
21.513,3624.8722,0
21.514,3625.1719,0
21.515,3625.4716,0
21.516,3625.7714,0
21.517,3626.0711,0
21.518,3626.3708,0
21.519,3626.6705,0
21.520,3626.9702,0
21.521,3627.2699,0
21.522,3627.5697,0
21.523,3627.8694,0
21.524,3628.1691,0
21.525,3628.4688,0
21.526,3628.7685,0
21.527,3629.0682,0
21.528,3629.3680,0
21.529,3629.6677,0
21.530,3629.9674,0
21.531,3630.2671,0
21.532,3630.5668,0
21.533,3630.8665,0
21.534,3631.1663,0
21.535,3631.4660,0
21.536,3631.7657,0
21.537,3632.0654,0
21.538,3632.3651,0
21.539,3632.6648,0
21.540,3632.9645,0
21.541,3633.2643,0
21.542,3633.5640,0
21.543,3633.8637,0
21.544,3634.1634,0
21.545,3634.4631,0
21.546,3634.7628,0
21.547,3635.0626,0
21.548,3635.3623,0
21.549,3635.6620,0
21.550,3635.9617,0
21.551,3636.2614,0
21.552,3636.5611,0
21.553,3636.8609,0
21.554,3637.1606,0
21.555,3637.4603,0
21.556,3637.7600,0
21.557,3638.0597,0
21.558,3638.3594,0
21.559,3638.6592,0
21.560,3638.9589,0
21.561,3639.2586,0
21.562,3639.5583,0
21.563,3639.8580,0
21.564,3640.1577,0
21.565,3640.4575,0
21.566,3640.7572,0
21.567,3641.0569,0
21.568,3641.3566,0
21.569,3641.6563,0
21.570,3641.9560,0
21.571,3642.2557,0
21.572,3642.5555,0
21.573,3642.8552,0
21.574,3643.1549,0
21.575,3643.4546,0
21.576,3643.7543,0
21.577,3644.0540,0
21.578,3644.3538,0
21.579,3644.6535,0
21.580,3644.9532,0
21.581,3645.2529,0
21.582,3645.5526,0
21.583,3645.8523,0
21.584,3646.1521,0
21.585,3646.4518,0
21.586,3646.7515,0
21.587,3647.0512,0
21.588,3647.3509,0
21.589,3647.6506,0
21.590,3647.9504,0
21.591,3648.2501,0
21.592,3648.5498,0
21.593,3648.8495,0
21.594,3649.1492,0
21.595,3649.4489,0
21.596,3649.7487,0
21.597,3650.0484,0
21.598,3650.3481,0
21.599,3650.6478,0
21.600,3650.9475,0
21.601,3651.2472,0
21.602,3651.5469,0
21.603,3651.8467,0
21.604,3652.1464,0
21.605,3652.4461,0
21.606,3652.7458,0
21.607,3653.0455,0
21.608,3653.3452,0
21.609,3653.6450,0
21.610,3653.9447,0
21.611,3654.2444,0
21.612,3654.5441,0
21.613,3654.8438,0
21.614,3655.1435,0
21.615,3655.4433,0
21.616,3655.7430,0
21.617,3656.0427,0
21.618,3656.3424,0
21.619,3656.6421,0
21.620,3656.9418,0
21.621,3657.2416,0
21.622,3657.5413,0
21.623,3657.8410,0
21.624,3658.1407,0
21.625,3658.4404,0
21.626,3658.7401,0
21.627,3659.0398,0
21.628,3659.3396,0
21.629,3659.6393,0
21.630,3659.9390,0
21.631,3660.2387,0
21.632,3660.5384,0
21.633,3660.8381,0
21.634,3661.1379,0
21.635,3661.4376,0
21.636,3661.7373,0
21.637,3662.0370,0
21.638,3662.3367,0
21.639,3662.6364,0
21.640,3662.9362,0
21.641,3663.2359,0
21.642,3663.5356,0
21.643,3663.8353,0
21.644,3664.1350,0
21.645,3664.4347,0
21.646,3664.7345,0
21.647,3665.0342,0
21.648,3665.3339,0
21.649,3665.6336,0
21.650,3665.9333,0
21.651,3666.2330,0
21.652,3666.5328,0
21.653,3666.8325,0
21.654,3667.1322,0
21.655,3667.4319,0
21.656,3667.7316,0
21.657,3668.0313,0
21.658,3668.3310,0
21.659,3668.6308,0
21.660,3668.9305,0
21.661,3669.2302,0
21.662,3669.5299,0
21.663,3669.8296,0
21.664,3670.1293,0
21.665,3670.4291,0
21.666,3670.7288,0
21.667,3671.0285,0
21.668,3671.3282,0
21.669,3671.6279,0
21.670,3671.9276,0
21.671,3672.2274,0
21.672,3672.5271,0
21.673,3672.8268,0
21.674,3673.1265,0
21.675,3673.4262,0
21.676,3673.7259,0
21.677,3674.0257,0
21.678,3674.3254,0
21.679,3674.6251,0
21.680,3674.9248,0
21.681,3675.2245,0
21.682,3675.5242,0
21.683,3675.8240,0
21.684,3676.1237,0
21.685,3676.4234,0
21.686,3676.7231,0
21.687,3677.0228,0
21.688,3677.3225,0
21.689,3677.6222,0
21.690,3677.9220,0
21.691,3678.2217,0
21.692,3678.5214,0
21.693,3678.8211,0
21.694,3679.1208,0
21.695,3679.4205,0
21.696,3679.7203,0
21.697,3680.0200,0
21.698,3680.3197,0
21.699,3680.6194,0
21.700,3680.9191,0
21.701,3681.2188,0
21.702,3681.5186,0
21.703,3681.8183,0
21.704,3682.1180,0
21.705,3682.4177,0
21.706,3682.7174,0
21.707,3683.0171,0
21.708,3683.3169,0
21.709,3683.6166,0
21.710,3683.9163,0
21.711,3684.2160,0
21.712,3684.5157,0
21.713,3684.8154,0
21.714,3685.1152,0
21.715,3685.4149,0
21.716,3685.7146,0
21.717,3686.0143,0
21.718,3686.3140,0
21.719,3686.6137,0
21.720,3686.9134,0
21.721,3687.2132,0
21.722,3687.5129,0
21.723,3687.8126,0
21.724,3688.1123,0
21.725,3688.4120,0
21.726,3688.7117,0
21.727,3689.0115,0
21.728,3689.3112,0
21.729,3689.6109,0
21.730,3689.9106,0
21.731,3690.2103,0
21.732,3690.5100,0
21.733,3690.8098,0
21.734,3691.1095,0
21.735,3691.4092,0
21.736,3691.7089,0
21.737,3692.0086,0
21.738,3692.3083,0
21.739,3692.6081,0
21.740,3692.9078,0
21.741,3693.2075,0
21.742,3693.5072,0
21.743,3693.8069,0
21.744,3694.1066,0
21.745,3694.4064,0
21.746,3694.7061,0
21.747,3695.0058,0
21.748,3695.3055,0
21.749,3695.6052,0
21.750,3695.9049,0
21.751,3696.2046,0
21.752,3696.5044,0
21.753,3696.8041,0
21.754,3697.1038,0
21.755,3697.4035,0
21.756,3697.7032,0
21.757,3698.0029,0
21.758,3698.3027,0
21.759,3698.6024,0
21.760,3698.9021,0
21.761,3699.2018,0
21.762,3699.5015,0
21.763,3699.8012,0
21.764,3700.1010,0
21.765,3700.4007,0
21.766,3700.7004,0
21.767,3701.0001,0
21.768,3701.2998,0
21.769,3701.5995,0
21.770,3701.8993,0
21.771,3702.1990,0
21.772,3702.4987,0
21.773,3702.7984,0
21.774,3703.0981,0
21.775,3703.3978,0
21.776,3703.6976,0
21.777,3703.9973,0
21.778,3704.2970,0
21.779,3704.5967,0
21.780,3704.8964,0
21.781,3705.1961,0
21.782,3705.4958,0
21.783,3705.7956,0
21.784,3706.0953,0
21.785,3706.3950,0
21.786,3706.6947,0
21.787,3706.9944,0
21.788,3707.2941,0
21.789,3707.5939,0
21.790,3707.8936,0
21.791,3708.1933,0
21.792,3708.4930,0
21.793,3708.7927,0
21.794,3709.0924,0
21.795,3709.3922,0
21.796,3709.6919,0
21.797,3709.9916,0
21.798,3710.2913,0
21.799,3710.5910,0
21.800,3710.8907,0
21.801,3711.1905,0
21.802,3711.4902,0
21.803,3711.7899,0
21.804,3712.0896,0
21.805,3712.3893,0
21.806,3712.6890,0
21.807,3712.9887,0
21.808,3713.2885,0
21.809,3713.5882,0
21.810,3713.8879,0
21.811,3714.1876,0
21.812,3714.4873,0
21.813,3714.7870,0
21.814,3715.0868,0
21.815,3715.3865,0
21.816,3715.6862,0
21.817,3715.9859,0
21.818,3716.2856,0
21.819,3716.5853,0
21.820,3716.8851,0
21.821,3717.1848,0
21.822,3717.4845,0
21.823,3717.7842,0
21.824,3718.0839,0
21.825,3718.3836,0
21.826,3718.6834,0
21.827,3718.9831,0
21.828,3719.2828,0
21.829,3719.5825,0
21.830,3719.8822,0
21.831,3720.1819,0
21.832,3720.4817,0
21.833,3720.7814,0
21.834,3721.0811,0
21.835,3721.3808,0
21.836,3721.6805,0
21.837,3721.9802,0
21.838,3722.2799,0
21.839,3722.5797,0
21.840,3722.8794,0
21.841,3723.1791,0
21.842,3723.4788,0
21.843,3723.7785,0
21.844,3724.0782,0
21.845,3724.3780,0
21.846,3724.6777,0
21.847,3724.9774,0
21.848,3725.2771,0
21.849,3725.5768,0
21.850,3725.8765,0
21.851,3726.1763,0
21.852,3726.4760,0
21.853,3726.7757,0
21.854,3727.0754,0
21.855,3727.3751,0
21.856,3727.6748,0
21.857,3727.9746,0
21.858,3728.2743,0
21.859,3728.5740,0
21.860,3728.8737,0
21.861,3729.1734,0
21.862,3729.4731,0
21.863,3729.7729,0
21.864,3730.0726,0
21.865,3730.3723,0
21.866,3730.6720,0
21.867,3730.9717,0
21.868,3731.2714,0
21.869,3731.5711,0
21.870,3731.8709,0
21.871,3732.1706,0
21.872,3732.4703,0
21.873,3732.7700,0
21.874,3733.0697,0
21.875,3733.3694,0
21.876,3733.6692,0
21.877,3733.9689,0
21.878,3734.2686,0
21.879,3734.5683,0
21.880,3734.8680,0
21.881,3735.1677,0
21.882,3735.4675,0
21.883,3735.7672,0
21.884,3736.0669,0
21.885,3736.3666,0
21.886,3736.6663,0
21.887,3736.9660,0
21.888,3737.2658,0
21.889,3737.5655,0
21.890,3737.8652,0
21.891,3738.1649,0
21.892,3738.4646,0
21.893,3738.7643,0
21.894,3739.0641,0
21.895,3739.3638,0
21.896,3739.6635,0
21.897,3739.9632,0
21.898,3740.2629,0
21.899,3740.5626,0
21.900,3740.8623,0
21.901,3741.1621,0
21.902,3741.4618,0
21.903,3741.7615,0
21.904,3742.0612,0
21.905,3742.3609,0
21.906,3742.6606,0
21.907,3742.9604,0
21.908,3743.2601,0
21.909,3743.5598,0
21.910,3743.8595,0
21.911,3744.1592,0
21.912,3744.4589,0
21.913,3744.7587,0
21.914,3745.0584,0
21.915,3745.3581,0
21.916,3745.6578,0
21.917,3745.9575,0
21.918,3746.2572,0
21.919,3746.5570,0
21.920,3746.8567,0
21.921,3747.1564,0
21.922,3747.4561,0
21.923,3747.7558,0
21.924,3748.0555,0
21.925,3748.3553,0
21.926,3748.6550,0
21.927,3748.9547,0
21.928,3749.2544,0
21.929,3749.5541,0
21.930,3749.8538,0
21.931,3750.1535,0
21.932,3750.4533,0
21.933,3750.7530,0
21.934,3751.0527,0
21.935,3751.3524,0
21.936,3751.6521,0
21.937,3751.9518,0
21.938,3752.2516,0
21.939,3752.5513,0
21.940,3752.8510,0
21.941,3753.1507,0
21.942,3753.4504,0
21.943,3753.7501,0
21.944,3754.0499,0
21.945,3754.3496,0
21.946,3754.6493,0
21.947,3754.9490,0
21.948,3755.2487,0
21.949,3755.5484,0
21.950,3755.8482,0
21.951,3756.1479,0
21.952,3756.4476,0
21.953,3756.7473,0
21.954,3757.0470,0
21.955,3757.3467,0
21.956,3757.6465,0
21.957,3757.9462,0
21.958,3758.2459,0
21.959,3758.5456,0
21.960,3758.8453,0
21.961,3759.1450,0
21.962,3759.4447,0
21.963,3759.7445,0
21.964,3760.0442,0
21.965,3760.3439,0
21.966,3760.6436,0
21.967,3760.9433,0
21.968,3761.2430,0
21.969,3761.5428,0
21.970,3761.8425,0
21.971,3762.1422,0
21.972,3762.4419,0
21.973,3762.7416,0
21.974,3763.0413,0
21.975,3763.3411,0
21.976,3763.6408,0
21.977,3763.9405,0
21.978,3764.2402,0
21.979,3764.5399,0
21.980,3764.8396,0
21.981,3765.1394,0
21.982,3765.4391,0
21.983,3765.7388,0
21.984,3766.0385,0
21.985,3766.3382,0
21.986,3766.6379,0
21.987,3766.9377,0
21.988,3767.2374,0
21.989,3767.5371,0
21.990,3767.8368,0
21.991,3768.1365,0
21.992,3768.4362,0
21.993,3768.7359,0
21.994,3769.0357,0
21.995,3769.3354,0
21.996,3769.6351,0
21.997,3769.9348,0
21.998,3770.2345,0
21.999,3770.5342,0
22.000,3770.8340,0
22.001,3771.1337,0
22.002,3771.4334,0
22.003,3771.7331,0
22.004,3772.0328,0
22.005,3772.3325,0
22.006,3772.6323,0
22.007,3772.9320,0
22.008,3773.2317,0
22.009,3773.5314,0
22.010,3773.8311,0
22.011,3774.1308,0
22.012,3774.4306,0
22.013,3774.7303,0
22.014,3775.0300,0
22.015,3775.3297,0
22.016,3775.6294,0
22.017,3775.9291,0
22.018,3776.2289,0
22.019,3776.5286,0
22.020,3776.8283,0
22.021,3777.1280,0
22.022,3777.4277,0
22.023,3777.7274,0
22.024,3778.0271,0
22.025,3778.3269,0
22.026,3778.6266,0
22.027,3778.9263,0
22.028,3779.2260,0
22.029,3779.5257,0
22.030,3779.8254,0
22.031,3780.1252,0
22.032,3780.4249,0
22.033,3780.7246,0
22.034,3781.0243,0
22.035,3781.3240,0
22.036,3781.6237,0
22.037,3781.9235,0
22.038,3782.2232,0
22.039,3782.5229,0
22.040,3782.8226,0
22.041,3783.1223,0
22.042,3783.4220,0
22.043,3783.7218,0
22.044,3784.0215,0
22.045,3784.3212,0
22.046,3784.6209,0
22.047,3784.9206,0
22.048,3785.2203,0
22.049,3785.5200,0
22.050,3785.8198,0
22.051,3786.1195,0
22.052,3786.4192,0
22.053,3786.7189,0
22.054,3787.0186,0
22.055,3787.3183,0
22.056,3787.6181,0
22.057,3787.9178,0
22.058,3788.2175,0
22.059,3788.5172,0
22.060,3788.8169,0
22.061,3789.1166,0
22.062,3789.4164,0
22.063,3789.7161,0
22.064,3790.0158,0
22.065,3790.3155,0
22.066,3790.6152,0
22.067,3790.9149,0
22.068,3791.2147,0
22.069,3791.5144,0
22.070,3791.8141,0
22.071,3792.1138,0
22.072,3792.4135,0
22.073,3792.7132,0
22.074,3793.0130,0
22.075,3793.3127,0
22.076,3793.6124,0
22.077,3793.9121,0
22.078,3794.2118,0
22.079,3794.5115,0
22.080,3794.8112,0
22.081,3795.1110,0
22.082,3795.4107,0
22.083,3795.7104,0
22.084,3796.0101,0
22.085,3796.3098,0
22.086,3796.6095,0
22.087,3796.9093,0
22.088,3797.2090,0
22.089,3797.5087,0
22.090,3797.8084,0
22.091,3798.1081,0
22.092,3798.4078,0
22.093,3798.7076,0
22.094,3799.0073,0
22.095,3799.3070,0
22.096,3799.6067,0
22.097,3799.9064,0
22.098,3800.2061,0
22.099,3800.5059,0
22.100,3800.8056,0
22.101,3801.1053,0
22.102,3801.4050,0
22.103,3801.7047,0
22.104,3802.0044,0
22.105,3802.3042,0
22.106,3802.6039,0
22.107,3802.9036,0
22.108,3803.2033,0
22.109,3803.5030,0
22.110,3803.8027,0
22.111,3804.1024,0
22.112,3804.4022,0
22.113,3804.7019,0
22.114,3805.0016,0
22.115,3805.3013,0
22.116,3805.6010,0
22.117,3805.9007,0
22.118,3806.2005,0
22.119,3806.5002,0
22.120,3806.7999,0
22.121,3807.0996,0
22.122,3807.3993,0
22.123,3807.6990,0
22.124,3807.9988,0
22.125,3808.2985,0
22.126,3808.5982,0
22.127,3808.8979,0
22.128,3809.1976,0
22.129,3809.4973,0
22.130,3809.7971,0
22.131,3810.0968,0
22.132,3810.3965,0
22.133,3810.6962,0
22.134,3810.9959,0
22.135,3811.2956,0
22.136,3811.5954,0
22.137,3811.8951,0
22.138,3812.1948,0
22.139,3812.4945,0
22.140,3812.7942,0
22.141,3813.0939,0
22.142,3813.3936,0
22.143,3813.6934,0
22.144,3813.9931,0
22.145,3814.2928,0
22.146,3814.5925,0
22.147,3814.8922,0
22.148,3815.1919,0
22.149,3815.4917,0
22.150,3815.7914,0
22.151,3816.0911,0
22.152,3816.3908,0
22.153,3816.6905,0
22.154,3816.9902,0
22.155,3817.2900,0
22.156,3817.5897,0
22.157,3817.8894,0
22.158,3818.1891,0
22.159,3818.4888,0
22.160,3818.7885,0
22.161,3819.0883,0
22.162,3819.3880,0
22.163,3819.6877,0
22.164,3819.9874,0
22.165,3820.2871,0
22.166,3820.5868,0
22.167,3820.8866,0
22.168,3821.1863,0
22.169,3821.4860,0
22.170,3821.7857,0
22.171,3822.0854,0
22.172,3822.3851,0
22.173,3822.6848,0
22.174,3822.9846,0
22.175,3823.2843,0
22.176,3823.5840,0
22.177,3823.8837,0
22.178,3824.1834,0
22.179,3824.4831,0
22.180,3824.7829,0
22.181,3825.0826,0
22.182,3825.3823,0
22.183,3825.6820,0
22.184,3825.9817,0
22.185,3826.2814,0
22.186,3826.5812,0
22.187,3826.8809,0
22.188,3827.1806,0
22.189,3827.4803,0
22.190,3827.7800,0
22.191,3828.0797,0
22.192,3828.3795,0
22.193,3828.6792,0
22.194,3828.9789,0
22.195,3829.2786,0
22.196,3829.5783,0
22.197,3829.8780,0
22.198,3830.1778,0
22.199,3830.4775,0
22.200,3830.7772,0
22.201,3831.0769,0
22.202,3831.3766,0
22.203,3831.6763,0
22.204,3831.9760,0
22.205,3832.2758,0
22.206,3832.5755,0
22.207,3832.8752,0
22.208,3833.1749,0
22.209,3833.4746,0
22.210,3833.7743,0
22.211,3834.0741,0
22.212,3834.3738,0
22.213,3834.6735,0
22.214,3834.9732,0
22.215,3835.2729,0
22.216,3835.5726,0
22.217,3835.8724,0
22.218,3836.1721,0
22.219,3836.4718,0
22.220,3836.7715,0
22.221,3837.0712,0
22.222,3837.3709,0
22.223,3837.6707,0
22.224,3837.9704,0
22.225,3838.2701,0
22.226,3838.5698,0
22.227,3838.8695,0
22.228,3839.1692,0
22.229,3839.4690,0
22.230,3839.7687,0
22.231,3840.0684,0
22.232,3840.3681,0
22.233,3840.6678,0
22.234,3840.9675,0
22.235,3841.2672,0
22.236,3841.5670,0
22.237,3841.8667,0
22.238,3842.1664,0
22.239,3842.4661,0
22.240,3842.7658,0
22.241,3843.0655,0
22.242,3843.3653,0
22.243,3843.6650,0
22.244,3843.9647,0
22.245,3844.2644,0
22.246,3844.5641,0
22.247,3844.8638,0
22.248,3845.1636,0
22.249,3845.4633,0
22.250,3845.7630,0
22.251,3846.0627,0
22.252,3846.3624,0
22.253,3846.6621,0
22.254,3846.9619,0
22.255,3847.2616,0
22.256,3847.5613,0
22.257,3847.8610,0
22.258,3848.1607,0
22.259,3848.4604,0
22.260,3848.7602,0
22.261,3849.0599,0
22.262,3849.3596,0
22.263,3849.6593,0
22.264,3849.9590,0
22.265,3850.2587,0
22.266,3850.5584,0
22.267,3850.8582,0
22.268,3851.1579,0
22.269,3851.4576,0
22.270,3851.7573,0
22.271,3852.0570,0
22.272,3852.3567,0
22.273,3852.6565,0
22.274,3852.9562,0
22.275,3853.2559,0
22.276,3853.5556,0
22.277,3853.8553,0
22.278,3854.1550,0
22.279,3854.4548,0
22.280,3854.7545,0
22.281,3855.0542,0
22.282,3855.3539,0
22.283,3855.6536,0
22.284,3855.9533,0
22.285,3856.2531,0
22.286,3856.5528,0
22.287,3856.8525,0
22.288,3857.1522,0
22.289,3857.4519,0
22.290,3857.7516,0
22.291,3858.0514,0
22.292,3858.3511,0
22.293,3858.6508,0
22.294,3858.9505,0
22.295,3859.2502,0
22.296,3859.5499,0
22.297,3859.8496,0
22.298,3860.1494,0
22.299,3860.4491,0
22.300,3860.7488,0
22.301,3861.0485,0
22.302,3861.3482,0
22.303,3861.6479,0
22.304,3861.9477,0
22.305,3862.2474,0
22.306,3862.5471,0
22.307,3862.8468,0
22.308,3863.1465,0
22.309,3863.4462,0
22.310,3863.7460,0
22.311,3864.0457,0
22.312,3864.3454,0
22.313,3864.6451,0
22.314,3864.9448,0
22.315,3865.2445,0
22.316,3865.5443,0
22.317,3865.8440,0
22.318,3866.1437,0
22.319,3866.4434,0
22.320,3866.7431,0
22.321,3867.0428,0
22.322,3867.3426,0
22.323,3867.6423,0
22.324,3867.9420,0
22.325,3868.2417,0
22.326,3868.5414,0
22.327,3868.8411,0
22.328,3869.1408,0
22.329,3869.4406,0
22.330,3869.7403,0
22.331,3870.0400,0
22.332,3870.3397,0
22.333,3870.6394,0
22.334,3870.9391,0
22.335,3871.2389,0
22.336,3871.5386,0
22.337,3871.8383,0
22.338,3872.1380,0
22.339,3872.4377,0
22.340,3872.7374,0
22.341,3873.0372,0
22.342,3873.3369,0
22.343,3873.6366,0
22.344,3873.9363,0
22.345,3874.2360,0
22.346,3874.5357,0
22.347,3874.8355,0
22.348,3875.1352,0
22.349,3875.4349,0
22.350,3875.7346,0
22.351,3876.0343,0
22.352,3876.3340,0
22.353,3876.6338,0
22.354,3876.9335,0
22.355,3877.2332,0
22.356,3877.5329,0
22.357,3877.8326,0
22.358,3878.1323,0
22.359,3878.4320,0
22.360,3878.7318,0
22.361,3879.0315,0
22.362,3879.3312,0
22.363,3879.6309,0
22.364,3879.9306,0
22.365,3880.2303,0
22.366,3880.5301,0
22.367,3880.8298,0
22.368,3881.1295,0
22.369,3881.4292,0
22.370,3881.7289,0
22.371,3882.0286,0
22.372,3882.3284,0
22.373,3882.6281,0
22.374,3882.9278,0
22.375,3883.2275,0
22.376,3883.5272,0
22.377,3883.8269,0
22.378,3884.1267,0
22.379,3884.4264,0
22.380,3884.7261,0
22.381,3885.0258,0
22.382,3885.3255,0
22.383,3885.6252,0
22.384,3885.9250,0
22.385,3886.2247,0
22.386,3886.5244,0
22.387,3886.8241,0
22.388,3887.1238,0
22.389,3887.4235,0
22.390,3887.7232,0
22.391,3888.0230,0
22.392,3888.3227,0
22.393,3888.6224,0
22.394,3888.9221,0
22.395,3889.2218,0
22.396,3889.5215,0
22.397,3889.8213,0
22.398,3890.1210,0
22.399,3890.4207,0
22.400,3890.7204,0
22.401,3891.0201,0
22.402,3891.3198,0
22.403,3891.6196,0
22.404,3891.9193,0
22.405,3892.2190,0
22.406,3892.5187,0
22.407,3892.8184,0
22.408,3893.1181,0
22.409,3893.4179,0
22.410,3893.7176,0
22.411,3894.0173,0
22.412,3894.3170,0
22.413,3894.6167,0
22.414,3894.9164,0
22.415,3895.2162,0
22.416,3895.5159,0
22.417,3895.8156,0
22.418,3896.1153,0
22.419,3896.4150,0
22.420,3896.7147,0
22.421,3897.0144,0
22.422,3897.3142,0
22.423,3897.6139,0
22.424,3897.9136,0
22.425,3898.2133,0
22.426,3898.5130,0
22.427,3898.8127,0
22.428,3899.1125,0
22.429,3899.4122,0
22.430,3899.7119,0
22.431,3900.0116,0
22.432,3900.3113,0
22.433,3900.6110,0
22.434,3900.9108,0
22.435,3901.2105,0
22.436,3901.5102,0
22.437,3901.8099,0
22.438,3902.1096,0
22.439,3902.4093,0
22.440,3902.7091,0
22.441,3903.0088,0
22.442,3903.3085,0
22.443,3903.6082,0
22.444,3903.9079,0
22.445,3904.2076,0
22.446,3904.5074,0
22.447,3904.8071,0
22.448,3905.1068,0
22.449,3905.4065,0
22.450,3905.7062,0
22.451,3906.0059,0
22.452,3906.3057,0
22.453,3906.6054,0
22.454,3906.9051,0
22.455,3907.2048,0
22.456,3907.5045,0
22.457,3907.8042,0
22.458,3908.1039,0
22.459,3908.4037,0
22.460,3908.7034,0
22.461,3909.0031,0
22.462,3909.3028,0
22.463,3909.6025,0
22.464,3909.9022,0
22.465,3910.2020,0
22.466,3910.5017,0
22.467,3910.8014,0
22.468,3911.1011,0
22.469,3911.4008,0
22.470,3911.7005,0
22.471,3912.0003,0
22.472,3912.3000,0
22.473,3912.5997,0
22.474,3912.8994,0
22.475,3913.1991,0
22.476,3913.4988,0
22.477,3913.7986,0
22.478,3914.0983,0
22.479,3914.3980,0
22.480,3914.6977,0
22.481,3914.9974,0
22.482,3915.2971,0
22.483,3915.5969,0
22.484,3915.8966,0
22.485,3916.1963,0
22.486,3916.4960,0
22.487,3916.7957,0
22.488,3917.0954,0
22.489,3917.3951,0
22.490,3917.6949,0
22.491,3917.9946,0
22.492,3918.2943,0
22.493,3918.5940,0
22.494,3918.8937,0
22.495,3919.1934,0
22.496,3919.4932,0
22.497,3919.7929,0
22.498,3920.0926,0
22.499,3920.3923,0
22.500,3920.6920,0
22.501,3920.9917,0
22.502,3921.2915,0
22.503,3921.5912,0
22.504,3921.8909,0
22.505,3922.1906,0
22.506,3922.4903,0
22.507,3922.7900,0
22.508,3923.0898,0
22.509,3923.3895,0
22.510,3923.6892,0
22.511,3923.9889,0
22.512,3924.2886,0
22.513,3924.5883,0
22.514,3924.8881,0
22.515,3925.1878,0
22.516,3925.4875,0
22.517,3925.7872,0
22.518,3926.0869,0
22.519,3926.3866,0
22.520,3926.6863,0
22.521,3926.9861,0
22.522,3927.2858,0
22.523,3927.5855,0
22.524,3927.8852,0
22.525,3928.1849,0
22.526,3928.4846,0
22.527,3928.7844,0
22.528,3929.0841,0
22.529,3929.3838,0
22.530,3929.6835,0
22.531,3929.9832,0
22.532,3930.2829,0
22.533,3930.5827,0
22.534,3930.8824,0
22.535,3931.1821,0
22.536,3931.4818,0
22.537,3931.7815,0
22.538,3932.0812,0
22.539,3932.3810,0
22.540,3932.6807,0
22.541,3932.9804,0
22.542,3933.2801,0
22.543,3933.5798,0
22.544,3933.8795,0
22.545,3934.1793,0
22.546,3934.4790,0
22.547,3934.7787,0
22.548,3935.0784,0
22.549,3935.3781,0
22.550,3935.6778,0
22.551,3935.9775,0
22.552,3936.2773,0
22.553,3936.5770,0
22.554,3936.8767,0
22.555,3937.1764,0
22.556,3937.4761,0
22.557,3937.7758,0
22.558,3938.0756,0
22.559,3938.3753,0
22.560,3938.6750,0
22.561,3938.9747,0
22.562,3939.2744,0
22.563,3939.5741,0
22.564,3939.8739,0
22.565,3940.1736,0
22.566,3940.4733,0
22.567,3940.7730,0
22.568,3941.0727,0
22.569,3941.3724,0
22.570,3941.6722,0
22.571,3941.9719,0
22.572,3942.2716,0
22.573,3942.5713,0
22.574,3942.8710,0
22.575,3943.1707,0
22.576,3943.4705,0
22.577,3943.7702,0
22.578,3944.0699,0
22.579,3944.3696,0
22.580,3944.6693,0
22.581,3944.9690,0
22.582,3945.2687,0
22.583,3945.5685,0
22.584,3945.8682,0
22.585,3946.1679,0
22.586,3946.4676,0
22.587,3946.7673,0
22.588,3947.0670,0
22.589,3947.3668,0
22.590,3947.6665,0
22.591,3947.9662,0
22.592,3948.2659,0
22.593,3948.5656,0
22.594,3948.8653,0
22.595,3949.1651,0
22.596,3949.4648,0
22.597,3949.7645,0
22.598,3950.0642,0
22.599,3950.3639,0
22.600,3950.6636,0
22.601,3950.9634,0
22.602,3951.2631,0
22.603,3951.5628,0
22.604,3951.8625,0
22.605,3952.1622,0
22.606,3952.4619,0
22.607,3952.7617,0
22.608,3953.0614,0
22.609,3953.3611,0
22.610,3953.6608,0
22.611,3953.9605,0
22.612,3954.2602,0
22.613,3954.5599,0
22.614,3954.8597,0
22.615,3955.1594,0
22.616,3955.4591,0
22.617,3955.7588,0
22.618,3956.0585,0
22.619,3956.3582,0
22.620,3956.6580,0
22.621,3956.9577,0
22.622,3957.2574,0
22.623,3957.5571,0
22.624,3957.8568,0
22.625,3958.1565,0
22.626,3958.4563,0
22.627,3958.7560,0
22.628,3959.0557,0
22.629,3959.3554,0
22.630,3959.6551,0
22.631,3959.9548,0
22.632,3960.2546,0
22.633,3960.5543,0
22.634,3960.8540,0
22.635,3961.1537,0
22.636,3961.4534,0
22.637,3961.7531,0
22.638,3962.0529,0
22.639,3962.3526,0
22.640,3962.6523,0
22.641,3962.9520,0
22.642,3963.2517,0
22.643,3963.5514,0
22.644,3963.8511,0
22.645,3964.1509,0
22.646,3964.4506,0
22.647,3964.7503,0
22.648,3965.0500,0
22.649,3965.3497,0
22.650,3965.6494,0
22.651,3965.9492,0
22.652,3966.2489,0
22.653,3966.5486,0
22.654,3966.8483,0
22.655,3967.1480,0
22.656,3967.4477,0
22.657,3967.7475,0
22.658,3968.0472,0
22.659,3968.3469,0
22.660,3968.6466,0
22.661,3968.9463,0
22.662,3969.2460,0
22.663,3969.5458,0
22.664,3969.8455,0
22.665,3970.1452,0
22.666,3970.4449,0
22.667,3970.7446,0
22.668,3971.0443,0
22.669,3971.3441,0
22.670,3971.6438,0
22.671,3971.9435,0
22.672,3972.2432,0
22.673,3972.5429,0
22.674,3972.8426,0
22.675,3973.1423,0
22.676,3973.4421,0
22.677,3973.7418,0
22.678,3974.0415,0
22.679,3974.3412,0
22.680,3974.6409,0
22.681,3974.9406,0
22.682,3975.2404,0
22.683,3975.5401,0
22.684,3975.8398,0
22.685,3976.1395,0
22.686,3976.4392,0
22.687,3976.7389,0
22.688,3977.0387,0
22.689,3977.3384,0
22.690,3977.6381,0
22.691,3977.9378,0
22.692,3978.2375,0
22.693,3978.5372,0
22.694,3978.8370,0
22.695,3979.1367,0
22.696,3979.4364,0
22.697,3979.7361,0
22.698,3980.0358,0
22.699,3980.3355,0
22.700,3980.6353,0
22.701,3980.9350,0
22.702,3981.2347,0
22.703,3981.5344,0
22.704,3981.8341,0
22.705,3982.1338,0
22.706,3982.4335,0
22.707,3982.7333,0
22.708,3983.0330,0
22.709,3983.3327,0
22.710,3983.6324,0
22.711,3983.9321,0
22.712,3984.2318,0
22.713,3984.5316,0
22.714,3984.8313,0
22.715,3985.1310,0
22.716,3985.4307,0
22.717,3985.7304,0
22.718,3986.0301,0
22.719,3986.3299,0
22.720,3986.6296,0
22.721,3986.9293,0
22.722,3987.2290,0
22.723,3987.5287,0
22.724,3987.8284,0
22.725,3988.1282,0
22.726,3988.4279,0
22.727,3988.7276,0
22.728,3989.0273,0
22.729,3989.3270,0
22.730,3989.6267,0
22.731,3989.9265,0
22.732,3990.2262,0
22.733,3990.5259,0
22.734,3990.8256,0
22.735,3991.1253,0
22.736,3991.4250,0
22.737,3991.7248,0
22.738,3992.0245,0
22.739,3992.3242,0
22.740,3992.6239,0
22.741,3992.9236,0
22.742,3993.2233,0
22.743,3993.5230,0
22.744,3993.8228,0
22.745,3994.1225,0
22.746,3994.4222,0
22.747,3994.7219,0
22.748,3995.0216,0
22.749,3995.3213,0
22.750,3995.6211,0
22.751,3995.9208,0
22.752,3996.2205,0
22.753,3996.5202,0
22.754,3996.8199,0
22.755,3997.1196,0
22.756,3997.4194,0
22.757,3997.7191,0
22.758,3998.0188,0
22.759,3998.3185,0
22.760,3998.6182,0
22.761,3998.9179,0
22.762,3999.2177,0
22.763,3999.5174,0
22.764,3999.8171,0
22.765,4000.1168,0
22.766,4000.4165,0
22.767,4000.7162,0
22.768,4001.0160,0
22.769,4001.3157,0
22.770,4001.6154,0
22.771,4001.9151,0
22.772,4002.2148,0
22.773,4002.5145,0
22.774,4002.8142,0
22.775,4003.1140,0
22.776,4003.4137,0
22.777,4003.7134,0
22.778,4004.0131,0
22.779,4004.3128,0
22.780,4004.6125,0
22.781,4004.9123,0
22.782,4005.2120,0
22.783,4005.5117,0
22.784,4005.8114,0
22.785,4006.1111,0
22.786,4006.4108,0
22.787,4006.7106,0
22.788,4007.0103,0
22.789,4007.3100,0
22.790,4007.6097,0
22.791,4007.9094,0
22.792,4008.2091,0
22.793,4008.5089,0
22.794,4008.8086,0
22.795,4009.1083,0
22.796,4009.4080,0
22.797,4009.7077,0
22.798,4010.0074,0
22.799,4010.3072,0
22.800,4010.6069,0
22.801,4010.9066,0
22.802,4011.2063,0
22.803,4011.5060,0
22.804,4011.8057,0
22.805,4012.1054,0
22.806,4012.4052,0
22.807,4012.7049,0
22.808,4013.0046,0
22.809,4013.3043,0
22.810,4013.6040,0
22.811,4013.9037,0
22.812,4014.2035,0
22.813,4014.5032,0
22.814,4014.8029,0
22.815,4015.1026,0
22.816,4015.4023,0
22.817,4015.7020,0
22.818,4016.0018,0
22.819,4016.3015,0
22.820,4016.6012,0
22.821,4016.9009,0
22.822,4017.2006,0
22.823,4017.5003,0
22.824,4017.8001,0
22.825,4018.0998,0
22.826,4018.3995,0
22.827,4018.6992,0
22.828,4018.9989,0
22.829,4019.2986,0
22.830,4019.5984,0
22.831,4019.8981,0
22.832,4020.1978,0
22.833,4020.4975,0
22.834,4020.7972,0
22.835,4021.0969,0
22.836,4021.3966,0
22.837,4021.6964,0
22.838,4021.9961,0
22.839,4022.2958,0
22.840,4022.5955,0
22.841,4022.8952,0
22.842,4023.1949,0
22.843,4023.4947,0
22.844,4023.7944,0
22.845,4024.0941,0
22.846,4024.3938,0
22.847,4024.6935,0
22.848,4024.9932,0
22.849,4025.2930,0
22.850,4025.5927,0
22.851,4025.8924,0
22.852,4026.1921,0
22.853,4026.4918,0
22.854,4026.7915,0
22.855,4027.0913,0
22.856,4027.3910,0
22.857,4027.6907,0
22.858,4027.9904,0
22.859,4028.2901,0
22.860,4028.5898,0
22.861,4028.8896,0
22.862,4029.1893,0
22.863,4029.4890,0
22.864,4029.7887,0
22.865,4030.0884,0
22.866,4030.3881,0
22.867,4030.6878,0
22.868,4030.9876,0
22.869,4031.2873,0
22.870,4031.5870,0
22.871,4031.8867,0
22.872,4032.1864,0
22.873,4032.4861,0
22.874,4032.7859,0
22.875,4033.0856,0
22.876,4033.3853,0
22.877,4033.6850,0
22.878,4033.9847,0
22.879,4034.2844,0
22.880,4034.5842,0
22.881,4034.8839,0
22.882,4035.1836,0
22.883,4035.4833,0
22.884,4035.7830,0
22.885,4036.0827,0
22.886,4036.3825,0
22.887,4036.6822,0
22.888,4036.9819,0
22.889,4037.2816,0
22.890,4037.5813,0
22.891,4037.8810,0
22.892,4038.1808,0
22.893,4038.4805,0
22.894,4038.7802,0
22.895,4039.0799,0
22.896,4039.3796,0
22.897,4039.6793,0
22.898,4039.9791,0
22.899,4040.2788,0
22.900,4040.5785,0
22.901,4040.8782,0
22.902,4041.1779,0
22.903,4041.4776,0
22.904,4041.7773,0
22.905,4042.0771,0
22.906,4042.3768,0
22.907,4042.6765,0
22.908,4042.9762,0
22.909,4043.2759,0
22.910,4043.5756,0
22.911,4043.8754,0
22.912,4044.1751,0
22.913,4044.4748,0
22.914,4044.7745,0
22.915,4045.0742,0
22.916,4045.3739,0
22.917,4045.6737,0
22.918,4045.9734,0
22.919,4046.2731,0
22.920,4046.5728,0
22.921,4046.8725,0
22.922,4047.1722,0
22.923,4047.4720,0
22.924,4047.7717,0
22.925,4048.0714,0
22.926,4048.3711,0
22.927,4048.6708,0
22.928,4048.9705,0
22.929,4049.2703,0
22.930,4049.5700,0
22.931,4049.8697,0
22.932,4050.1694,0
22.933,4050.4691,0
22.934,4050.7688,0
22.935,4051.0685,0
22.936,4051.3683,0
22.937,4051.6680,0
22.938,4051.9677,0
22.939,4052.2674,0
22.940,4052.5671,0
22.941,4052.8668,0
22.942,4053.1666,0
22.943,4053.4663,0
22.944,4053.7660,0
22.945,4054.0657,0
22.946,4054.3654,0
22.947,4054.6651,0
22.948,4054.9649,0
22.949,4055.2646,0
22.950,4055.5643,0
22.951,4055.8640,0
22.952,4056.1637,0
22.953,4056.4634,0
22.954,4056.7632,0
22.955,4057.0629,0
22.956,4057.3626,0
22.957,4057.6623,0
22.958,4057.9620,0
22.959,4058.2617,0
22.960,4058.5615,0
22.961,4058.8612,0
22.962,4059.1609,0
22.963,4059.4606,0
22.964,4059.7603,0
22.965,4060.0600,0
22.966,4060.3597,0
22.967,4060.6595,0
22.968,4060.9592,0
22.969,4061.2589,0
22.970,4061.5586,0
22.971,4061.8583,0
22.972,4062.1580,0
22.973,4062.4578,0
22.974,4062.7575,0
22.975,4063.0572,0
22.976,4063.3569,0
22.977,4063.6566,0
22.978,4063.9563,0
22.979,4064.2561,0
22.980,4064.5558,0
22.981,4064.8555,0
22.982,4065.1552,0
22.983,4065.4549,0
22.984,4065.7546,0
22.985,4066.0544,0
22.986,4066.3541,0
22.987,4066.6538,0
22.988,4066.9535,0
22.989,4067.2532,0
22.990,4067.5529,0
22.991,4067.8527,0
22.992,4068.1524,0
22.993,4068.4521,0
22.994,4068.7518,0
22.995,4069.0515,0
22.996,4069.3512,0
22.997,4069.6509,0
22.998,4069.9507,0
22.999,4070.2504,0
23.000,4070.5501,0
23.001,4070.8498,0
23.002,4071.1495,0
23.003,4071.4492,0
23.004,4071.7490,0
23.005,4072.0487,0
23.006,4072.3484,0
23.007,4072.6481,0
23.008,4072.9478,0
23.009,4073.2475,0
23.010,4073.5473,0
23.011,4073.8470,0
23.012,4074.1467,0
23.013,4074.4464,0
23.014,4074.7461,0
23.015,4075.0458,0
23.016,4075.3456,0
23.017,4075.6453,0
23.018,4075.9450,0
23.019,4076.2447,0
23.020,4076.5444,0
23.021,4076.8441,0
23.022,4077.1439,0
23.023,4077.4436,0
23.024,4077.7433,0
23.025,4078.0430,0
23.026,4078.3427,0
23.027,4078.6424,0
23.028,4078.9421,0
23.029,4079.2419,0
23.030,4079.5416,0
23.031,4079.8413,0
23.032,4080.1410,0
23.033,4080.4407,0
23.034,4080.7404,0
23.035,4081.0402,0
23.036,4081.3399,0
23.037,4081.6396,0
23.038,4081.9393,0
23.039,4082.2390,0
23.040,4082.5387,0
23.041,4082.8385,0
23.042,4083.1382,0
23.043,4083.4379,0
23.044,4083.7376,0
23.045,4084.0373,0
23.046,4084.3370,0
23.047,4084.6368,0
23.048,4084.9365,0
23.049,4085.2362,0
23.050,4085.5359,0
23.051,4085.8356,0
23.052,4086.1353,0
23.053,4086.4351,0
23.054,4086.7348,0
23.055,4087.0345,0
23.056,4087.3342,0
23.057,4087.6339,0
23.058,4087.9336,0
23.059,4088.2334,0
23.060,4088.5331,0
23.061,4088.8328,0
23.062,4089.1325,0
23.063,4089.4322,0
23.064,4089.7319,0
23.065,4090.0316,0
23.066,4090.3314,0
23.067,4090.6311,0
23.068,4090.9308,0
23.069,4091.2305,0
23.070,4091.5302,0
23.071,4091.8299,0
23.072,4092.1297,0
23.073,4092.4294,0
23.074,4092.7291,0
23.075,4093.0288,0
23.076,4093.3285,0
23.077,4093.6282,0
23.078,4093.9280,0
23.079,4094.2277,0
23.080,4094.5274,0
23.081,4094.8271,0
23.082,4095.1268,0
23.083,4095.4265,0
23.084,4095.7263,0
23.085,4096.0260,0
23.086,4096.3257,0
23.087,4096.6254,0
23.088,4096.9251,0
23.089,4097.2248,0
23.090,4097.5246,0
23.091,4097.8243,0
23.092,4098.1240,0
23.093,4098.4237,0
23.094,4098.7234,0
23.095,4099.0231,0
23.096,4099.3228,0
23.097,4099.6226,0
23.098,4099.9223,0
23.099,4100.2220,0
23.100,4100.5217,0
23.101,4100.8214,0
23.102,4101.1211,0
23.103,4101.4209,0
23.104,4101.7206,0
23.105,4102.0203,0
23.106,4102.3200,0
23.107,4102.6197,0
23.108,4102.9194,0
23.109,4103.2192,0
23.110,4103.5189,0
23.111,4103.8186,0
23.112,4104.1183,0
23.113,4104.4180,0
23.114,4104.7177,0
23.115,4105.0175,0
23.116,4105.3172,0
23.117,4105.6169,0
23.118,4105.9166,0
23.119,4106.2163,0
23.120,4106.5160,0
23.121,4106.8158,0
23.122,4107.1155,0
23.123,4107.4152,0
23.124,4107.7149,0
23.125,4108.0146,0
23.126,4108.3143,0
23.127,4108.6140,0
23.128,4108.9138,0
23.129,4109.2135,0
23.130,4109.5132,0
23.131,4109.8129,0
23.132,4110.1126,0
23.133,4110.4123,0
23.134,4110.7121,0
23.135,4111.0118,0
23.136,4111.3115,0
23.137,4111.6112,0
23.138,4111.9109,0
23.139,4112.2106,0
23.140,4112.5104,0
23.141,4112.8101,0
23.142,4113.1098,0
23.143,4113.4095,0
23.144,4113.7092,0
23.145,4114.0089,0
23.146,4114.3087,0
23.147,4114.6084,0
23.148,4114.9081,0
23.149,4115.2078,0
23.150,4115.5075,0
23.151,4115.8072,0
23.152,4116.1070,0
23.153,4116.4067,0
23.154,4116.7064,0
23.155,4117.0061,0
23.156,4117.3058,0
23.157,4117.6055,0
23.158,4117.9053,0
23.159,4118.2050,0
23.160,4118.5047,0
23.161,4118.8044,0
23.162,4119.1041,0
23.163,4119.4038,0
23.164,4119.7035,0
23.165,4120.0033,0
23.166,4120.3030,0
23.167,4120.6027,0
23.168,4120.9024,0
23.169,4121.2021,0
23.170,4121.5018,0
23.171,4121.8016,0
23.172,4122.1013,0
23.173,4122.4010,0
23.174,4122.7007,0
23.175,4123.0004,0
23.176,4123.3001,0
23.177,4123.5999,0
23.178,4123.8996,0
23.179,4124.1993,0
23.180,4124.4990,0
23.181,4124.7987,0
23.182,4125.0984,0
23.183,4125.3982,0
23.184,4125.6979,0
23.185,4125.9976,0
23.186,4126.2973,0
23.187,4126.5970,0
23.188,4126.8967,0
23.189,4127.1965,0
23.190,4127.4962,0
23.191,4127.7959,0
23.192,4128.0956,0
23.193,4128.3953,0
23.194,4128.6950,0
23.195,4128.9947,0
23.196,4129.2945,0
23.197,4129.5942,0
23.198,4129.8939,0
23.199,4130.1936,0
23.200,4130.4933,0
23.201,4130.7930,0
23.202,4131.0928,0
23.203,4131.3925,0
23.204,4131.6922,0
23.205,4131.9919,0
23.206,4132.2916,0
23.207,4132.5913,0
23.208,4132.8911,0
23.209,4133.1908,0
23.210,4133.4905,0
23.211,4133.7902,0
23.212,4134.0899,0
23.213,4134.3896,0
23.214,4134.6894,0
23.215,4134.9891,0
23.216,4135.2888,0
23.217,4135.5885,0
23.218,4135.8882,0
23.219,4136.1879,0
23.220,4136.4877,0
23.221,4136.7874,0
23.222,4137.0871,0
23.223,4137.3868,0
23.224,4137.6865,0
23.225,4137.9862,0
23.226,4138.2859,0
23.227,4138.5857,0
23.228,4138.8854,0
23.229,4139.1851,0
23.230,4139.4848,0
23.231,4139.7845,0
23.232,4140.0842,0
23.233,4140.3840,0
23.234,4140.6837,0
23.235,4140.9834,0
23.236,4141.2831,0
23.237,4141.5828,0
23.238,4141.8825,0
23.239,4142.1823,0
23.240,4142.4820,0
23.241,4142.7817,0
23.242,4143.0814,0
23.243,4143.3811,0
23.244,4143.6808,0
23.245,4143.9806,0
23.246,4144.2803,0
23.247,4144.5800,0
23.248,4144.8797,0
23.249,4145.1794,0
23.250,4145.4791,0
23.251,4145.7789,0
23.252,4146.0786,0
23.253,4146.3783,0
23.254,4146.6780,0
23.255,4146.9777,0
23.256,4147.2774,0
23.257,4147.5772,0
23.258,4147.8769,0
23.259,4148.1766,0
23.260,4148.4763,0
23.261,4148.7760,0
23.262,4149.0757,0
23.263,4149.3754,0
23.264,4149.6752,0
23.265,4149.9749,0
23.266,4150.2746,0
23.267,4150.5743,0
23.268,4150.8740,0
23.269,4151.1737,0
23.270,4151.4735,0
23.271,4151.7732,0
23.272,4152.0729,0
23.273,4152.3726,0
23.274,4152.6723,0
23.275,4152.9720,0
23.276,4153.2718,0
23.277,4153.5715,0
23.278,4153.8712,0
23.279,4154.1709,0
23.280,4154.4706,0
23.281,4154.7703,0
23.282,4155.0701,0
23.283,4155.3698,0
23.284,4155.6695,0
23.285,4155.9692,0
23.286,4156.2689,0
23.287,4156.5686,0
23.288,4156.8684,0
23.289,4157.1681,0
23.290,4157.4678,0
23.291,4157.7675,0
23.292,4158.0672,0
23.293,4158.3669,0
23.294,4158.6666,0
23.295,4158.9664,0
23.296,4159.2661,0
23.297,4159.5658,0
23.298,4159.8655,0
23.299,4160.1652,0
23.300,4160.4649,0
23.301,4160.7647,0
23.302,4161.0644,0
23.303,4161.3641,0
23.304,4161.6638,0
23.305,4161.9635,0
23.306,4162.2632,0
23.307,4162.5630,0
23.308,4162.8627,0
23.309,4163.1624,0
23.310,4163.4621,0
23.311,4163.7618,0
23.312,4164.0615,0
23.313,4164.3613,0
23.314,4164.6610,0
23.315,4164.9607,0
23.316,4165.2604,0
23.317,4165.5601,0
23.318,4165.8598,0
23.319,4166.1596,0
23.320,4166.4593,0
23.321,4166.7590,0
23.322,4167.0587,0
23.323,4167.3584,0
23.324,4167.6581,0
23.325,4167.9578,0
23.326,4168.2576,0
23.327,4168.5573,0
23.328,4168.8570,0
23.329,4169.1567,0
23.330,4169.4564,0
23.331,4169.7561,0
23.332,4170.0559,0
23.333,4170.3556,0
23.334,4170.6553,0
23.335,4170.9550,0
23.336,4171.2547,0
23.337,4171.5544,0
23.338,4171.8542,0
23.339,4172.1539,0
23.340,4172.4536,0
23.341,4172.7533,0
23.342,4173.0530,0
23.343,4173.3527,0
23.344,4173.6525,0
23.345,4173.9522,0
23.346,4174.2519,0
23.347,4174.5516,0
23.348,4174.8513,0
23.349,4175.1510,0
23.350,4175.4508,0
23.351,4175.7505,0
23.352,4176.0502,0
23.353,4176.3499,0
23.354,4176.6496,0
23.355,4176.9493,0
23.356,4177.2491,0
23.357,4177.5488,0
23.358,4177.8485,0
23.359,4178.1482,0
23.360,4178.4479,0
23.361,4178.7476,0
23.362,4179.0473,0
23.363,4179.3471,0
23.364,4179.6468,0
23.365,4179.9465,0
23.366,4180.2462,0
23.367,4180.5459,0
23.368,4180.8456,0
23.369,4181.1454,0
23.370,4181.4451,0
23.371,4181.7448,0
23.372,4182.0445,0
23.373,4182.3442,0
23.374,4182.6439,0
23.375,4182.9437,0
23.376,4183.2434,0
23.377,4183.5431,0
23.378,4183.8428,0
23.379,4184.1425,0
23.380,4184.4422,0
23.381,4184.7420,0
23.382,4185.0417,0
23.383,4185.3414,0
23.384,4185.6411,0
23.385,4185.9408,0
23.386,4186.2405,0
23.387,4186.5403,0
23.388,4186.8400,0
23.389,4187.1397,0
23.390,4187.4394,0
23.391,4187.7391,0
23.392,4188.0388,0
23.393,4188.3385,0
23.394,4188.6383,0
23.395,4188.9380,0
23.396,4189.2377,0
23.397,4189.5374,0
23.398,4189.8371,0
23.399,4190.1368,0
23.400,4190.4366,0
23.401,4190.7363,0
23.402,4191.0360,0
23.403,4191.3357,0
23.404,4191.6354,0
23.405,4191.9351,0
23.406,4192.2349,0
23.407,4192.5346,0
23.408,4192.8343,0
23.409,4193.1340,0
23.410,4193.4337,0
23.411,4193.7334,0
23.412,4194.0332,0
23.413,4194.3329,0
23.414,4194.6326,0
23.415,4194.9323,0
23.416,4195.2320,0
23.417,4195.5317,0
23.418,4195.8315,0
23.419,4196.1312,0
23.420,4196.4309,0
23.421,4196.7306,0
23.422,4197.0303,0
23.423,4197.3300,0
23.424,4197.6297,0
23.425,4197.9295,0
23.426,4198.2292,0
23.427,4198.5289,0
23.428,4198.8286,0
23.429,4199.1283,0
23.430,4199.4280,0
23.431,4199.7278,0
23.432,4200.0275,0
23.433,4200.3272,0
23.434,4200.6269,0
23.435,4200.9266,0
23.436,4201.2263,0
23.437,4201.5261,0
23.438,4201.8258,0
23.439,4202.1255,0
23.440,4202.4252,0
23.441,4202.7249,0
23.442,4203.0246,0
23.443,4203.3244,0
23.444,4203.6241,0
23.445,4203.9238,0
23.446,4204.2235,0
23.447,4204.5232,0
23.448,4204.8229,0
23.449,4205.1227,0
23.450,4205.4224,0
23.451,4205.7221,0
23.452,4206.0218,0
23.453,4206.3215,0
23.454,4206.6212,0
23.455,4206.9210,0
23.456,4207.2207,0
23.457,4207.5204,0
23.458,4207.8201,0
23.459,4208.1198,0
23.460,4208.4195,0
23.461,4208.7192,0
23.462,4209.0190,0
23.463,4209.3187,0
23.464,4209.6184,0
23.465,4209.9181,0
23.466,4210.2178,0
23.467,4210.5175,0
23.468,4210.8173,0
23.469,4211.1170,0
23.470,4211.4167,0
23.471,4211.7164,0
23.472,4212.0161,0
23.473,4212.3158,0
23.474,4212.6156,0
23.475,4212.9153,0
23.476,4213.2150,0
23.477,4213.5147,0
23.478,4213.8144,0
23.479,4214.1141,0
23.480,4214.4139,0
23.481,4214.7136,0
23.482,4215.0133,0
23.483,4215.3130,0
23.484,4215.6127,0
23.485,4215.9124,0
23.486,4216.2122,0
23.487,4216.5119,0
23.488,4216.8116,0
23.489,4217.1113,0
23.490,4217.4110,0
23.491,4217.7107,0
23.492,4218.0104,0
23.493,4218.3102,0
23.494,4218.6099,0
23.495,4218.9096,0
23.496,4219.2093,0
23.497,4219.5090,0
23.498,4219.8087,0
23.499,4220.1085,0
23.500,4220.4082,0
23.501,4220.7079,0
23.502,4221.0076,0
23.503,4221.3073,0
23.504,4221.6070,0
23.505,4221.9068,0
23.506,4222.2065,0
23.507,4222.5062,0
23.508,4222.8059,0
23.509,4223.1056,0
23.510,4223.4053,0
23.511,4223.7051,0
23.512,4224.0048,0
23.513,4224.3045,0
23.514,4224.6042,0
23.515,4224.9039,0
23.516,4225.2036,0
23.517,4225.5034,0
23.518,4225.8031,0
23.519,4226.1028,0
23.520,4226.4025,0
23.521,4226.7022,0
23.522,4227.0019,0
23.523,4227.3016,0
23.524,4227.6014,0
23.525,4227.9011,0
23.526,4228.2008,0
23.527,4228.5005,0
23.528,4228.8002,0
23.529,4229.0999,0
23.530,4229.3997,0
23.531,4229.6994,0
23.532,4229.9991,0
23.533,4230.2988,0
23.534,4230.5985,0
23.535,4230.8982,0
23.536,4231.1980,0
23.537,4231.4977,0
23.538,4231.7974,0
23.539,4232.0971,0
23.540,4232.3968,0
23.541,4232.6965,0
23.542,4232.9963,0
23.543,4233.2960,0
23.544,4233.5957,0
23.545,4233.8954,0
23.546,4234.1951,0
23.547,4234.4948,0
23.548,4234.7946,0
23.549,4235.0943,0
23.550,4235.3940,0
23.551,4235.6937,0
23.552,4235.9934,0
23.553,4236.2931,0
23.554,4236.5929,0
23.555,4236.8926,0
23.556,4237.1923,0
23.557,4237.4920,0
23.558,4237.7917,0
23.559,4238.0914,0
23.560,4238.3911,0
23.561,4238.6909,0
23.562,4238.9906,0
23.563,4239.2903,0
23.564,4239.5900,0
23.565,4239.8897,0
23.566,4240.1894,0
23.567,4240.4892,0
23.568,4240.7889,0
23.569,4241.0886,0
23.570,4241.3883,0
23.571,4241.6880,0
23.572,4241.9877,0
23.573,4242.2875,0
23.574,4242.5872,0
23.575,4242.8869,0
23.576,4243.1866,0
23.577,4243.4863,0
23.578,4243.7860,0
23.579,4244.0858,0
23.580,4244.3855,0
23.581,4244.6852,0
23.582,4244.9849,0
23.583,4245.2846,0
23.584,4245.5843,0
23.585,4245.8841,0
23.586,4246.1838,0
23.587,4246.4835,0
23.588,4246.7832,0
23.589,4247.0829,0
23.590,4247.3826,0
23.591,4247.6823,0
23.592,4247.9821,0
23.593,4248.2818,0
23.594,4248.5815,0
23.595,4248.8812,0
23.596,4249.1809,0
23.597,4249.4806,0
23.598,4249.7804,0
23.599,4250.0801,0
23.600,4250.3798,0
23.601,4250.6795,0
23.602,4250.9792,0
23.603,4251.2789,0
23.604,4251.5787,0
23.605,4251.8784,0
23.606,4252.1781,0
23.607,4252.4778,0
23.608,4252.7775,0
23.609,4253.0772,0
23.610,4253.3770,0
23.611,4253.6767,0
23.612,4253.9764,0
23.613,4254.2761,0
23.614,4254.5758,0
23.615,4254.8755,0
23.616,4255.1753,0
23.617,4255.4750,0
23.618,4255.7747,0
23.619,4256.0744,0
23.620,4256.3741,0
23.621,4256.6738,0
23.622,4256.9736,0
23.623,4257.2733,0
23.624,4257.5730,0
23.625,4257.8727,0
23.626,4258.1724,0
23.627,4258.4721,0
23.628,4258.7718,0
23.629,4259.0716,0
23.630,4259.3713,0
23.631,4259.6710,0
23.632,4259.9707,0
23.633,4260.2704,0
23.634,4260.5701,0
23.635,4260.8699,0
23.636,4261.1696,0
23.637,4261.4693,0
23.638,4261.7690,0
23.639,4262.0687,0
23.640,4262.3684,0
23.641,4262.6682,0
23.642,4262.9679,0
23.643,4263.2676,0
23.644,4263.5673,0
23.645,4263.8670,0
23.646,4264.1667,0
23.647,4264.4665,0
23.648,4264.7662,0
23.649,4265.0659,0
23.650,4265.3656,0
23.651,4265.6653,0
23.652,4265.9650,0
23.653,4266.2648,0
23.654,4266.5645,0
23.655,4266.8642,0
23.656,4267.1639,0
23.657,4267.4636,0
23.658,4267.7633,0
23.659,4268.0630,0
23.660,4268.3628,0
23.661,4268.6625,0
23.662,4268.9622,0
23.663,4269.2619,0
23.664,4269.5616,0
23.665,4269.8613,0
23.666,4270.1611,0
23.667,4270.4608,0
23.668,4270.7605,0
23.669,4271.0602,0
23.670,4271.3599,0
23.671,4271.6596,0
23.672,4271.9594,0
23.673,4272.2591,0
23.674,4272.5588,0
23.675,4272.8585,0
23.676,4273.1582,0
23.677,4273.4579,0
23.678,4273.7577,0
23.679,4274.0574,0
23.680,4274.3571,0
23.681,4274.6568,0
23.682,4274.9565,0
23.683,4275.2562,0
23.684,4275.5560,0
23.685,4275.8557,0
23.686,4276.1554,0
23.687,4276.4551,0
23.688,4276.7548,0
23.689,4277.0545,0
23.690,4277.3543,0
23.691,4277.6540,0
23.692,4277.9537,0
23.693,4278.2534,0
23.694,4278.5531,0
23.695,4278.8528,0
23.696,4279.1525,0
23.697,4279.4523,0
23.698,4279.7520,0
23.699,4280.0517,0
23.700,4280.3514,0
23.701,4280.6511,0
23.702,4280.9508,0
23.703,4281.2506,0
23.704,4281.5503,0
23.705,4281.8500,0
23.706,4282.1497,0
23.707,4282.4494,0
23.708,4282.7491,0
23.709,4283.0489,0
23.710,4283.3486,0
23.711,4283.6483,0
23.712,4283.9480,0
23.713,4284.2477,0
23.714,4284.5474,0
23.715,4284.8472,0
23.716,4285.1469,0
23.717,4285.4466,0
23.718,4285.7463,0
23.719,4286.0460,0
23.720,4286.3457,0
23.721,4286.6455,0
23.722,4286.9452,0
23.723,4287.2449,0
23.724,4287.5446,0
23.725,4287.8443,0
23.726,4288.1440,0
23.727,4288.4437,0
23.728,4288.7435,0
23.729,4289.0432,0
23.730,4289.3429,0
23.731,4289.6426,0
23.732,4289.9423,0
23.733,4290.2420,0
23.734,4290.5418,0
23.735,4290.8415,0
23.736,4291.1412,0
23.737,4291.4409,0
23.738,4291.7406,0
23.739,4292.0403,0
23.740,4292.3401,0
23.741,4292.6398,0
23.742,4292.9395,0
23.743,4293.2392,0
23.744,4293.5389,0
23.745,4293.8386,0
23.746,4294.1384,0
23.747,4294.4381,0
23.748,4294.7378,0
23.749,4295.0375,0
23.750,4295.3372,0
23.751,4295.6369,0
23.752,4295.9367,0
23.753,4296.2364,0
23.754,4296.5361,0
23.755,4296.8358,0
23.756,4297.1355,0
23.757,4297.4352,0
23.758,4297.7350,0
23.759,4298.0347,0
23.760,4298.3344,0
23.761,4298.6341,0
23.762,4298.9338,0
23.763,4299.2335,0
23.764,4299.5332,0
23.765,4299.8330,0
23.766,4300.1327,0
23.767,4300.4324,0
23.768,4300.7321,0
23.769,4301.0318,0
23.770,4301.3315,0
23.771,4301.6313,0
23.772,4301.9310,0
23.773,4302.2307,0
23.774,4302.5304,0
23.775,4302.8301,0
23.776,4303.1298,0
23.777,4303.4296,0
23.778,4303.7293,0
23.779,4304.0290,0
23.780,4304.3287,0
23.781,4304.6284,0
23.782,4304.9281,0
23.783,4305.2279,0
23.784,4305.5276,0
23.785,4305.8273,0
23.786,4306.1270,0
23.787,4306.4267,0
23.788,4306.7264,0
23.789,4307.0262,0
23.790,4307.3259,0
23.791,4307.6256,0
23.792,4307.9253,0
23.793,4308.2250,0
23.794,4308.5247,0
23.795,4308.8244,0
23.796,4309.1242,0
23.797,4309.4239,0
23.798,4309.7236,0
23.799,4310.0233,0
23.800,4310.3230,0
23.801,4310.6227,0
23.802,4310.9225,0
23.803,4311.2222,0
23.804,4311.5219,0
23.805,4311.8216,0
23.806,4312.1213,0
23.807,4312.4210,0
23.808,4312.7208,0
23.809,4313.0205,0
23.810,4313.3202,0
23.811,4313.6199,0
23.812,4313.9196,0
23.813,4314.2193,0
23.814,4314.5191,0
23.815,4314.8188,0
23.816,4315.1185,0
23.817,4315.4182,0
23.818,4315.7179,0
23.819,4316.0176,0
23.820,4316.3174,0
23.821,4316.6171,0
23.822,4316.9168,0
23.823,4317.2165,0
23.824,4317.5162,0
23.825,4317.8159,0
23.826,4318.1156,0
23.827,4318.4154,0
23.828,4318.7151,0
23.829,4319.0148,0
23.830,4319.3145,0
23.831,4319.6142,0
23.832,4319.9139,0
23.833,4320.2137,0
23.834,4320.5134,0
23.835,4320.8131,0
23.836,4321.1128,0
23.837,4321.4125,0
23.838,4321.7122,0
23.839,4322.0120,0
23.840,4322.3117,0
23.841,4322.6114,0
23.842,4322.9111,0
23.843,4323.2108,0
23.844,4323.5105,0
23.845,4323.8103,0
23.846,4324.1100,0
23.847,4324.4097,0
23.848,4324.7094,0
23.849,4325.0091,0
23.850,4325.3088,0
23.851,4325.6086,0
23.852,4325.9083,0
23.853,4326.2080,0
23.854,4326.5077,0
23.855,4326.8074,0
23.856,4327.1071,0
23.857,4327.4069,0
23.858,4327.7066,0
23.859,4328.0063,0
23.860,4328.3060,0
23.861,4328.6057,0
23.862,4328.9054,0
23.863,4329.2051,0
23.864,4329.5049,0
23.865,4329.8046,0
23.866,4330.1043,0
23.867,4330.4040,0
23.868,4330.7037,0
23.869,4331.0034,0
23.870,4331.3032,0
23.871,4331.6029,0
23.872,4331.9026,0
23.873,4332.2023,0
23.874,4332.5020,0
23.875,4332.8017,0
23.876,4333.1015,0
23.877,4333.4012,0
23.878,4333.7009,0
23.879,4334.0006,0
23.880,4334.3003,0
23.881,4334.6000,0
23.882,4334.8998,0
23.883,4335.1995,0
23.884,4335.4992,0
23.885,4335.7989,0
23.886,4336.0986,0
23.887,4336.3983,0
23.888,4336.6981,0
23.889,4336.9978,0
23.890,4337.2975,0
23.891,4337.5972,0
23.892,4337.8969,0
23.893,4338.1966,0
23.894,4338.4963,0
23.895,4338.7961,0
23.896,4339.0958,0
23.897,4339.3955,0
23.898,4339.6952,0
23.899,4339.9949,0
23.900,4340.2946,0
23.901,4340.5944,0
23.902,4340.8941,0
23.903,4341.1938,0
23.904,4341.4935,0
23.905,4341.7932,0
23.906,4342.0929,0
23.907,4342.3927,0
23.908,4342.6924,0
23.909,4342.9921,0
23.910,4343.2918,0
23.911,4343.5915,0
23.912,4343.8912,0
23.913,4344.1910,0
23.914,4344.4907,0
23.915,4344.7904,0
23.916,4345.0901,0
23.917,4345.3898,0
23.918,4345.6895,0
23.919,4345.9893,0
23.920,4346.2890,0
23.921,4346.5887,0
23.922,4346.8884,0
23.923,4347.1881,0
23.924,4347.4878,0
23.925,4347.7876,0
23.926,4348.0873,0
23.927,4348.3870,0
23.928,4348.6867,0
23.929,4348.9864,0
23.930,4349.2861,0
23.931,4349.5858,0
23.932,4349.8856,0
23.933,4350.1853,0
23.934,4350.4850,0
23.935,4350.7847,0
23.936,4351.0844,0
23.937,4351.3841,0
23.938,4351.6839,0
23.939,4351.9836,0
23.940,4352.2833,0
23.941,4352.5830,0
23.942,4352.8827,0
23.943,4353.1824,0
23.944,4353.4822,0
23.945,4353.7819,0
23.946,4354.0816,0
23.947,4354.3813,0
23.948,4354.6810,0
23.949,4354.9807,0
23.950,4355.2805,0
23.951,4355.5802,0
23.952,4355.8799,0
23.953,4356.1796,0
23.954,4356.4793,0
23.955,4356.7790,0
23.956,4357.0788,0
23.957,4357.3785,0
23.958,4357.6782,0
23.959,4357.9779,0
23.960,4358.2776,0
23.961,4358.5773,0
23.962,4358.8771,0
23.963,4359.1768,0
23.964,4359.4765,0
23.965,4359.7762,0
23.966,4360.0759,0
23.967,4360.3756,0
23.968,4360.6753,0
23.969,4360.9751,0
23.970,4361.2748,0
23.971,4361.5745,0
23.972,4361.8742,0
23.973,4362.1739,0
23.974,4362.4736,0
23.975,4362.7734,0
23.976,4363.0731,0
23.977,4363.3728,0
23.978,4363.6725,0
23.979,4363.9722,0
23.980,4364.2719,0
23.981,4364.5717,0
23.982,4364.8714,0
23.983,4365.1711,0
23.984,4365.4708,0
23.985,4365.7705,0
23.986,4366.0702,0
23.987,4366.3700,0
23.988,4366.6697,0
23.989,4366.9694,0
23.990,4367.2691,0
23.991,4367.5688,0
23.992,4367.8685,0
23.993,4368.1683,0
23.994,4368.4680,0
23.995,4368.7677,0
23.996,4369.0674,0
23.997,4369.3671,0
23.998,4369.6668,0
23.999,4369.9665,0
24.000,4370.2663,0
24.001,4370.5660,0
24.002,4370.8657,0
24.003,4371.1654,0
24.004,4371.4651,0
24.005,4371.7648,0
24.006,4372.0646,0
24.007,4372.3643,0
24.008,4372.6640,0
24.009,4372.9637,0
24.010,4373.2634,0
24.011,4373.5631,0
24.012,4373.8629,0
24.013,4374.1626,0
24.014,4374.4623,0
24.015,4374.7620,0
24.016,4375.0617,0
24.017,4375.3614,0
24.018,4375.6612,0
24.019,4375.9609,0
24.020,4376.2606,0
24.021,4376.5603,0
24.022,4376.8600,0
24.023,4377.1597,0
24.024,4377.4595,0
24.025,4377.7592,0
24.026,4378.0589,0
24.027,4378.3586,0
24.028,4378.6583,0
24.029,4378.9580,0
24.030,4379.2578,0
24.031,4379.5575,0
24.032,4379.8572,0
24.033,4380.1569,0
24.034,4380.4566,0
24.035,4380.7563,0
24.036,4381.0560,0
24.037,4381.3558,0
24.038,4381.6555,0
24.039,4381.9552,0
24.040,4382.2549,0
24.041,4382.5546,0
24.042,4382.8543,0
24.043,4383.1541,0
24.044,4383.4538,0
24.045,4383.7535,0
24.046,4384.0532,0
24.047,4384.3529,0
24.048,4384.6526,0
24.049,4384.9524,0
24.050,4385.2521,0
24.051,4385.5518,0
24.052,4385.8515,0
24.053,4386.1512,0
24.054,4386.4509,0
24.055,4386.7507,0
24.056,4387.0504,0
24.057,4387.3501,0
24.058,4387.6498,0
24.059,4387.9495,0
24.060,4388.2492,0
24.061,4388.5490,0
24.062,4388.8487,0
24.063,4389.1484,0
24.064,4389.4481,0
24.065,4389.7478,0
24.066,4390.0475,0
24.067,4390.3472,0
24.068,4390.6470,0
24.069,4390.9467,0
24.070,4391.2464,0
24.071,4391.5461,0
24.072,4391.8458,0
24.073,4392.1455,0
24.074,4392.4453,0
24.075,4392.7450,0
24.076,4393.0447,0
24.077,4393.3444,0
24.078,4393.6441,0
24.079,4393.9438,0
24.080,4394.2436,0
24.081,4394.5433,0
24.082,4394.8430,0
24.083,4395.1427,0
24.084,4395.4424,0
24.085,4395.7421,0
24.086,4396.0419,0
24.087,4396.3416,0
24.088,4396.6413,0
24.089,4396.9410,0
24.090,4397.2407,0
24.091,4397.5404,0
24.092,4397.8402,0
24.093,4398.1399,0
24.094,4398.4396,0
24.095,4398.7393,0
24.096,4399.0390,0
24.097,4399.3387,0
24.098,4399.6385,0
24.099,4399.9382,0
24.100,4400.2379,0
24.101,4400.5376,0
24.102,4400.8373,0
24.103,4401.1370,0
24.104,4401.4367,0
24.105,4401.7365,0
24.106,4402.0362,0
24.107,4402.3359,0
24.108,4402.6356,0
24.109,4402.9353,0
24.110,4403.2350,0
24.111,4403.5348,0
24.112,4403.8345,0
24.113,4404.1342,0
24.114,4404.4339,0
24.115,4404.7336,0
24.116,4405.0333,0
24.117,4405.3331,0
24.118,4405.6328,0
24.119,4405.9325,0
24.120,4406.2322,0
24.121,4406.5319,0
24.122,4406.8316,0
24.123,4407.1314,0
24.124,4407.4311,0
24.125,4407.7308,0
24.126,4408.0305,0
24.127,4408.3302,0
24.128,4408.6299,0
24.129,4408.9297,0
24.130,4409.2294,0
24.131,4409.5291,0
24.132,4409.8288,0
24.133,4410.1285,0
24.134,4410.4282,0
24.135,4410.7279,0
24.136,4411.0277,0
24.137,4411.3274,0
24.138,4411.6271,0
24.139,4411.9268,0
24.140,4412.2265,0
24.141,4412.5262,0
24.142,4412.8260,0
24.143,4413.1257,0
24.144,4413.4254,0
24.145,4413.7251,0
24.146,4414.0248,0
24.147,4414.3245,0
24.148,4414.6243,0
24.149,4414.9240,0
24.150,4415.2237,0
24.151,4415.5234,0
24.152,4415.8231,0
24.153,4416.1228,0
24.154,4416.4226,0
24.155,4416.7223,0
24.156,4417.0220,0
24.157,4417.3217,0
24.158,4417.6214,0
24.159,4417.9211,0
24.160,4418.2209,0
24.161,4418.5206,0
24.162,4418.8203,0
24.163,4419.1200,0
24.164,4419.4197,0
24.165,4419.7194,0
24.166,4420.0192,0
24.167,4420.3189,0
24.168,4420.6186,0
24.169,4420.9183,0
24.170,4421.2180,0
24.171,4421.5177,0
24.172,4421.8174,0
24.173,4422.1172,0
24.174,4422.4169,0
24.175,4422.7166,0
24.176,4423.0163,0
24.177,4423.3160,0
24.178,4423.6157,0
24.179,4423.9155,0
24.180,4424.2152,0
24.181,4424.5149,0
24.182,4424.8146,0
24.183,4425.1143,0
24.184,4425.4140,0
24.185,4425.7138,0
24.186,4426.0135,0
24.187,4426.3132,0
24.188,4426.6129,0
24.189,4426.9126,0
24.190,4427.2123,0
24.191,4427.5121,0
24.192,4427.8118,0
24.193,4428.1115,0
24.194,4428.4112,0
24.195,4428.7109,0
24.196,4429.0106,0
24.197,4429.3104,0
24.198,4429.6101,0
24.199,4429.9098,0
24.200,4430.2095,0
24.201,4430.5092,0
24.202,4430.8089,0
24.203,4431.1087,0
24.204,4431.4084,0
24.205,4431.7081,0
24.206,4432.0078,0
24.207,4432.3075,0
24.208,4432.6072,0
24.209,4432.9069,0
24.210,4433.2067,0
24.211,4433.5064,0
24.212,4433.8061,0
24.213,4434.1058,0
24.214,4434.4055,0
24.215,4434.7052,0
24.216,4435.0050,0
24.217,4435.3047,0
24.218,4435.6044,0
24.219,4435.9041,0
24.220,4436.2038,0
24.221,4436.5035,0
24.222,4436.8033,0
24.223,4437.1030,0
24.224,4437.4027,0
24.225,4437.7024,0
24.226,4438.0021,0
24.227,4438.3018,0
24.228,4438.6016,0
24.229,4438.9013,0
24.230,4439.2010,0
24.231,4439.5007,0
24.232,4439.8004,0
24.233,4440.1001,0
24.234,4440.3999,0
24.235,4440.6996,0
24.236,4440.9993,0
24.237,4441.2990,0
24.238,4441.5987,0
24.239,4441.8984,0
24.240,4442.1981,0
24.241,4442.4979,0
24.242,4442.7976,0
24.243,4443.0973,0
24.244,4443.3970,0
24.245,4443.6967,0
24.246,4443.9964,0
24.247,4444.2962,0
24.248,4444.5959,0
24.249,4444.8956,0
24.250,4445.1953,0
24.251,4445.4950,0
24.252,4445.7947,0
24.253,4446.0945,0
24.254,4446.3942,0
24.255,4446.6939,0
24.256,4446.9936,0
24.257,4447.2933,0
24.258,4447.5930,0
24.259,4447.8928,0
24.260,4448.1925,0
24.261,4448.4922,0
24.262,4448.7919,0
24.263,4449.0916,0
24.264,4449.3913,0
24.265,4449.6911,0
24.266,4449.9908,0
24.267,4450.2905,0
24.268,4450.5902,0
24.269,4450.8899,0
24.270,4451.1896,0
24.271,4451.4894,0
24.272,4451.7891,0
24.273,4452.0888,0
24.274,4452.3885,0
24.275,4452.6882,0
24.276,4452.9879,0
24.277,4453.2876,0
24.278,4453.5874,0
24.279,4453.8871,0
24.280,4454.1868,0
24.281,4454.4865,0
24.282,4454.7862,0
24.283,4455.0859,0
24.284,4455.3857,0
24.285,4455.6854,0
24.286,4455.9851,0
24.287,4456.2848,0
24.288,4456.5845,0
24.289,4456.8842,0
24.290,4457.1840,0
24.291,4457.4837,0
24.292,4457.7834,0
24.293,4458.0831,0
24.294,4458.3828,0
24.295,4458.6825,0
24.296,4458.9823,0
24.297,4459.2820,0
24.298,4459.5817,0
24.299,4459.8814,0
24.300,4460.1811,0
24.301,4460.4808,0
24.302,4460.7806,0
24.303,4461.0803,0
24.304,4461.3800,0
24.305,4461.6797,0
24.306,4461.9794,0
24.307,4462.2791,0
24.308,4462.5788,0
24.309,4462.8786,0
24.310,4463.1783,0
24.311,4463.4780,0
24.312,4463.7777,0
24.313,4464.0774,0
24.314,4464.3771,0
24.315,4464.6769,0
24.316,4464.9766,0
24.317,4465.2763,0
24.318,4465.5760,0
24.319,4465.8757,0
24.320,4466.1754,0
24.321,4466.4752,0
24.322,4466.7749,0
24.323,4467.0746,0
24.324,4467.3743,0
24.325,4467.6740,0
24.326,4467.9737,0
24.327,4468.2735,0
24.328,4468.5732,0
24.329,4468.8729,0
24.330,4469.1726,0
24.331,4469.4723,0
24.332,4469.7720,0
24.333,4470.0718,0
24.334,4470.3715,0
24.335,4470.6712,0
24.336,4470.9709,0
24.337,4471.2706,0
24.338,4471.5703,0
24.339,4471.8701,0
24.340,4472.1698,0
24.341,4472.4695,0
24.342,4472.7692,0
24.343,4473.0689,0
24.344,4473.3686,0
24.345,4473.6683,0
24.346,4473.9681,0
24.347,4474.2678,0
24.348,4474.5675,0
24.349,4474.8672,0
24.350,4475.1669,0
24.351,4475.4666,0
24.352,4475.7664,0
24.353,4476.0661,0
24.354,4476.3658,0
24.355,4476.6655,0
24.356,4476.9652,0
24.357,4477.2649,0
24.358,4477.5647,0
24.359,4477.8644,0
24.360,4478.1641,0
24.361,4478.4638,0
24.362,4478.7635,0
24.363,4479.0632,0
24.364,4479.3630,0
24.365,4479.6627,0
24.366,4479.9624,0
24.367,4480.2621,0
24.368,4480.5618,0
24.369,4480.8615,0
24.370,4481.1613,0
24.371,4481.4610,0
24.372,4481.7607,0
24.373,4482.0604,0
24.374,4482.3601,0
24.375,4482.6598,0
24.376,4482.9596,0
24.377,4483.2593,0
24.378,4483.5590,0
24.379,4483.8587,0
24.380,4484.1584,0
24.381,4484.4581,0
24.382,4484.7578,0
24.383,4485.0576,0
24.384,4485.3573,0
24.385,4485.6570,0
24.386,4485.9567,0
24.387,4486.2564,0
24.388,4486.5561,0
24.389,4486.8559,0
24.390,4487.1556,0
24.391,4487.4553,0
24.392,4487.7550,0
24.393,4488.0547,0
24.394,4488.3544,0
24.395,4488.6542,0
24.396,4488.9539,0
24.397,4489.2536,0
24.398,4489.5533,0
24.399,4489.8530,0
24.400,4490.1527,0
24.401,4490.4525,0
24.402,4490.7522,0
24.403,4491.0519,0
24.404,4491.3516,0
24.405,4491.6513,0
24.406,4491.9510,0
24.407,4492.2508,0
24.408,4492.5505,0
24.409,4492.8502,0
24.410,4493.1499,0
24.411,4493.4496,0
24.412,4493.7493,0
24.413,4494.0490,0
24.414,4494.3488,0
24.415,4494.6485,0
24.416,4494.9482,0
24.417,4495.2479,0
24.418,4495.5476,0
24.419,4495.8473,0
24.420,4496.1471,0
24.421,4496.4468,0
24.422,4496.7465,0
24.423,4497.0462,0
24.424,4497.3459,0
24.425,4497.6456,0
24.426,4497.9454,0
24.427,4498.2451,0
24.428,4498.5448,0
24.429,4498.8445,0
24.430,4499.1442,0
24.431,4499.4439,0
24.432,4499.7437,0
24.433,4500.0434,0
24.434,4500.3431,0
24.435,4500.6428,0
24.436,4500.9425,0
24.437,4501.2422,0
24.438,4501.5420,0
24.439,4501.8417,0
24.440,4502.1414,0
24.441,4502.4411,0
24.442,4502.7408,0
24.443,4503.0405,0
24.444,4503.3403,0
24.445,4503.6400,0
24.446,4503.9397,0
24.447,4504.2394,0
24.448,4504.5391,0
24.449,4504.8388,0
24.450,4505.1385,0
24.451,4505.4383,0
24.452,4505.7380,0
24.453,4506.0377,0
24.454,4506.3374,0
24.455,4506.6371,0
24.456,4506.9368,0
24.457,4507.2366,0
24.458,4507.5363,0
24.459,4507.8360,0
24.460,4508.1357,0
24.461,4508.4354,0
24.462,4508.7351,0
24.463,4509.0349,0
24.464,4509.3346,0
24.465,4509.6343,0
24.466,4509.9340,0
24.467,4510.2337,0
24.468,4510.5334,0
24.469,4510.8332,0
24.470,4511.1329,0
24.471,4511.4326,0
24.472,4511.7323,0
24.473,4512.0320,0
24.474,4512.3317,0
24.475,4512.6315,0
24.476,4512.9312,0
24.477,4513.2309,0
24.478,4513.5306,0
24.479,4513.8303,0
24.480,4514.1300,0
24.481,4514.4298,0
24.482,4514.7295,0
24.483,4515.0292,0
24.484,4515.3289,0
24.485,4515.6286,0
24.486,4515.9283,0
24.487,4516.2280,0
24.488,4516.5278,0
24.489,4516.8275,0
24.490,4517.1272,0
24.491,4517.4269,0
24.492,4517.7266,0
24.493,4518.0263,0
24.494,4518.3261,0
24.495,4518.6258,0
24.496,4518.9255,0
24.497,4519.2252,0
24.498,4519.5249,0
24.499,4519.8246,0
24.500,4520.1244,0
24.501,4520.4241,0
24.502,4520.7238,0
24.503,4521.0235,0
24.504,4521.3232,0
24.505,4521.6229,0
24.506,4521.9227,0
24.507,4522.2224,0
24.508,4522.5221,0
24.509,4522.8218,0
24.510,4523.1215,0
24.511,4523.4212,0
24.512,4523.7210,0
24.513,4524.0207,0
24.514,4524.3204,0
24.515,4524.6201,0
24.516,4524.9198,0
24.517,4525.2195,0
24.518,4525.5192,0
24.519,4525.8190,0
24.520,4526.1187,0
24.521,4526.4184,0
24.522,4526.7181,0
24.523,4527.0178,0
24.524,4527.3175,0
24.525,4527.6173,0
24.526,4527.9170,0
24.527,4528.2167,0
24.528,4528.5164,0
24.529,4528.8161,0
24.530,4529.1158,0
24.531,4529.4156,0
24.532,4529.7153,0
24.533,4530.0150,0
24.534,4530.3147,0
24.535,4530.6144,0
24.536,4530.9141,0
24.537,4531.2139,0
24.538,4531.5136,0
24.539,4531.8133,0
24.540,4532.1130,0
24.541,4532.4127,0
24.542,4532.7124,0
24.543,4533.0122,0
24.544,4533.3119,0
24.545,4533.6116,0
24.546,4533.9113,0
24.547,4534.2110,0
24.548,4534.5107,0
24.549,4534.8105,0
24.550,4535.1102,0
24.551,4535.4099,0
24.552,4535.7096,0
24.553,4536.0093,0
24.554,4536.3090,0
24.555,4536.6087,0
24.556,4536.9085,0
24.557,4537.2082,0
24.558,4537.5079,0
24.559,4537.8076,0
24.560,4538.1073,0
24.561,4538.4070,0
24.562,4538.7068,0
24.563,4539.0065,0
24.564,4539.3062,0
24.565,4539.6059,0
24.566,4539.9056,0
24.567,4540.2053,0
24.568,4540.5051,0
24.569,4540.8048,0
24.570,4541.1045,0
24.571,4541.4042,0
24.572,4541.7039,0
24.573,4542.0036,0
24.574,4542.3034,0
24.575,4542.6031,0
24.576,4542.9028,0
24.577,4543.2025,0
24.578,4543.5022,0
24.579,4543.8019,0
24.580,4544.1017,0
24.581,4544.4014,0
24.582,4544.7011,0
24.583,4545.0008,0
24.584,4545.3005,0
24.585,4545.6002,0
24.586,4545.9000,0
24.587,4546.1997,0
24.588,4546.4994,0
24.589,4546.7991,0
24.590,4547.0988,0
24.591,4547.3985,0
24.592,4547.6982,0
24.593,4547.9980,0
24.594,4548.2977,0
24.595,4548.5974,0
24.596,4548.8971,0
24.597,4549.1968,0
24.598,4549.4965,0
24.599,4549.7963,0
24.600,4550.0960,0
24.601,4550.3957,0
24.602,4550.6954,0
24.603,4550.9951,0
24.604,4551.2948,0
24.605,4551.5946,0
24.606,4551.8943,0
24.607,4552.1940,0
24.608,4552.4937,0
24.609,4552.7934,0
24.610,4553.0931,0
24.611,4553.3929,0
24.612,4553.6926,0
24.613,4553.9923,0
24.614,4554.2920,0
24.615,4554.5917,0
24.616,4554.8914,0
24.617,4555.1912,0
24.618,4555.4909,0
24.619,4555.7906,0
24.620,4556.0903,0
24.621,4556.3900,0
24.622,4556.6897,0
24.623,4556.9894,0
24.624,4557.2892,0
24.625,4557.5889,0
24.626,4557.8886,0
24.627,4558.1883,0
24.628,4558.4880,0
24.629,4558.7877,0
24.630,4559.0875,0
24.631,4559.3872,0
24.632,4559.6869,0
24.633,4559.9866,0
24.634,4560.2863,0
24.635,4560.5860,0
24.636,4560.8858,0
24.637,4561.1855,0
24.638,4561.4852,0
24.639,4561.7849,0
24.640,4562.0846,0
24.641,4562.3843,0
24.642,4562.6841,0
24.643,4562.9838,0
24.644,4563.2835,0
24.645,4563.5832,0
24.646,4563.8829,0
24.647,4564.1826,0
24.648,4564.4824,0
24.649,4564.7821,0
24.650,4565.0818,0
24.651,4565.3815,0
24.652,4565.6812,0
24.653,4565.9809,0
24.654,4566.2807,0
24.655,4566.5804,0
24.656,4566.8801,0
24.657,4567.1798,0
24.658,4567.4795,0
24.659,4567.7792,0
24.660,4568.0789,0
24.661,4568.3787,0
24.662,4568.6784,0
24.663,4568.9781,0
24.664,4569.2778,0
24.665,4569.5775,0
24.666,4569.8772,0
24.667,4570.1770,0
24.668,4570.4767,0
24.669,4570.7764,0
24.670,4571.0761,0
24.671,4571.3758,0
24.672,4571.6755,0
24.673,4571.9753,0
24.674,4572.2750,0
24.675,4572.5747,0
24.676,4572.8744,0
24.677,4573.1741,0
24.678,4573.4738,0
24.679,4573.7736,0
24.680,4574.0733,0
24.681,4574.3730,0
24.682,4574.6727,0
24.683,4574.9724,0
24.684,4575.2721,0
24.685,4575.5719,0
24.686,4575.8716,0
24.687,4576.1713,0
24.688,4576.4710,0
24.689,4576.7707,0
24.690,4577.0704,0
24.691,4577.3702,0
24.692,4577.6699,0
24.693,4577.9696,0
24.694,4578.2693,0
24.695,4578.5690,0
24.696,4578.8687,0
24.697,4579.1684,0
24.698,4579.4682,0
24.699,4579.7679,0
24.700,4580.0676,0
24.701,4580.3673,0
24.702,4580.6670,0
24.703,4580.9667,0
24.704,4581.2665,0
24.705,4581.5662,0
24.706,4581.8659,0
24.707,4582.1656,0
24.708,4582.4653,0
24.709,4582.7650,0
24.710,4583.0648,0
24.711,4583.3645,0
24.712,4583.6642,0
24.713,4583.9639,0
24.714,4584.2636,0
24.715,4584.5633,0
24.716,4584.8631,0
24.717,4585.1628,0
24.718,4585.4625,0
24.719,4585.7622,0
24.720,4586.0619,0
24.721,4586.3616,0
24.722,4586.6614,0
24.723,4586.9611,0
24.724,4587.2608,0
24.725,4587.5605,0
24.726,4587.8602,0
24.727,4588.1599,0
24.728,4588.4597,0
24.729,4588.7594,0
24.730,4589.0591,0
24.731,4589.3588,0
24.732,4589.6585,0
24.733,4589.9582,0
24.734,4590.2579,0
24.735,4590.5577,0
24.736,4590.8574,0
24.737,4591.1571,0
24.738,4591.4568,0
24.739,4591.7565,0
24.740,4592.0562,0
24.741,4592.3560,0
24.742,4592.6557,0
24.743,4592.9554,0
24.744,4593.2551,0
24.745,4593.5548,0
24.746,4593.8545,0
24.747,4594.1543,0
24.748,4594.4540,0
24.749,4594.7537,0
24.750,4595.0534,0
24.751,4595.3531,0
24.752,4595.6528,0
24.753,4595.9526,0
24.754,4596.2523,0
24.755,4596.5520,0
24.756,4596.8517,0
24.757,4597.1514,0
24.758,4597.4511,0
24.759,4597.7509,0
24.760,4598.0506,0
24.761,4598.3503,0
24.762,4598.6500,0
24.763,4598.9497,0
24.764,4599.2494,0
24.765,4599.5491,0
24.766,4599.8489,0
24.767,4600.1486,0
24.768,4600.4483,0
24.769,4600.7480,0
24.770,4601.0477,0
24.771,4601.3474,0
24.772,4601.6472,0
24.773,4601.9469,0
24.774,4602.2466,0
24.775,4602.5463,0
24.776,4602.8460,0
24.777,4603.1457,0
24.778,4603.4455,0
24.779,4603.7452,0
24.780,4604.0449,0
24.781,4604.3446,0
24.782,4604.6443,0
24.783,4604.9440,0
24.784,4605.2438,0
24.785,4605.5435,0
24.786,4605.8432,0
24.787,4606.1429,0
24.788,4606.4426,0
24.789,4606.7423,0
24.790,4607.0421,0
24.791,4607.3418,0
24.792,4607.6415,0
24.793,4607.9412,0
24.794,4608.2409,0
24.795,4608.5406,0
24.796,4608.8404,0
24.797,4609.1401,0
24.798,4609.4398,0
24.799,4609.7395,0
24.800,4610.0392,0
24.801,4610.3389,0
24.802,4610.6386,0
24.803,4610.9384,0
24.804,4611.2381,0
24.805,4611.5378,0
24.806,4611.8375,0
24.807,4612.1372,0
24.808,4612.4369,0
24.809,4612.7367,0
24.810,4613.0364,0
24.811,4613.3361,0
24.812,4613.6358,0
24.813,4613.9355,0
24.814,4614.2352,0
24.815,4614.5350,0
24.816,4614.8347,0
24.817,4615.1344,0
24.818,4615.4341,0
24.819,4615.7338,0
24.820,4616.0335,0
24.821,4616.3333,0
24.822,4616.6330,0
24.823,4616.9327,0
24.824,4617.2324,0
24.825,4617.5321,0
24.826,4617.8318,0
24.827,4618.1316,0
24.828,4618.4313,0
24.829,4618.7310,0
24.830,4619.0307,0
24.831,4619.3304,0
24.832,4619.6301,0
24.833,4619.9299,0
24.834,4620.2296,0
24.835,4620.5293,0
24.836,4620.8290,0
24.837,4621.1287,0
24.838,4621.4284,0
24.839,4621.7281,0
24.840,4622.0279,0
24.841,4622.3276,0
24.842,4622.6273,0
24.843,4622.9270,0
24.844,4623.2267,0
24.845,4623.5264,0
24.846,4623.8262,0
24.847,4624.1259,0
24.848,4624.4256,0
24.849,4624.7253,0
24.850,4625.0250,0
24.851,4625.3247,0
24.852,4625.6245,0
24.853,4625.9242,0
24.854,4626.2239,0
24.855,4626.5236,0
24.856,4626.8233,0
24.857,4627.1230,0
24.858,4627.4228,0
24.859,4627.7225,0
24.860,4628.0222,0
24.861,4628.3219,0
24.862,4628.6216,0
24.863,4628.9213,0
24.864,4629.2211,0
24.865,4629.5208,0
24.866,4629.8205,0
24.867,4630.1202,0
24.868,4630.4199,0
24.869,4630.7196,0
24.870,4631.0194,0
24.871,4631.3191,0
24.872,4631.6188,0
24.873,4631.9185,0
24.874,4632.2182,0
24.875,4632.5179,0
24.876,4632.8176,0
24.877,4633.1174,0
24.878,4633.4171,0
24.879,4633.7168,0
24.880,4634.0165,0
24.881,4634.3162,0
24.882,4634.6159,0
24.883,4634.9157,0
24.884,4635.2154,0
24.885,4635.5151,0
24.886,4635.8148,0
24.887,4636.1145,0
24.888,4636.4142,0
24.889,4636.7140,0
24.890,4637.0137,0
24.891,4637.3134,0
24.892,4637.6131,0
24.893,4637.9128,0
24.894,4638.2125,0
24.895,4638.5123,0
24.896,4638.8120,0
24.897,4639.1117,0
24.898,4639.4114,0
24.899,4639.7111,0
24.900,4640.0108,0
24.901,4640.3106,0
24.902,4640.6103,0
24.903,4640.9100,0
24.904,4641.2097,0
24.905,4641.5094,0
24.906,4641.8091,0
24.907,4642.1088,0
24.908,4642.4086,0
24.909,4642.7083,0
24.910,4643.0080,0
24.911,4643.3077,0
24.912,4643.6074,0
24.913,4643.9071,0
24.914,4644.2069,0
24.915,4644.5066,0
24.916,4644.8063,0
24.917,4645.1060,0
24.918,4645.4057,0
24.919,4645.7054,0
24.920,4646.0052,0
24.921,4646.3049,0
24.922,4646.6046,0
24.923,4646.9043,0
24.924,4647.2040,0
24.925,4647.5037,0
24.926,4647.8035,0
24.927,4648.1032,0
24.928,4648.4029,0
24.929,4648.7026,0
24.930,4649.0023,0
24.931,4649.3020,0
24.932,4649.6018,0
24.933,4649.9015,0
24.934,4650.2012,0
24.935,4650.5009,0
24.936,4650.8006,0
24.937,4651.1003,0
24.938,4651.4001,0
24.939,4651.6998,0
24.940,4651.9995,0
24.941,4652.2992,0
24.942,4652.5989,0
24.943,4652.8986,0
24.944,4653.1983,0
24.945,4653.4981,0
24.946,4653.7978,0
24.947,4654.0975,0
24.948,4654.3972,0
24.949,4654.6969,0
24.950,4654.9966,0
24.951,4655.2964,0
24.952,4655.5961,0
24.953,4655.8958,0
24.954,4656.1955,0
24.955,4656.4952,0
24.956,4656.7949,0
24.957,4657.0947,0
24.958,4657.3944,0
24.959,4657.6941,0
24.960,4657.9938,0
24.961,4658.2935,0
24.962,4658.5932,0
24.963,4658.8930,0
24.964,4659.1927,0
24.965,4659.4924,0
24.966,4659.7921,0
24.967,4660.0918,0
24.968,4660.3915,0
24.969,4660.6913,0
24.970,4660.9910,0
24.971,4661.2907,0
24.972,4661.5904,0
24.973,4661.8901,0
24.974,4662.1898,0
24.975,4662.4896,0
24.976,4662.7893,0
24.977,4663.0890,0
24.978,4663.3887,0
24.979,4663.6884,0
24.980,4663.9881,0
24.981,4664.2878,0
24.982,4664.5876,0
24.983,4664.8873,0
24.984,4665.1870,0
24.985,4665.4867,0
24.986,4665.7864,0
24.987,4666.0861,0
24.988,4666.3859,0
24.989,4666.6856,0
24.990,4666.9853,0
24.991,4667.2850,0
24.992,4667.5847,0
24.993,4667.8844,0
24.994,4668.1842,0
24.995,4668.4839,0
24.996,4668.7836,0
24.997,4669.0833,0
24.998,4669.3830,0
24.999,4669.6827,0
25.000,4669.9825,0
25.001,4670.2822,0
25.002,4670.5819,0
25.003,4670.8816,0
25.004,4671.1813,0
25.005,4671.4810,0
25.006,4671.7808,0
25.007,4672.0805,0
25.008,4672.3802,0
25.009,4672.6799,0
25.010,4672.9796,0
25.011,4673.2793,0
25.012,4673.5791,0
25.013,4673.8788,0
25.014,4674.1785,0
25.015,4674.4782,0
25.016,4674.7779,0
25.017,4675.0776,0
25.018,4675.3773,0
25.019,4675.6771,0
25.020,4675.9768,0
25.021,4676.2765,0
25.022,4676.5762,0
25.023,4676.8759,0
25.024,4677.1756,0
25.025,4677.4754,0
25.026,4677.7751,0
25.027,4678.0748,0
25.028,4678.3745,0
25.029,4678.6742,0
25.030,4678.9739,0
25.031,4679.2737,0
25.032,4679.5734,0
25.033,4679.8731,0
25.034,4680.1728,0
25.035,4680.4725,0
25.036,4680.7722,0
25.037,4681.0720,0
25.038,4681.3717,0
25.039,4681.6714,0
25.040,4681.9711,0
25.041,4682.2708,0
25.042,4682.5705,0
25.043,4682.8703,0
25.044,4683.1700,0
25.045,4683.4697,0
25.046,4683.7694,0
25.047,4684.0691,0
25.048,4684.3688,0
25.049,4684.6686,0
25.050,4684.9683,0
25.051,4685.2680,0
25.052,4685.5677,0
25.053,4685.8674,0
25.054,4686.1671,0
25.055,4686.4668,0
25.056,4686.7666,0
25.057,4687.0663,0
25.058,4687.3660,0
25.059,4687.6657,0
25.060,4687.9654,0
25.061,4688.2651,0
25.062,4688.5649,0
25.063,4688.8646,0
25.064,4689.1643,0
25.065,4689.4640,0
25.066,4689.7637,0
25.067,4690.0634,0
25.068,4690.3632,0
25.069,4690.6629,0
25.070,4690.9626,0
25.071,4691.2623,0
25.072,4691.5620,0
25.073,4691.8617,0
25.074,4692.1615,0
25.075,4692.4612,0
25.076,4692.7609,0
25.077,4693.0606,0
25.078,4693.3603,0
25.079,4693.6600,0
25.080,4693.9598,0
25.081,4694.2595,0
25.082,4694.5592,0
25.083,4694.8589,0
25.084,4695.1586,0
25.085,4695.4583,0
25.086,4695.7580,0
25.087,4696.0578,0
25.088,4696.3575,0
25.089,4696.6572,0
25.090,4696.9569,0
25.091,4697.2566,0
25.092,4697.5563,0
25.093,4697.8561,0
25.094,4698.1558,0
25.095,4698.4555,0
25.096,4698.7552,0
25.097,4699.0549,0
25.098,4699.3546,0
25.099,4699.6544,0
